# Blender 5.0.1
# www.blender.org
mtllib benchy_reduced.mtl
o 3DBenchy
v 6.629089 19.775591 1.249816
v 6.607810 19.508568 -1.237748
v 6.602459 19.435894 1.228604
v 6.573015 19.066971 1.088842
v 6.551728 18.791914 0.871272
v 6.533078 18.560577 0.548548
v 6.524856 18.451344 0.167268
v 6.524608 18.448442 -0.142957
v 6.532155 18.548939 -0.523530
v 6.552384 18.803869 -0.886548
v 6.580625 19.163412 -1.142095
v 6.630698 19.796545 -1.250331
v 6.671011 20.312830 -1.084914
v 6.653875 20.093075 -1.183678
v 6.687843 20.522287 -0.930585
v 6.705152 20.746552 -0.675708
v 6.716866 20.898718 -0.310598
v 6.720614 20.939310 0.033141
v 6.714838 20.866964 0.422959
v 6.701860 20.704401 0.728945
v 6.683553 20.466785 0.982584
v 6.655885 20.121651 1.177692
v 7.125557 19.713776 1.250893
v 7.145326 19.966911 1.209719
v 7.166685 20.231964 1.110750
v 7.185753 20.483095 0.930753
v 7.201725 20.679647 0.712603
v 7.212147 20.811693 0.453876
v 7.217040 20.879993 0.214239
v 7.218500 20.895651 -0.082839
v 7.214484 20.840532 -0.377097
v 7.202854 20.694149 -0.691189
v 7.186780 20.495953 -0.919041
v 7.168649 20.256880 -1.097180
v 7.138934 19.885611 -1.232259
v 7.111964 19.538012 -1.247734
v 7.084758 19.195032 -1.169119
v 7.058288 18.856499 -0.970468
v 7.041899 18.653835 -0.752164
v 7.030572 18.505144 -0.506263
v 7.022744 18.404900 -0.124437
v 7.023197 18.416656 0.189142
v 7.030921 18.510593 0.525574
v 7.051171 18.766418 0.888612
v 7.079177 19.123241 1.141982
v 7.106248 19.468054 1.237629
v 7.394660 23.133228 0.270712
v 7.393544 23.121803 -0.390173
v 6.846373 16.165646 0.304556
v 7.388492 23.057156 0.758845
v 7.379811 22.944269 1.160500
v 6.900405 16.848839 2.089223
v 7.383168 22.987360 -1.037806
v 7.343132 22.481888 2.048650
v 6.881590 16.613064 1.729409
v 6.860044 16.336123 1.121773
v 6.846995 16.175564 -0.354609
v 6.855419 16.282686 -0.935809
v 6.871439 16.482687 -1.475358
v 7.333668 22.359638 -2.212577
v 7.363290 22.730095 -1.654159
v 7.364312 22.746529 1.618186
v 7.318069 22.161663 2.432900
v 6.920745 17.112534 2.406184
v 6.954517 17.539001 2.792858
v 6.987620 17.959482 3.062950
v 6.894718 16.774897 -1.992346
v 7.301706 21.957125 -2.629123
v 7.227252 21.002462 3.231642
v 7.182714 20.437727 3.412027
v 7.278753 21.661837 2.868798
v 7.138035 19.869110 3.497779
v 7.055478 18.821890 3.402424
v 7.016689 18.335197 3.245044
v 6.922976 17.140661 -2.435731
v 7.271364 21.563328 -2.929298
v 7.092738 19.304527 3.485093
v 7.200621 20.672461 -3.348994
v 6.952426 17.511623 -2.768883
v 7.058735 18.863955 -3.412549
v 7.237423 21.130997 -3.171805
v 6.990825 18.001308 -3.090577
v 7.027170 18.464981 -3.293335
v 7.109732 19.513035 -3.505059
v 7.162679 20.178862 -3.461924
v 6.896419 23.177681 0.138737
v 6.892472 23.122271 0.637966
v 6.895130 23.162035 -0.359845
v 6.888906 23.075537 -0.853563
v 6.876629 22.919729 -1.328428
v 6.862312 22.740568 -1.698852
v 6.844487 22.513052 -2.059604
v 6.819834 22.196341 -2.437224
v 6.790159 21.825806 -2.770165
v 6.763313 21.483644 -3.002286
v 6.728289 21.037865 -3.233218
v 6.683985 20.477339 -3.411989
v 6.645833 19.992931 -3.489016
v 6.601108 19.422768 -3.494447
v 6.556532 18.858347 -3.401700
v 6.518131 18.370041 -3.243185
v 6.477648 17.850918 -2.980440
v 6.440723 17.384645 -2.631479
v 6.412755 17.027454 -2.267261
v 6.385768 16.688721 -1.795788
v 6.369030 16.477318 -1.370416
v 6.358094 16.331259 -0.961043
v 6.350529 16.242916 -0.554781
v 6.347472 16.200323 -0.138609
v 6.348977 16.216269 0.363691
v 6.357112 16.320511 0.931144
v 6.375367 16.557718 1.555035
v 6.399751 16.866829 2.062361
v 6.424843 17.180288 2.435934
v 6.453529 17.549934 2.768353
v 6.492820 18.045364 3.093088
v 6.528357 18.501198 3.292163
v 6.559931 18.899584 3.411756
v 6.604643 19.467339 3.497674
v 6.648808 20.032368 3.485249
v 6.687408 20.520216 3.401612
v 6.725304 21.000467 3.246056
v 6.766644 21.526049 2.981059
v 6.803777 21.995794 2.629417
v 6.831702 22.349836 2.268214
v 6.861794 22.733702 1.725020
v 6.882908 22.997168 1.120225
v 6.350738 16.241865 -3.618425
v 6.309366 15.715926 -3.027409
v 6.241779 14.853164 1.222059
v 6.279727 15.338661 -2.445605
v 6.259095 15.076933 -1.903945
v 6.824812 22.263504 4.290822
v 6.874417 22.897827 3.829549
v 6.290510 15.474431 2.674798
v 6.312757 15.757126 3.074611
v 6.337974 16.079199 3.451800
v 6.254992 15.025309 1.773875
v 6.271563 15.229091 2.234720
v 6.230009 14.706248 -0.262996
v 6.231814 14.727599 0.530732
v 6.983536 24.279503 -1.968579
v 6.945837 23.801607 -2.839313
v 7.002606 24.525530 -1.219259
v 7.014180 24.671690 0.264287
v 7.012550 24.650814 -0.525886
v 6.964577 24.040377 2.443730
v 6.991122 24.374844 1.728092
v 6.903894 23.264431 3.485307
v 6.934972 23.662865 3.026378
v 6.436813 17.335915 4.410739
v 6.479437 17.880482 4.661734
v 6.372561 16.514521 3.858313
v 6.402824 16.905882 4.149800
v 6.246450 14.918080 -1.453290
v 6.236963 14.791912 -0.945723
v 6.906273 23.295879 -3.454984
v 7.007537 24.585745 0.947295
v 6.771695 21.589788 -4.627014
v 6.761454 21.459539 4.678832
v 6.644495 19.975084 4.998793
v 6.439406 17.368877 -4.430761
v 6.393695 16.788836 -4.070255
v 6.534183 18.574287 -4.876050
v 6.489663 18.008394 -4.709820
v 6.871838 22.863491 -3.858308
v 6.827559 22.296398 -4.267227
v 6.531008 18.532341 4.868476
v 6.584505 19.208874 4.979206
v 6.634694 19.853119 -5.002021
v 6.580337 19.155418 -4.973818
v 6.707377 20.773767 4.883565
v 6.727736 21.037237 -4.814520
v 6.689315 20.540337 -4.928847
v 8.191022 20.500072 4.913147
v 7.437814 20.499762 4.924963
v 7.382937 19.793344 5.001952
v 7.327757 19.098055 4.973953
v 7.282308 18.516119 4.876165
v 7.237638 17.949684 4.709931
v 7.187574 17.309891 4.430775
v 7.127946 16.559284 3.948379
v 7.087971 16.054010 3.484812
v 7.057006 15.656173 3.026422
v 7.019570 15.181116 2.271492
v 6.996153 14.884161 1.537340
v 6.984102 14.732767 0.944915
v 6.977726 14.647236 0.262839
v 6.979416 14.668721 -0.531825
v 6.989625 14.794026 -1.221565
v 7.007985 15.039557 -1.968648
v 7.046107 15.517488 -2.839424
v 7.085433 16.020567 -3.452177
v 7.119825 16.455851 -3.858579
v 7.171378 17.106911 -4.321367
v 7.227620 17.821705 -4.661827
v 7.278407 18.471851 -4.868058
v 7.332054 19.152668 -4.979404
v 7.393400 19.925959 -4.997808
v 8.191047 20.500683 -4.919409
v 7.438003 20.500006 -4.923182
v 8.223796 20.919355 4.814486
v 8.260361 21.385944 4.659369
v 8.316556 22.102472 4.316932
v 8.367179 22.741039 3.861872
v 8.400851 23.173391 3.459950
v 8.441189 23.684025 2.838708
v 8.468702 24.031115 2.234317
v 8.484352 24.234545 1.774281
v 8.502176 24.458742 1.022677
v 8.508936 24.546816 0.315776
v 8.509612 24.553616 -0.264060
v 8.503787 24.480257 -0.874811
v 8.495697 24.373232 -1.351390
v 8.480426 24.183147 -1.903782
v 8.463125 23.967318 -2.358100
v 8.439648 23.662121 -2.865239
v 8.403251 23.204391 -3.427138
v 8.364717 22.709959 -3.890362
v 8.320015 22.146124 -4.284801
v 8.264575 21.438047 -4.644127
v 7.438000 20.500000 -6.113000
v 9.938000 20.500000 -6.252000
v 9.938000 20.500000 6.252000
v 7.438000 20.500000 6.113000
v 6.494000 8.500000 5.746000
v 6.494000 8.500000 -5.746000
v 4.799955 31.142963 6.245233
v 11.206000 36.613998 6.745000
v 6.603002 28.235220 6.269804
v 6.470197 28.802303 6.276831
v 5.437181 30.588665 6.267017
v -5.735179 36.613998 5.803848
v -0.044858 31.411453 5.983919
v -0.522990 31.103941 5.949011
v 6.233823 29.417974 6.280377
v 0.994948 31.841928 6.052743
v 0.381541 31.625530 6.012649
v 5.909172 29.987562 6.276465
v 4.227050 31.492735 6.223043
v 2.136947 31.996828 6.119631
v 1.551408 31.951084 6.086771
v 6.669880 27.517916 6.254640
v -2.321535 27.720152 5.760089
v -5.656263 33.605453 5.729696
v 5.183000 8.500000 5.673000
v 3.698389 31.724522 6.199833
v 2.976363 31.925493 6.165426
v -1.020531 30.668974 5.909708
v -1.455667 30.163471 5.872435
v -1.802480 29.606361 5.838470
v -2.071471 28.997288 5.807636
v -1.827000 8.500000 5.284000
v -4.999000 8.500000 5.107000
v -2.243452 28.353844 5.781030
v 11.206000 36.613998 -6.745000
v -5.735334 36.613995 -5.804018
v 6.542550 27.506676 8.551373
v 6.451084 28.321527 8.567513
v 6.301118 28.864733 8.573760
v 6.123208 29.317669 8.575234
v 5.896818 29.741276 8.574573
v 5.634659 30.135321 8.569774
v 5.331206 30.495064 8.562621
v 4.990208 30.827642 8.552213
v 4.459271 31.228054 8.533295
v 3.796874 31.577471 8.505250
v 3.179665 31.786589 8.476592
v 2.519080 31.910429 8.443232
v 1.962767 31.932409 8.413116
v 1.465102 31.897753 8.384100
v 0.906917 31.789988 8.350801
v 0.285997 31.581688 8.310653
v -0.306612 31.274124 8.269902
v -0.693039 31.006466 8.241360
v -1.122833 30.637140 8.207851
v -1.489004 30.221287 8.176133
v -1.769473 29.824703 8.150494
v -2.043493 29.315535 8.122309
v -2.274791 28.702866 8.092655
v -2.394264 28.154316 8.071747
v -2.451086 27.618696 8.054646
v 5.060000 8.500000 7.971000
v -1.956000 8.500000 7.581000
v 5.183000 8.500000 -5.673000
v 6.669679 27.564653 -6.255777
v -0.421933 31.177151 -5.956306
v 3.103733 31.894901 -6.171509
v 3.575561 31.765703 -6.193831
v -2.090717 28.941528 -5.805105
v -5.709786 35.643353 -5.780351
v -1.744167 29.723715 -5.844743
v 4.003605 31.600687 -6.213133
v 5.766348 30.189512 -6.273881
v 6.028603 29.795134 -6.278446
v -1.255661 30.416092 -5.890117
v 6.246670 29.384975 -6.280221
v 6.458494 28.840120 -6.277143
v -0.859405 30.821110 -5.922529
v 0.587887 31.707150 -6.026059
v 1.032413 31.849529 -6.054832
v 1.681963 31.970917 -6.094473
v -4.999000 8.500000 -5.107000
v -1.827000 8.500000 -5.284000
v -2.323083 27.678415 -5.758920
v 0.148682 31.516737 -5.997203
v 4.586603 31.288059 -6.237352
v 5.118377 30.887566 -6.256391
v 5.462960 30.551138 -6.267224
v 6.594425 28.284424 -6.270601
v -2.251737 28.310369 -5.779425
v 2.442350 31.988213 -6.136901
v -2.449543 27.660089 -8.055822
v -2.372482 28.286598 -8.076557
v -2.231861 28.834362 -8.098503
v -2.022783 29.360083 -8.124723
v -1.690357 29.951097 -8.158370
v -1.213449 30.544922 -8.200318
v -0.647712 31.045731 -8.244775
v -0.094822 31.396069 -8.284896
v 0.330785 31.596260 -8.313165
v 0.785847 31.756775 -8.343038
v 1.424850 31.894745 -8.381747
v 1.992055 31.932760 -8.414765
v 2.576788 31.903723 -8.446232
v 3.224695 31.774435 -8.478863
v 3.767886 31.587118 -8.503957
v 4.351900 31.294533 -8.528684
v 4.814692 30.970711 -8.546299
v 5.175005 30.657427 -8.557894
v 5.494482 30.309546 -8.567183
v 5.777280 29.933861 -8.572453
v 6.067001 29.434320 -8.575233
v 6.318230 28.825981 -8.573795
v 6.474869 28.182650 -8.565256
v 6.542826 27.460171 -8.550216
v -1.956000 8.500000 -7.581000
v 5.060000 8.500000 -7.971000
v 1.782079 33.426758 -8.442172
v 2.449085 33.421829 -8.478760
v 6.176672 31.775545 -8.642962
v 6.704035 31.198038 -8.656866
v 4.741255 32.789906 -8.589923
v 5.493651 32.336849 -8.619798
v -0.120954 33.035027 -8.326382
v 0.590164 33.257042 -8.371817
v 1.235822 33.380035 -8.410764
v 6.633000 9.396000 -8.081000
v 6.193249 8.789962 -8.041492
v -3.454000 8.500000 -7.498000
v -3.947794 27.754847 -7.975421
v 8.036072 27.297726 -8.628813
v 7.739313 29.289154 -8.664749
v 7.879446 28.781960 -8.659238
v 7.997910 28.120438 -8.648699
v 7.080066 30.677999 -8.664613
v 7.452839 30.013485 -8.667349
v -1.549024 32.241741 -8.226179
v -0.912291 32.660755 -8.272438
v -2.205638 31.679541 -8.174967
v -3.564314 29.556755 -8.043832
v -3.299474 30.166122 -8.074282
v -2.844087 30.918787 -8.119495
v -3.854892 28.500324 -7.999558
v -3.730046 29.054178 -8.021352
v 6.011765 8.646172 -8.026943
v 3.210663 33.316948 -8.518935
v 3.945866 33.122417 -8.554485
v 5.667286 8.510623 -8.004510
v 6.651000 9.422000 -7.783000
v -3.931415 27.662527 -7.672906
v -3.833142 28.573793 -7.702561
v -3.569858 29.515024 -7.741887
v -3.209688 30.313164 -7.782752
v -2.677645 31.132978 -7.833519
v -2.009963 31.855675 -7.889602
v -1.409421 32.339481 -7.936348
v -0.949329 32.633133 -7.969078
v -0.462702 32.888252 -8.002504
v 0.157111 33.134277 -8.043870
v 0.786086 33.306683 -8.082860
v 1.646279 33.433086 -8.134168
v 2.516344 33.423782 -8.182522
v 3.065197 33.353519 -8.210442
v 3.695400 33.213818 -8.242725
v 4.413953 32.955467 -8.275671
v 5.194456 32.556866 -8.308651
v 5.991938 31.966700 -8.337300
v 6.539071 31.420933 -8.352874
v 7.061997 30.747601 -8.364968
v 7.444448 30.064569 -8.368085
v 7.702138 29.462332 -8.366701
v 7.914573 28.715027 -8.358353
v 8.019140 28.068130 -8.347280
v 8.053734 27.343994 -8.330480
v -3.437000 8.500000 -7.198000
v 6.185058 8.796714 -10.353739
v 6.007352 8.651535 -10.326877
v 5.886409 8.587716 -10.315183
v 5.793733 8.550542 -10.288201
v 6.268963 8.883690 -10.289265
v 10.074969 14.266568 -8.099857
v 10.072354 14.265656 -11.475770
v 8.990725 12.736630 -11.338847
v 5.599658 8.509229 -10.314212
v 6.149261 8.826335 -10.548538
v 5.658809 8.973755 -11.057315
v 5.890240 8.888692 -10.904680
v 6.010099 8.882909 -10.811006
v 6.050073 8.814636 -10.685506
v 5.515172 8.502179 -10.297805
v 5.692167 8.524867 -10.328414
v 5.572963 8.526014 -10.441241
v 5.596170 8.566170 -10.568882
v 5.618566 8.643803 -10.727304
v 5.622422 8.705465 -10.817953
v 5.647252 8.790006 -10.912158
v 6.108455 8.722346 -10.312144
v 5.764372 8.890406 -10.970455
v 5.942063 8.706648 -10.628797
v 6.065612 8.739696 -10.519440
v 5.916515 8.635059 -10.483943
v 5.772682 8.637600 -10.646359
v 5.779685 8.733439 -10.800070
v 5.884384 8.775589 -10.787123
v 5.779938 8.582465 -10.496078
v 10.193214 14.389552 -8.109865
v 10.164674 14.365651 -11.460605
v 10.325356 14.489577 -8.119858
v 10.242037 14.436523 -11.499279
v 10.376333 14.522136 -11.417862
v 10.481071 14.569028 -8.130349
v 10.522667 14.586912 -11.365774
v 9.221434 14.105186 -12.298411
v 9.512962 14.529564 -12.326327
v 9.516381 13.744309 -11.907825
v 9.998285 14.326176 -11.841459
v 10.036538 14.282401 -11.694070
v 8.852095 13.570945 -12.248209
v 8.683177 13.176652 -12.164002
v 8.509083 13.185974 -12.222265
v 7.876774 12.139720 -12.025085
v 7.477139 11.588283 -11.910692
v 7.107268 10.980221 -11.741701
v 6.858625 10.679161 -11.665343
v 6.620898 10.384031 -11.582459
v 6.293953 9.888237 -11.410302
v 5.913750 9.331529 -11.201464
v 9.164340 13.763644 -12.196702
v 8.716426 13.000902 -12.064275
v 8.238581 12.435326 -12.019670
v 7.810611 11.811654 -11.895500
v 7.458377 11.230236 -11.733773
v 6.904218 10.509912 -11.555839
v 6.458887 9.793602 -11.292186
v 6.143896 9.413182 -11.174222
v 9.148809 13.510798 -12.076832
v 8.219657 12.163963 -11.871134
v 7.838414 11.623149 -11.761022
v 6.922553 10.316900 -11.408927
v 8.875410 12.817728 -11.789910
v 8.225645 11.986851 -11.726791
v 8.113729 11.708166 -11.567907
v 7.606946 11.027598 -11.445439
v 6.975885 10.122519 -11.169406
v 6.455845 9.496436 -11.040130
v 6.561585 9.460180 -10.862473
v 8.715806 12.379082 -11.419343
v 8.052455 11.410345 -11.129098
v 7.326259 10.387893 -10.875556
v 6.246154 8.880932 -10.413363
v 7.471869 11.000776 -11.555321
v 8.745275 12.817759 -11.925678
v 9.456067 13.833509 -12.042558
v 6.987179 10.259298 -11.305563
v 7.346844 10.522902 -11.155372
v 7.935196 11.389833 -11.425735
v 8.565681 12.250781 -11.557188
v 9.391842 13.430747 -11.732448
v 6.689561 9.546333 -10.757556
v 8.051837 11.476941 -11.328855
v 9.207383 13.113238 -11.608249
v 7.466502 10.629251 -11.074121
v 10.579957 15.314089 -12.198148
v 10.442680 15.107366 -12.172654
v 10.524192 14.984637 -12.067779
v 10.532228 14.798961 -11.892132
v 10.470617 14.865832 -11.999076
v 10.517897 14.698993 -11.754823
v 10.506136 14.641750 -11.642056
v 10.541527 14.613302 -11.501663
v 10.200723 15.242010 -12.298112
v 10.010763 15.032915 -12.304545
v 9.701509 14.771238 -12.332745
v 10.120417 14.948680 -12.234833
v 10.078748 14.822868 -12.194868
v 9.787326 14.666205 -12.264077
v 10.319681 14.897842 -12.112696
v 10.207270 14.764832 -12.082464
v 9.843924 14.581354 -12.193467
v 10.028282 14.629893 -12.104523
v 9.864141 14.453514 -12.106366
v 10.362341 14.727016 -11.934773
v 10.169765 14.607050 -11.968214
v 9.950458 14.399700 -11.983628
v 10.409153 14.562670 -11.558593
v 10.274463 14.507352 -11.674209
v 10.148436 14.405682 -11.689919
v 10.088832 14.308312 -11.585824
v 10.290642 14.590074 -11.816173
v 10.152864 14.486431 -11.833367
v 23.121378 18.824759 -5.417356
v 23.458017 18.811295 -5.018950
v 23.414156 18.691656 -4.943520
v 23.460531 18.612238 -4.758743
v 22.978304 18.473740 -5.222202
v 23.390409 18.539261 -4.709397
v 23.345097 18.486631 -4.636654
v 23.262245 18.422533 -4.538257
v 23.185978 18.385521 -4.472238
v 11.314614 15.580976 -12.020462
v 12.010534 15.713752 -11.804017
v 11.228838 15.420931 -12.006507
v 12.531552 15.897831 -11.650843
v 13.028978 16.045961 -11.487354
v 13.628566 16.211935 -11.273647
v 14.409737 16.422012 -10.970251
v 15.209768 16.662643 -10.638632
v 15.861362 16.871254 -10.349434
v 16.294088 16.971510 -10.136278
v 17.193319 17.247578 -9.683105
v 18.086645 17.491873 -9.183535
v 18.519203 17.587420 -8.920732
v 18.929605 17.733753 -8.675339
v 19.379045 17.829573 -8.379628
v 20.181742 18.054087 -7.830703
v 20.177525 18.151896 -7.865224
v 20.636599 18.162350 -7.495663
v 21.180977 18.520321 -7.151020
v 21.426489 18.480062 -6.928267
v 22.035761 18.664177 -6.438427
v 22.534565 18.800409 -6.010347
v 22.845343 18.878614 -5.734090
v 11.639636 14.922286 -11.078253
v 13.380833 15.442946 -10.492959
v 14.838603 15.885300 -9.997776
v 15.169111 15.978374 -9.734428
v 17.616186 16.713568 -8.584886
v 20.003923 17.429575 -7.077187
v 21.535387 17.887650 -5.896659
v 23.255159 18.402363 -4.316692
v 21.415682 17.864162 -6.129960
v 19.425182 17.268019 -7.586293
v 18.101833 16.877672 -8.449163
v 15.835011 16.198320 -9.647193
v 12.991944 15.346565 -10.785637
v 11.791303 14.986742 -11.161261
v 22.599724 18.243324 -5.250906
v 21.702076 17.974436 -6.025331
v 20.385513 17.581852 -7.045400
v 19.401318 17.287714 -7.728950
v 17.402351 16.689995 -8.938358
v 14.318050 15.767134 -10.388660
v 21.352213 17.915022 -6.453150
v 18.462675 17.031887 -8.400908
v 16.579050 16.469755 -9.448283
v 15.576078 16.189064 -9.977142
v 13.443339 15.535844 -10.801479
v 11.878282 15.051572 -11.273082
v 22.369232 18.229170 -5.631382
v 20.569380 17.694725 -7.077766
v 19.465485 17.350088 -7.814844
v 17.590866 16.804588 -8.987465
v 14.559487 15.903316 -10.447160
v 12.746191 15.363657 -11.116040
v 11.709188 15.051062 -11.431665
v 20.032610 17.576986 -7.548062
v 19.190701 17.326357 -8.113710
v 18.150265 17.019398 -8.759630
v 16.680006 16.555433 -9.515312
v 13.611870 15.666763 -10.894590
v 22.004631 18.205463 -6.111893
v 20.947393 17.893446 -6.957031
v 16.940435 16.700308 -9.488558
v 15.970510 16.419483 -9.980313
v 14.926531 16.078663 -10.405730
v 12.211936 15.295910 -11.427686
v 11.298018 15.022954 -11.689150
v 19.850412 17.591953 -7.782374
v 18.747379 17.295156 -8.535468
v 17.960857 17.030304 -8.966467
v 15.457912 16.316650 -10.277033
v 14.096537 15.882071 -10.805880
v 12.897080 15.554244 -11.269752
v 22.627499 18.493090 -5.709420
v 21.860439 18.266672 -6.365396
v 20.926254 17.978277 -7.090179
v 19.586712 17.589804 -8.049371
v 17.688351 17.028288 -9.207428
v 16.709991 16.745893 -9.735150
v 14.420504 16.065466 -10.768414
v 13.616659 15.826119 -11.075336
v 11.995181 15.348515 -11.616072
v 20.608402 17.958048 -7.393546
v 18.290462 17.275898 -8.924909
v 16.218065 16.665945 -10.033068
v 15.423460 16.426971 -10.399118
v 13.271091 15.794175 -11.255491
v 11.336602 15.226334 -11.860169
v 22.352713 18.527992 -6.056662
v 21.291899 18.253468 -6.951038
v 20.122484 17.900517 -7.804010
v 19.438745 17.674183 -8.250826
v 18.640818 17.443569 -8.757067
v 17.055496 16.945208 -9.634048
v 14.343503 16.177567 -10.900838
v 12.485897 15.595021 -11.540433
v 17.837564 17.268091 -9.264441
v 16.890539 17.014477 -9.789991
v 15.913523 16.704544 -10.257886
v 15.243177 16.524643 -10.568888
v 14.338990 16.259544 -10.946880
v 13.102638 15.893181 -11.402095
v 12.144311 15.609786 -11.710864
v 11.293494 15.322731 -11.937200
v 22.135706 18.575085 -6.308407
v 0.087097 8.580660 -11.032525
v -0.672386 8.535754 -10.859200
v 0.294960 8.645410 -11.162827
v 0.239419 8.755315 -11.309197
v -0.060864 8.818294 -11.358832
v -0.255567 9.013022 -11.489506
v 5.113443 8.947535 -11.145152
v 4.693468 8.994349 -11.241174
v 4.071375 9.002267 -11.333658
v 3.379229 9.083121 -11.456131
v 3.711471 8.884489 -11.300742
v 2.894077 8.986937 -11.444935
v 2.457668 9.066390 -11.517395
v 2.004792 9.010206 -11.510144
v 1.419411 8.949155 -11.488190
v 1.296798 9.075887 -11.561062
v 0.415457 9.002969 -11.514453
v 0.960969 8.520643 -10.864707
v 1.491467 8.500806 -10.719929
v 2.590771 8.513803 -10.780973
v 4.225636 8.501450 -10.503095
v 4.184309 8.522799 -10.667251
v 0.698704 8.882524 -11.438444
v 1.687850 8.853662 -11.413757
v 2.844309 8.864924 -11.363304
v 4.434472 8.823347 -11.156370
v 1.191938 8.751533 -11.319092
v 2.216919 8.776672 -11.319918
v 3.408751 8.736011 -11.188381
v 2.132754 8.697605 -11.232176
v 4.621646 8.687347 -10.969807
v 1.189787 8.649118 -11.183082
v 3.424204 8.649699 -11.067450
v 2.230360 8.606378 -11.078577
v 4.318916 8.606256 -10.884597
v 1.227588 8.570716 -11.027808
v 3.202284 8.568634 -10.928217
v 4.644310 8.566551 -10.741961
v 2.526008 8.541841 -10.901879
v -25.949629 8.550292 -8.216265
v -0.741688 8.577747 -10.970318
v -25.964518 8.601603 -8.342647
v -0.956337 8.629371 -11.056501
v -26.124016 8.783476 -8.585030
v -26.180771 8.915759 -8.693894
v -15.627906 9.073238 -9.908137
v -1.025365 9.033891 -11.444660
v -0.790500 8.505453 -10.690862
v -0.471197 8.672767 -11.164991
v -1.001710 8.739085 -11.210288
v -1.075044 8.827645 -11.294441
v -0.291331 8.904522 -11.418036
v -0.979724 8.921363 -11.378247
v 25.112982 19.451580 -3.407727
v 25.045980 19.209648 -3.290171
v 25.008120 19.127928 -3.229086
v 24.703051 18.849792 -3.003420
v 24.764290 18.889542 -3.072763
v 25.093670 19.475389 -3.450100
v 24.938126 19.295109 -3.581343
v 24.935984 19.214512 -3.495079
v 24.537706 18.955849 -3.891925
v 24.396734 18.931694 -4.102673
v 24.252005 18.830122 -4.148349
v 23.669367 18.968679 -4.918281
v 23.504776 18.935835 -5.055140
v 23.592829 19.010786 -5.010684
v 23.736938 18.548409 -4.057623
v 23.785889 18.919392 -4.778939
v 23.529257 18.512634 -4.391549
v 23.645449 18.591627 -4.464043
v 23.907578 18.889709 -4.637525
v 23.982000 18.765932 -4.399548
v 24.013058 18.695932 -4.198864
v 24.035822 18.875862 -4.492360
v 23.578756 18.741131 -4.807031
v 23.830492 18.779997 -4.590421
v 23.593174 18.836670 -4.890954
v 24.229218 18.887611 -4.279695
v 23.975967 18.639940 -4.053616
v 24.209898 18.749142 -4.003239
v 24.057686 18.650587 -3.880118
v 24.481884 18.884506 -3.837647
v 24.553675 19.002295 -3.943511
v 24.387222 18.803806 -3.800453
v 24.222258 18.717632 -3.831082
v 24.105806 18.657419 -3.656676
v 24.735729 19.116541 -3.766376
v 24.759329 19.072632 -3.640405
v 24.680412 18.975069 -3.610525
v 24.760250 18.955387 -3.353134
v 24.474766 18.798100 -3.501453
v 24.317787 18.725523 -3.501080
v 24.815271 19.044712 -3.462568
v 24.710337 18.908985 -3.320976
v 25.113981 19.363766 -3.344156
v 24.679695 18.832531 -2.911761
v 24.590162 18.802925 -2.900368
v 24.870649 18.951624 -3.071898
v 25.009731 19.049324 -3.074085
v 27.125103 20.152908 -0.902416
v 26.742630 19.940105 -1.385866
v 26.076145 19.270676 -1.417367
v 27.408514 19.919569 -0.220277
v 27.531038 20.223675 -0.280435
v 27.504622 20.122347 -0.260180
v 27.454760 20.021009 -0.257950
v 27.265139 19.725943 -0.140147
v 27.374458 19.837585 -0.149280
v 27.005030 19.538181 -0.001201
v 26.925610 19.506002 0.002277
v 25.431107 19.629662 -3.077587
v 25.363792 19.084328 -2.442092
v 25.958178 19.794676 -2.447934
v 25.462639 19.184671 -2.544169
v 26.152393 19.432913 -1.782742
v 26.157722 19.275038 -1.082845
v 25.534834 19.281710 -2.610324
v 25.953444 19.292953 -1.833216
v 25.912775 19.483719 -2.279718
v 26.440880 19.631258 -1.589709
v 25.574169 19.488451 -2.802785
v 26.431198 19.925156 -1.841592
v 26.581879 19.478745 -0.993338
v 26.121214 19.680500 -2.152185
v 26.719112 19.818193 -1.330294
v 26.698349 19.601782 -1.064304
v 26.985945 19.795565 -0.842786
v 27.265507 21.094570 -4.872429
v 25.407536 22.181065 -3.663784
v 23.268677 19.311405 -5.425488
v 23.484468 19.085531 -5.145620
v 23.353888 19.207832 -5.312007
v 24.925261 19.018818 -6.998665
v 23.158350 19.475897 -5.574929
v 24.694914 19.413385 -7.320900
v 23.043528 19.719278 -5.743870
v 22.931881 20.097204 -5.927449
v 22.981348 19.902819 -5.842049
v 24.618698 19.613218 -7.434226
v 24.553839 19.878784 -7.547966
v 22.907574 20.241919 -5.977337
v 22.886745 20.460072 -6.035514
v 24.515619 20.182478 -7.638127
v 22.881598 20.673035 -6.073528
v 24.509712 20.427713 -7.683217
v 22.896406 20.935545 -6.099167
v 24.527306 20.716265 -7.708572
v 22.933893 21.188768 -6.098745
v 24.695263 21.402647 -7.637932
v 24.575462 21.000221 -7.701406
v 23.001657 21.469110 -6.068885
v 24.630785 21.210882 -7.676867
v 23.113897 21.774117 -5.997527
v 24.834867 21.713131 -7.539803
v 23.245100 22.033564 -5.899775
v 23.450800 22.326876 -5.731802
v 25.050499 22.033632 -7.366406
v 25.171804 22.170757 -7.260665
v 23.614355 22.494480 -5.589186
v 25.334267 22.316748 -7.116848
v 23.739693 22.597111 -5.476373
v 23.844906 22.669720 -5.378668
v 25.481136 22.418350 -6.981422
v 25.656342 22.507658 -6.815131
v 25.817602 22.560596 -6.659844
v 24.192276 22.816517 -5.045905
v 24.022491 22.760221 -5.211760
v 26.011492 22.588947 -6.462671
v 24.366488 22.843185 -4.870738
v 24.551144 22.838209 -4.679535
v 26.146873 22.585421 -6.321797
v 26.273148 22.566822 -6.187573
v 26.424864 22.519789 -6.021367
v 24.670345 22.814499 -4.551328
v 26.580641 22.438210 -5.846939
v 24.864056 22.744970 -4.337851
v 26.682974 22.366858 -5.727162
v 26.798239 22.260931 -5.588427
v 25.086723 22.595627 -4.077651
v 25.245783 22.428099 -3.881324
v 26.898729 22.142666 -5.460866
v 25.338240 22.298653 -3.760112
v 27.080286 21.837795 -5.213273
v 27.005714 21.982622 -5.320891
v 27.153700 21.647917 -5.098497
v 27.189209 21.536375 -5.041432
v 25.511860 21.937695 -3.507126
v 25.569782 21.745405 -3.409374
v 25.599863 21.594093 -3.345156
v 27.238195 21.303951 -4.943315
v 25.631681 21.363888 -3.263930
v 27.270079 20.785164 -4.806495
v 25.636818 21.057060 -3.195857
v 27.248945 20.518131 -4.775672
v 25.610683 20.747704 -3.161171
v 25.556742 20.468103 -3.158635
v 27.198639 20.236958 -4.773911
v 27.145678 20.041153 -4.791042
v 25.493649 20.252892 -3.179742
v 27.085789 19.863821 -4.820463
v 25.439573 20.099529 -3.205219
v 27.025417 19.721989 -4.851486
v 25.319891 19.835413 -3.278351
v 26.897387 19.467094 -4.937420
v 25.219503 19.656246 -3.351583
v 26.708155 19.189285 -5.086329
v 26.527710 18.991793 -5.240406
v 26.333860 18.833059 -5.421202
v 26.193256 18.747351 -5.558307
v 26.090979 18.699432 -5.660022
v 25.965557 18.656969 -5.789288
v 25.864267 18.631260 -5.894821
v 25.626348 18.620686 -6.156398
v 25.505234 18.639099 -6.291745
v 25.360886 18.686699 -6.459706
v 25.237947 18.746168 -6.606826
v 25.085182 18.854216 -6.792568
v 24.790100 19.213715 -7.180562
v 24.788801 18.137968 -6.894232
v 25.218079 17.903362 -6.372252
v 25.009514 17.992586 -6.621479
v 24.993692 18.402863 -6.765889
v 24.659210 18.253799 -7.060982
v 24.533642 18.391624 -7.224716
v 24.205315 18.934818 -7.679906
v 27.707073 20.295174 -4.147611
v 23.989988 19.682182 -8.035705
v 24.707775 22.632542 -7.729001
v 27.686449 21.781273 -4.479970
v 27.759060 20.681843 -4.174479
v 27.770729 20.939756 -4.216321
v 27.769459 21.132965 -4.260126
v 27.756907 21.337837 -4.314576
v 27.739391 21.476841 -4.361063
v 27.640741 21.957993 -4.564340
v 27.555059 22.210335 -4.707155
v 27.423162 22.484375 -4.896704
v 27.330132 22.634211 -5.023064
v 27.251614 22.746740 -5.126414
v 27.118368 22.901630 -5.293617
v 26.924234 23.074654 -5.527641
v 26.792049 23.162510 -5.678658
v 26.879824 23.105293 -5.577523
v 26.659689 23.234612 -5.828123
v 26.533730 23.286892 -5.966981
v 26.380539 23.329872 -6.133335
v 26.257351 23.353315 -6.260866
v 26.083937 23.363001 -6.440461
v 25.820393 23.339064 -6.704232
v 25.688208 23.307692 -6.833427
v 25.293901 23.136129 -7.208138
v 25.165579 23.055954 -7.325276
v 25.151968 22.836277 -7.329360
v 25.008757 22.936594 -7.466436
v 24.818026 22.756062 -7.633635
v 24.566010 22.445200 -7.845234
v 24.384403 22.151674 -7.989359
v 24.461565 22.285873 -7.929927
v 24.280558 21.943651 -8.066787
v 24.201311 21.756184 -8.122461
v 24.092106 21.432432 -8.188542
v 24.009781 21.093861 -8.226515
v 23.958744 20.731705 -8.227850
v 23.939037 20.438349 -8.204476
v 23.939131 20.223366 -8.173303
v 23.944078 20.084280 -8.146785
v 23.961769 19.883259 -8.096408
v 24.058191 19.364653 -7.911991
v 24.114029 19.176199 -7.819397
v 24.353889 18.645920 -7.467950
v 24.437502 18.517355 -7.350934
v 25.444798 17.855118 -6.110787
v 25.687483 17.850288 -5.838098
v 25.938602 17.892462 -5.566740
v 26.108047 17.951406 -5.390672
v 26.249153 18.015322 -5.247457
v 26.432947 18.124506 -5.067395
v 26.530645 18.191574 -4.976264
v 26.666296 18.304384 -4.848848
v 26.788555 18.421267 -4.739056
v 26.872169 18.509602 -4.666634
v 27.140478 18.852949 -4.447516
v 27.211319 18.966242 -4.396762
v 27.341263 19.203106 -4.305933
v 27.428608 19.384109 -4.250755
v 27.509861 19.584139 -4.206139
v 27.585329 19.801804 -4.172433
v 27.645361 20.013439 -4.153257
v 24.359297 20.817398 -7.878772
v 24.666143 21.943392 -7.719522
v 25.490396 23.236992 -7.026191
v 26.656759 22.921808 -5.809231
v 27.440498 20.941648 -4.632545
v 27.012413 19.270466 -4.742168
v 26.497879 18.671055 -5.180057
v 24.387009 19.491142 -7.630975
v 25.978529 18.339476 -5.676534
v 25.324318 23.264454 -6.767966
v 27.521818 20.704443 -3.990992
v 27.537161 21.015549 -4.039904
v 27.523069 21.374409 -4.131361
v 27.502808 21.532602 -4.183789
v 27.465853 21.748755 -4.267585
v 27.407703 21.991404 -4.377610
v 27.297577 22.295431 -4.553996
v 27.175697 22.541328 -4.732950
v 27.111141 22.644009 -4.817432
v 27.033789 22.755589 -4.920093
v 26.876932 22.932066 -5.115009
v 26.735628 23.062490 -5.285174
v 26.642706 23.130161 -5.399137
v 26.464685 23.235909 -5.595509
v 26.366989 23.281078 -5.705514
v 26.073456 23.360840 -6.019628
v 25.800323 23.371868 -6.300467
v 25.577400 23.341024 -6.522722
v 25.024878 23.108315 -7.046952
v 24.808437 22.948086 -7.243978
v 24.543901 22.690483 -7.474638
v 24.377256 22.479729 -7.612594
v 24.252754 22.284006 -7.713007
v 24.156149 22.110098 -7.787418
v 24.059896 21.904455 -7.859272
v 23.933121 21.573725 -7.941726
v 23.813179 21.109152 -7.998970
v 23.858236 21.311678 -7.980991
v 23.764229 20.804468 -8.005985
v 23.742777 20.504051 -7.985099
v 23.739702 20.293839 -7.956285
v 23.745808 20.126688 -7.924977
v 23.766062 19.898415 -7.868076
v 23.821280 19.566330 -7.758821
v 23.912386 19.221224 -7.601223
v 24.049688 18.888063 -7.397223
v 24.153528 18.696028 -7.252149
v 24.218016 18.595575 -7.162666
v 24.348623 18.424919 -6.986230
v 24.493465 18.275845 -6.798285
v 24.619247 18.172890 -6.640849
v 24.793112 18.062494 -6.425268
v 24.957668 17.989941 -6.227656
v 25.051847 17.957663 -6.117519
v 25.320063 17.916079 -5.809278
v 25.478430 17.920486 -5.636296
v 25.865742 18.012541 -5.220712
v 25.665009 17.950960 -5.433509
v 26.047907 18.099529 -5.038325
v 26.249010 18.223728 -4.842730
v 26.453846 18.385229 -4.651788
v 26.621979 18.550791 -4.502942
v 26.748549 18.698027 -4.395086
v 26.913494 18.924555 -4.263987
v 27.084644 19.213312 -4.140505
v 27.188288 19.428169 -4.075118
v 27.284246 19.663265 -4.022188
v 27.379534 19.945641 -3.982452
v 27.478958 20.372850 -3.966297
v 27.534496 20.226898 0.275477
v 27.582067 20.233803 0.167580
v 27.071600 19.580160 0.083992
v 27.157026 19.626196 0.058090
v 27.244640 19.709049 0.140008
v 27.381699 19.845499 0.145932
v 27.381701 19.884636 0.221397
v 27.452169 19.996973 0.236377
v 27.514957 20.099047 0.217419
v 27.329142 19.764223 0.046721
v 27.482777 19.983406 0.133197
v 27.067179 19.575392 -0.075468
v 27.178839 19.642067 -0.066139
v 27.311811 19.747574 -0.040748
v 27.431528 19.879196 -0.001412
v 27.485947 19.978115 -0.110086
v 27.531948 20.062458 -0.110847
v 27.586468 20.168768 -0.017771
v 27.576212 20.209303 -0.159744
v 27.575312 20.150539 0.082226
v 27.506611 19.996376 0.030196
v 27.648043 20.430490 -0.058824
v 28.204817 25.282255 -0.327189
v 28.057219 23.360685 -0.295843
v 27.669106 20.856997 0.285974
v 27.636162 20.693878 -0.282103
v 27.785999 21.437735 0.278953
v 27.777637 21.434496 -0.293586
v 27.940859 22.388664 0.282642
v 27.943802 22.406654 -0.283401
v 28.071960 23.333101 0.266440
v 28.118338 23.927324 0.291464
v 28.119244 23.933941 -0.290698
v 28.176308 24.443680 0.273838
v 28.159615 24.450220 -0.300920
v 28.215643 25.365616 0.316044
v 28.253752 25.973331 0.305491
v 28.255476 25.973648 -0.302635
v 28.295258 26.651121 0.285596
v 27.835041 21.472868 0.183710
v 27.979864 22.364988 0.180290
v 28.253489 25.019457 0.193260
v 28.320009 25.938505 0.137202
v 28.120319 23.395418 0.155232
v 28.300835 25.336826 0.060745
v 28.228386 24.336159 0.063532
v 28.145523 23.479694 0.066033
v 28.052988 22.713259 0.064239
v 27.973204 22.131790 0.026633
v 27.865168 21.487770 0.033054
v 27.710775 20.715551 0.059614
v 28.363911 26.618311 0.002048
v 28.302099 25.361687 -0.063936
v 28.228237 24.335636 -0.063570
v 28.110321 23.161371 -0.068594
v 27.816462 21.247055 -0.075703
v 28.355799 26.625519 -0.095139
v 27.957369 22.160259 -0.157999
v 28.334862 26.628977 -0.185750
v 28.261847 25.136999 -0.190903
v 28.160656 23.871933 -0.184301
v 28.071791 23.081041 -0.190654
v 27.814398 21.366858 -0.179166
v 27.676006 20.667776 -0.177990
v 25.170576 19.471563 3.338796
v 25.078009 19.329035 3.367317
v 25.114649 19.254015 3.236659
v 25.001179 19.110788 3.213162
v 24.961565 19.017447 3.084165
v 24.900974 18.943441 2.972764
v 24.745892 18.856815 2.900832
v 24.699924 18.835611 2.772103
v 25.689215 19.720358 2.779674
v 26.219349 19.844255 2.106792
v 26.551985 20.002501 1.696220
v 26.538843 19.882263 1.662374
v 27.122938 20.129835 0.893684
v 25.951462 19.221981 1.491768
v 25.948215 19.257862 1.715508
v 26.612505 19.457279 0.826039
v 26.854675 19.482622 0.088263
v 25.752388 19.575354 2.613876
v 27.045435 19.985825 0.932783
v 26.213881 19.633499 1.966339
v 26.882538 19.828850 1.070316
v 25.794527 19.436184 2.412813
v 26.610760 19.655596 1.322157
v 25.612858 19.275175 2.464589
v 26.303026 19.484180 1.598209
v 26.894487 19.657772 0.782855
v 25.863565 19.286264 2.006529
v 26.598398 19.504341 1.032107
v 23.398617 18.680429 4.947394
v 23.358809 18.558580 4.805492
v 23.277386 18.451494 4.643072
v 23.306883 18.424545 4.408936
v 24.460737 18.957855 4.037771
v 24.582485 19.017759 3.917597
v 24.703787 19.094912 3.796870
v 24.855354 19.216190 3.654202
v 25.013668 19.378748 3.515041
v 25.175758 19.588896 3.384513
v 24.324476 18.909863 4.181452
v 24.235138 18.889442 4.272299
v 24.088150 18.827517 4.367126
v 24.027056 18.874907 4.500615
v 23.873333 18.894669 4.676593
v 24.443228 18.761402 3.261140
v 24.198227 18.685507 3.542518
v 23.932051 18.608471 3.938329
v 23.301308 18.416765 4.276009
v 24.194223 18.684940 3.625792
v 24.730078 18.874174 3.091908
v 24.202656 18.703791 3.809847
v 23.895191 18.617655 4.126944
v 24.405903 18.785631 3.658250
v 23.678373 18.961857 4.906248
v 24.762184 18.928726 3.258237
v 24.194313 18.737537 3.999757
v 23.927715 18.659626 4.226550
v 24.835497 19.006073 3.320408
v 24.477360 18.864006 3.788406
v 24.336172 18.808939 3.939992
v 23.821936 18.663891 4.396722
v 23.563402 18.628368 4.659046
v 23.549223 18.911322 4.994234
v 24.958338 19.162411 3.378671
v 24.810032 19.082928 3.551348
v 23.892199 18.730764 4.443568
v 23.549940 18.698027 4.784197
v 23.496120 18.980217 5.090243
v 24.490828 18.919033 3.907629
v 24.117805 18.772079 4.226986
v 23.636436 18.748888 4.754617
v 23.478081 18.824934 5.004158
v 23.515306 19.062304 5.106313
v 23.871565 18.804974 4.578747
v 23.676443 18.839306 4.812029
v 23.473059 18.502556 4.460273
v 23.485048 18.553177 4.600120
v 10.957720 15.418162 12.101214
v 10.992949 15.117393 11.945605
v 11.629888 15.084731 11.550379
v 11.715289 15.016779 11.355721
v 11.435607 15.516483 11.963247
v 12.175292 15.764201 11.756701
v 12.816319 16.099943 11.586059
v 13.870850 16.292459 11.187787
v 13.238587 16.011402 11.386397
v 14.542958 16.465052 10.917624
v 15.045324 16.657963 10.719807
v 15.069486 16.541866 10.672744
v 15.623368 16.796129 10.457454
v 16.030703 16.935860 10.274317
v 16.507334 17.032547 10.031374
v 17.313322 17.276445 9.617233
v 17.931093 17.454973 9.274279
v 18.523869 17.649168 8.933931
v 18.466619 17.541224 8.939026
v 19.272442 17.834246 8.457208
v 19.845280 17.969103 8.069671
v 20.427975 18.143448 7.664261
v 21.209332 18.415545 7.097356
v 22.018280 18.649719 6.450375
v 22.392935 18.694468 6.111647
v 22.827892 18.800446 5.716697
v 22.845076 18.943192 5.752013
v 11.478038 15.371281 11.883494
v 12.368687 15.667483 11.638216
v 13.361157 15.889907 11.269113
v 14.350791 16.253424 10.938396
v 15.721113 16.614059 10.330750
v 16.497368 16.889406 9.982593
v 17.469942 17.172651 9.476604
v 18.257771 17.334181 8.991562
v 19.233990 17.689100 8.427651
v 20.347633 17.946512 7.632643
v 21.147430 18.206711 7.059184
v 21.475496 18.353088 6.829879
v 22.220980 18.493002 6.171988
v 23.119478 18.855572 5.438935
v 11.800677 15.360684 11.727037
v 12.839129 15.635168 11.381231
v 14.132093 16.037357 10.929680
v 15.087857 16.332825 10.550491
v 16.012905 16.534264 10.072133
v 16.831902 16.879433 9.751784
v 16.931240 16.773252 9.585932
v 17.703846 17.044413 9.210049
v 18.867580 17.442009 8.570195
v 19.705048 17.688900 8.025203
v 20.593832 17.892031 7.350122
v 21.763096 18.232838 6.441342
v 22.723957 18.520685 5.623597
v 23.113110 18.700392 5.333469
v 11.398241 15.101096 11.718585
v 12.351295 15.393238 11.448686
v 13.584268 15.756280 11.028779
v 14.858025 16.129316 10.527465
v 16.388298 16.539211 9.773733
v 18.322569 17.149622 8.772944
v 19.471989 17.507774 8.070733
v 20.305689 17.701525 7.426377
v 21.086067 17.913073 6.818909
v 22.058216 18.222919 6.069104
v 22.912024 18.474049 5.313376
v 12.263328 15.216193 11.265255
v 13.151919 15.524391 11.048746
v 13.995995 15.801064 10.777577
v 14.323850 15.832328 10.541072
v 15.280284 16.164755 10.226363
v 16.411381 16.456465 9.618384
v 17.436632 16.801210 9.151823
v 18.386465 17.082237 8.606532
v 19.407290 17.393576 7.977751
v 20.141304 17.565655 7.386593
v 21.991962 18.121861 5.968495
v 22.869707 18.384508 5.197789
v 13.498462 15.549113 10.775107
v 14.813416 15.913734 10.180768
v 15.568171 16.168167 9.933502
v 16.521053 16.424400 9.392890
v 17.729280 16.796303 8.789952
v 18.653442 17.092945 8.298490
v 19.209822 17.229660 7.853045
v 20.684706 17.697638 6.915972
v 21.525707 17.924549 6.176753
v 22.562191 18.233711 5.293702
v 12.107915 15.081987 11.071482
v 13.384130 15.445898 10.540276
v 13.803814 15.601958 10.544841
v 14.966503 15.932228 9.999271
v 16.637018 16.424612 9.161049
v 17.540876 16.691801 8.648934
v 18.948160 17.115269 7.825726
v 20.538641 17.606462 6.835398
v 22.017010 18.035782 5.559073
v 14.735988 15.849767 9.980398
v 20.571970 17.600050 6.665400
v 11.829219 14.976710 10.934096
v 22.944401 21.242270 6.095732
v 24.536066 20.767122 7.710824
v 24.169132 22.811113 5.067882
v 25.930487 22.582218 6.544459
v 25.410431 22.173964 3.660852
v 27.248920 21.237738 4.918899
v 26.873508 19.426588 4.954981
v 25.244059 19.699680 3.332941
v 25.384853 19.965242 3.236372
v 27.023092 19.716211 4.852430
v 25.495966 20.252176 3.179165
v 27.128103 19.990452 4.797269
v 27.205944 20.272081 4.772461
v 25.583513 20.581591 3.157779
v 25.614388 20.786180 3.162921
v 27.253050 20.560780 4.780001
v 27.268709 20.766212 4.803952
v 25.636230 21.047234 3.194616
v 27.271418 20.945257 4.836984
v 25.633018 21.308582 3.250441
v 25.618441 21.480677 3.303323
v 25.566294 21.754314 3.413194
v 27.203636 21.474051 5.013275
v 25.510193 21.942179 3.508838
v 27.175640 21.584919 5.066232
v 27.076784 21.844744 5.218950
v 27.007751 21.977173 5.315906
v 26.940998 22.087723 5.405598
v 25.260927 22.408981 3.861981
v 25.333055 22.304516 3.765234
v 26.799210 22.259569 5.586293
v 26.674089 22.374826 5.737170
v 24.996223 22.664761 4.185370
v 25.101629 22.580976 4.060370
v 26.498692 22.485754 5.940291
v 24.820744 22.763323 4.386197
v 26.360432 22.542854 6.094459
v 24.682520 22.813179 4.537886
v 26.242373 22.572481 6.222484
v 26.103689 22.589130 6.367630
v 24.472782 22.844440 4.761246
v 24.343048 22.840324 4.893379
v 25.712925 22.529482 6.760180
v 23.989859 22.745592 5.241491
v 23.831377 22.662157 5.392251
v 25.488569 22.423262 6.975054
v 25.307325 22.295563 7.142020
v 23.602217 22.483778 5.600427
v 25.183552 22.181776 7.251733
v 23.489349 22.368820 5.698565
v 25.019337 21.993696 7.391732
v 23.331911 22.169096 5.831250
v 24.884281 21.794672 7.501427
v 23.173233 21.901052 5.955092
v 24.799603 21.638777 7.565471
v 24.713663 21.448521 7.625411
v 23.069622 21.665960 6.027254
v 22.987360 21.416143 6.075914
v 24.638420 21.239231 7.671950
v 24.580460 21.015541 7.700265
v 22.895277 20.921705 6.097744
v 24.513208 20.544136 7.696968
v 22.881308 20.668116 6.075615
v 22.885565 20.458448 6.036093
v 24.510588 20.223879 7.647806
v 22.926893 20.127367 5.936828
v 24.551765 19.887821 7.551477
v 24.618755 19.610172 7.433182
v 22.975441 19.924248 5.852302
v 24.684994 19.430853 7.332362
v 23.055408 19.689447 5.725680
v 23.133131 19.524229 5.611749
v 24.781857 19.232430 7.191549
v 23.243097 19.344118 5.459152
v 24.898172 19.054564 7.033502
v 25.010935 18.922131 6.886691
v 23.377968 19.182316 5.281740
v 25.226774 18.753174 6.619574
v 25.153971 18.802378 6.708457
v 25.370827 18.682428 6.449922
v 25.544104 18.632093 6.249586
v 25.833817 18.617588 5.926867
v 25.838741 18.629147 5.922255
v 25.991207 18.662098 5.763141
v 26.206903 18.754848 5.544539
v 26.387728 18.870632 5.369455
v 26.569025 19.034105 5.204666
v 26.738581 19.227127 5.061412
v 27.694735 21.737148 4.463574
v 27.318470 22.653837 5.041530
v 27.222113 22.783077 5.162493
v 26.956488 23.048317 5.489555
v 26.792122 23.162664 5.679060
v 23.975901 20.872236 8.231519
v 24.547237 18.375214 7.206947
v 25.257477 17.893974 6.327152
v 25.529964 17.848368 6.012362
v 26.465219 18.146240 5.038353
v 26.844994 18.480963 4.690353
v 27.604084 19.865412 4.165671
v 27.656397 20.063692 4.151744
v 27.710070 20.307972 4.147683
v 27.762890 20.728083 4.179877
v 27.496052 19.554104 4.214487
v 27.405216 19.336807 4.266062
v 27.298733 19.122381 4.337079
v 27.208111 18.966738 4.397250
v 27.136343 18.853466 4.451621
v 26.963209 18.614035 4.591789
v 26.672543 18.312319 4.843605
v 26.330627 18.354122 5.272885
v 26.256685 18.023857 5.239367
v 25.967846 17.903648 5.537882
v 26.104048 17.952444 5.395521
v 25.818138 17.868069 5.698922
v 25.672255 17.849815 5.854172
v 25.159187 17.928139 6.442686
v 24.986723 18.006634 6.650111
v 24.746235 18.176620 6.950446
v 24.663187 18.823360 7.212548
v 24.238283 18.865879 7.632720
v 24.351992 18.649893 7.470511
v 24.031199 19.477089 7.958551
v 24.133305 19.121080 7.788828
v 23.983286 19.739456 8.052618
v 23.955284 19.973497 8.121499
v 23.940384 20.177401 8.165215
v 23.940763 20.510887 8.212797
v 24.019056 21.122248 8.220421
v 24.067493 21.332500 8.200033
v 24.164595 21.650028 8.144997
v 24.242065 21.847977 8.092847
v 24.372587 22.129490 7.998617
v 24.588402 22.477989 7.827593
v 24.511421 22.364113 7.889500
v 24.819241 22.756577 7.634652
v 25.076960 22.988636 7.406639
v 25.198278 23.076681 7.296659
v 25.419155 23.201405 7.093575
v 25.589987 23.274414 6.929189
v 25.757650 23.325182 6.766385
v 26.012503 23.361612 6.512143
v 26.213451 23.356220 6.306118
v 26.372511 23.330677 6.140149
v 26.527378 23.287310 5.973278
v 27.400431 22.521011 4.927556
v 27.575893 22.146345 4.669766
v 27.470375 22.396198 4.831351
v 27.663324 21.867868 4.521749
v 27.745186 21.434416 4.346629
v 27.771288 21.043730 4.240619
v 27.456741 21.364477 4.691492
v 25.884731 22.927387 6.617543
v 24.711916 21.694540 7.655497
v 24.499500 19.166864 7.454185
v 25.230955 18.687550 6.600612
v 27.296535 19.791088 4.537548
v 24.990402 23.087303 7.079399
v 27.525240 20.739115 3.994092
v 27.535891 21.156116 4.071274
v 27.510878 21.476168 4.164525
v 27.466024 21.753281 4.268054
v 27.403446 22.006348 4.386711
v 27.289404 22.314758 4.565711
v 27.172638 22.543837 4.733008
v 27.085291 22.687006 4.852288
v 26.803335 23.007751 5.205170
v 26.588478 23.166002 5.458959
v 26.466564 23.232821 5.593121
v 26.298552 23.303732 5.779508
v 26.156631 23.343386 5.934410
v 25.851227 23.376484 6.249401
v 25.545301 23.334618 6.554236
v 25.346245 23.273436 6.746551
v 24.770412 22.916321 7.277973
v 24.559193 22.707689 7.461433
v 24.316704 22.390732 7.661997
v 24.152649 22.104883 7.790445
v 24.066324 21.918983 7.853692
v 23.954973 21.642448 7.928376
v 23.867979 21.347240 7.977086
v 23.813623 21.110594 7.998877
v 23.768595 20.840357 8.007384
v 23.739841 20.430395 7.977703
v 23.742306 20.210630 7.941596
v 23.754761 20.024351 7.902114
v 23.763996 19.921427 7.873781
v 23.786951 19.746641 7.822408
v 23.853317 19.425451 7.698757
v 23.939104 19.150436 7.561670
v 24.023277 18.942888 7.435361
v 24.166695 18.672474 7.231965
v 24.334970 18.440575 7.004467
v 24.473696 18.293682 6.823232
v 24.595074 18.190565 6.669547
v 24.773331 18.073195 6.451199
v 25.021807 17.965704 6.152460
v 25.108475 17.944622 6.052325
v 25.451477 17.916012 5.664854
v 25.311924 17.916059 5.818875
v 25.769285 17.978096 5.321668
v 26.207230 18.192932 4.883309
v 26.024445 18.086252 5.062591
v 26.395103 18.333652 4.705470
v 26.677128 18.612293 4.453540
v 26.896473 18.896780 4.276461
v 27.036627 19.127188 4.175111
v 27.231449 19.529028 4.050883
v 27.147488 19.339039 4.100398
v 27.316414 19.750557 4.008151
v 27.375252 19.931446 3.985750
v 27.428600 20.126966 3.971349
v 27.480551 20.378315 3.966255
v 10.530050 14.589000 11.361947
v 10.446807 14.555936 11.393125
v 10.322458 14.489700 11.436790
v 9.867892 14.948796 12.327220
v 10.189685 14.390599 11.464266
v 10.074050 14.267846 11.475636
v 9.520362 14.532450 12.324519
v 9.649173 14.489593 12.259392
v 9.735720 14.422258 12.179838
v 9.804475 14.366424 12.098892
v 9.884394 14.304709 11.974945
v 9.947782 14.266451 11.851316
v 10.003702 14.263631 11.736368
v 10.030704 14.239039 11.607640
v 9.957330 14.443221 12.014639
v 10.038155 14.429665 11.912609
v 9.707451 14.771275 12.330623
v 10.152732 14.382094 11.610894
v 9.964006 14.567092 12.107038
v 9.830740 14.757248 12.279780
v 10.100197 14.394362 11.768705
v 9.890603 14.673229 12.216141
v 10.155624 14.628354 12.002175
v 10.202497 14.573939 11.896526
v 10.261291 14.528863 11.746081
v 10.294362 14.493752 11.585820
v 10.208041 14.767486 12.083194
v 10.121342 14.856285 12.190655
v 10.395553 14.669788 11.824852
v 10.354990 14.720964 11.932944
v 10.392109 14.552137 11.561704
v 10.397968 15.250987 12.239614
v 10.233448 15.015816 12.216432
v 10.393739 14.607778 11.718092
v 10.432425 14.953959 12.090591
v 10.524418 14.610521 11.517335
v 10.519449 14.855680 11.962445
v 10.519958 15.133326 12.154862
v 10.543789 14.667254 11.667068
v 10.560746 14.753781 11.811432
v 5.806218 8.926274 10.979345
v 6.007995 8.887015 10.816893
v 6.053014 8.811015 10.677037
v 6.241720 8.880929 10.426793
v 6.288023 9.894112 11.414456
v 8.911859 13.583510 12.235050
v 9.019416 14.031953 12.334924
v 8.429068 12.949353 12.167091
v 8.110002 12.522385 12.104457
v 7.850866 12.113848 12.021594
v 7.501983 11.646998 11.928961
v 7.299747 11.150987 11.761093
v 6.909645 10.775622 11.698637
v 6.649881 10.403976 11.584664
v 6.055977 9.543061 11.282726
v 5.899472 9.307751 11.190655
v 6.137140 8.806288 10.534595
v 6.689574 9.546351 10.757562
v 6.561590 9.460186 10.862475
v 7.346843 10.522900 11.155372
v 7.935197 11.389835 11.425735
v 8.051837 11.476943 11.328857
v 8.565677 12.250778 11.557190
v 9.281710 13.268319 11.706597
v 5.916176 8.921522 10.916599
v 6.319257 9.669812 11.272723
v 6.511126 9.674491 11.164467
v 6.922550 10.316896 11.408926
v 6.904217 10.509909 11.555838
v 7.678077 11.420656 11.728529
v 7.810608 11.811647 11.895498
v 8.275538 12.363730 11.961276
v 8.716430 13.000910 12.064277
v 9.148814 13.510802 12.076832
v 9.292183 13.889459 12.187519
v 5.669010 8.975589 11.056294
v 9.030203 12.792686 11.346334
v 8.069324 11.435435 11.139145
v 7.425917 10.521006 10.859473
v 6.266243 8.880790 10.292202
v 7.038228 9.992703 10.798993
v 8.715829 12.379114 11.419348
v 9.415366 13.373400 11.562385
v 7.466515 10.629269 11.074124
v 6.777232 9.856492 11.097013
v 7.606949 11.027603 11.445440
v 8.215075 11.885123 11.638741
v 8.875405 12.817719 11.789907
v 9.439048 13.636259 11.899268
v 6.987179 10.259300 11.305564
v 7.471870 11.000779 11.555322
v 8.153273 11.967054 11.777601
v 8.745292 12.817783 11.925682
v 9.448751 13.827332 12.044962
v 8.335125 12.632977 12.071155
v 9.329017 14.153721 12.277193
v 10.435382 14.551224 8.127423
v 10.241707 14.430346 8.113664
v 10.092401 14.289886 8.101576
v 6.651000 9.422000 7.783000
v 6.633000 9.396000 8.081000
v 6.246404 8.853797 8.045708
v 5.625908 8.506874 8.002059
v 5.539848 8.502709 10.293630
v 5.669871 8.519002 10.303833
v 5.800653 8.553226 10.292218
v 5.864993 8.575590 8.017713
v 6.006438 8.650409 10.319217
v 6.081895 8.694713 8.032310
v 6.112193 8.723885 10.279925
v 6.183759 8.795870 10.356386
v 8.052293 27.289448 8.329314
v 8.036989 27.342730 8.630036
v -0.169035 33.012325 8.322859
v -0.784342 32.730824 8.281407
v -1.330714 32.395950 8.241966
v -1.781762 32.058498 8.208397
v -2.326105 31.550623 8.164730
v 1.177402 33.371986 8.407356
v 0.431460 33.217861 8.361731
v 4.688790 32.816055 8.587806
v 3.879527 33.144341 8.551441
v 3.159398 33.327129 8.516397
v 2.387775 33.425770 8.475585
v 1.743482 33.424995 8.439949
v -3.454000 8.500000 7.498000
v -3.946532 27.746397 7.975249
v 6.051311 31.888391 8.639109
v 5.440605 32.373943 8.617864
v 8.000053 28.080017 8.647693
v 7.869642 28.839724 8.660271
v -3.620165 29.406998 8.036729
v -3.826968 28.664663 8.005469
v -2.808130 30.965033 8.122858
v -3.103756 30.512529 8.093812
v -3.367092 30.023817 8.066964
v 7.641447 29.565506 8.666468
v 7.427415 30.056652 8.666993
v 7.164707 30.542812 8.665973
v 6.856299 30.999023 8.660188
v 6.502721 31.434828 8.652311
v 8.031449 27.921915 8.344197
v 7.947870 28.562828 8.356201
v 7.756388 29.296953 8.365175
v 7.554279 29.825764 8.368095
v 7.322873 30.302797 8.367309
v 7.031975 30.780613 8.364486
v 6.703525 31.227419 8.357286
v 6.258891 31.716173 8.345295
v 5.848292 32.082520 8.332416
v 5.247314 32.524063 8.310743
v 4.375985 32.974216 8.273916
v 3.745379 33.195332 8.245238
v 3.217344 33.326794 8.218210
v 2.570247 33.419331 8.185374
v 1.708743 33.437103 8.137752
v 0.844575 33.319080 8.086423
v 0.212471 33.152390 8.047419
v -0.305610 32.956505 8.013131
v -0.797422 32.720314 7.979976
v -1.447692 32.314873 7.933548
v -2.113639 31.757565 7.881535
v -2.630951 31.183666 7.837695
v -3.014583 30.642815 7.802059
v -3.328699 30.076176 7.769510
v -3.583971 29.469122 7.739928
v -3.820538 28.637951 7.704893
v -3.932337 27.669613 7.673083
v -3.437000 8.500000 7.198000
v 5.689507 8.814926 10.927166
v 5.632095 8.694550 10.802218
v 5.567454 8.526523 10.446863
v 5.599678 8.567580 10.570405
v 5.910414 8.599491 10.323212
v 5.663984 8.626893 10.682590
v 5.883626 8.614833 10.466235
v 6.067626 8.709044 10.413982
v 6.008802 8.711273 10.548201
v 5.789238 8.709190 10.758762
v 5.922215 8.740664 10.708028
v 5.737745 8.550251 10.410467
v 5.856678 8.650471 10.599770
v 5.808417 8.792047 10.855034
v 5.761981 8.591393 10.538332
v 0.029951 8.807035 11.351871
v 0.007978 8.705714 11.238127
v 0.387043 8.646443 11.167583
v 0.196043 8.545486 10.938696
v 0.644194 8.507325 10.779395
v 5.181057 8.985814 11.155215
v 4.557216 9.006011 11.269022
v 3.485107 9.016152 11.409828
v 2.844951 9.005032 11.459416
v 1.997379 9.019971 11.515931
v 1.578670 8.998949 11.516411
v 0.821146 9.015237 11.528461
v 0.152765 8.941850 11.467224
v 0.265652 9.058776 11.537970
v 4.447750 8.503859 10.514997
v 2.568926 8.501308 10.663680
v 2.537592 8.517634 10.808589
v 1.204749 8.531748 10.908002
v 4.308180 8.539721 10.715134
v 1.288560 8.569551 11.025333
v 2.411266 8.569772 10.988134
v 3.954485 8.568776 10.847133
v 3.264386 8.602934 10.997807
v 5.008482 8.599122 10.756525
v 1.491106 8.650152 11.181724
v 2.655811 8.644904 11.123406
v 4.405411 8.639854 10.929685
v 3.714584 8.668227 11.063659
v 0.903112 8.754640 11.322867
v 1.835860 8.748489 11.304340
v 2.678094 8.743574 11.257497
v 3.770907 8.739030 11.154006
v 5.006577 8.747218 10.985070
v 0.898569 8.875211 11.436468
v 1.610776 8.864367 11.422447
v 2.428005 8.869365 11.394032
v 3.057571 8.864666 11.345991
v 3.920191 8.888552 11.278893
v 4.922633 8.865327 11.115026
v -0.428824 9.030443 11.489661
v -25.911877 8.518102 8.087127
v -25.993771 8.630865 8.394395
v -26.078882 8.719756 8.519043
v -26.213518 9.055247 8.773707
v -26.151979 8.926580 8.704545
v -26.148699 8.813361 8.611242
v -25.936312 8.550848 8.220849
v -25.978951 8.586207 8.308208
v -0.795660 8.521198 10.785893
v -25.786484 8.500679 7.972445
v -1.201290 9.037358 11.428038
v -0.839943 8.889443 11.369472
v -0.827899 8.775084 11.266893
v -0.889075 8.698541 11.168150
v -0.797639 8.629001 11.072496
v -0.932374 8.562000 10.914199
v 0.010682 8.580817 11.025929
v -0.580074 8.501459 10.661478
v 28.290535 26.650293 -0.293701
v 28.343058 26.709816 0.238719
v 28.324633 26.685932 -0.251985
v 28.392975 26.748631 -0.191599
v 28.422626 26.763823 0.151096
v 28.469448 26.800440 0.128318
v 28.508396 26.829586 0.122608
v 28.523865 26.830093 -0.076106
v 28.371460 26.671360 -0.093339
v 28.367256 26.698854 -0.165541
v 28.462042 26.791130 -0.116970
v 28.613022 26.873402 0.033069
v 28.562933 26.849863 0.050739
v 28.639719 26.883406 0.003031
v 28.374926 26.702364 0.148081
v 28.325283 26.638842 0.213456
v 28.350107 26.626743 0.128176
v 28.473372 26.787933 0.027383
v 28.415985 26.733938 0.063710
v 28.380402 26.683231 0.078974
v 28.371241 26.651842 0.000030
v 28.422619 26.740223 -0.040522
v 28.601748 26.871674 -0.064278
v 27.775164 26.607229 -1.149217
v 19.236313 23.909605 -9.020668
v 19.435631 24.029684 -8.913578
v 19.431513 24.071453 -8.952571
v 19.262789 24.050684 -9.101988
v 19.425844 24.119860 -9.069382
v 19.749460 24.066227 -8.688204
v 20.420002 24.281216 -8.229637
v 20.878296 24.402731 -7.901554
v 21.381960 24.551868 -7.524515
v 21.823004 24.686365 -7.182831
v 22.429018 24.868769 -6.693079
v 22.912582 25.014656 -6.280977
v 23.317245 25.142414 -5.926530
v 23.965738 25.349583 -5.329563
v 24.646114 25.547472 -4.664846
v 25.376719 25.769535 -3.907658
v 25.648668 25.844456 -3.611374
v 26.503407 26.101927 -2.631245
v 27.123140 26.292902 -1.869857
v 27.554644 26.441826 -1.314167
v 27.599056 26.413189 -1.248712
v 27.980570 26.553270 -0.731419
v 21.667662 24.701874 -7.325405
v 22.497599 24.951221 -6.657053
v 23.341866 25.210083 -5.926873
v 24.928570 25.684261 -4.399139
v 25.292330 25.812681 -4.033487
v 26.174677 26.062820 -3.043811
v 27.051289 26.325933 -1.987110
v 20.695059 24.419979 -8.063492
v 24.207014 25.496340 -5.146666
v 27.795898 26.577225 -1.042493
v 20.797812 24.494118 -8.028980
v 21.820435 24.801346 -7.260729
v 23.141388 25.198315 -6.159475
v 25.656424 25.953428 -3.681427
v 25.881224 26.036757 -3.463315
v 26.624895 26.256672 -2.590012
v 27.398327 26.480267 -1.608329
v 19.946070 24.256836 -8.658094
v 24.216066 25.538845 -5.201874
v 24.794083 25.712717 -4.630216
v 21.125177 24.617912 -7.848576
v 22.910946 25.160069 -6.439526
v 27.593092 26.568842 -1.482378
v 26.134260 26.131599 -3.274902
v 24.465580 25.631083 -5.039374
v 22.347643 24.996555 -6.965356
v 20.405903 24.413744 -8.414165
v 17.138876 23.272919 -10.238820
v 18.535000 23.696537 -9.454036
v 17.827049 23.484486 -9.865160
v 17.628775 23.401037 -9.973130
v 16.256771 23.023003 -10.685409
v 15.703091 22.840420 -10.946960
v 18.167898 23.740671 -9.817175
v 17.315920 23.487286 -10.314297
v 15.387838 22.909664 -11.271201
v 16.934929 23.345989 -10.427767
v 16.000854 23.072979 -10.907154
v 18.070704 23.675526 -9.797440
v 15.943603 23.009186 -10.874636
v 18.375309 23.711021 -9.569480
v 17.495977 23.447052 -10.068050
v 16.723038 23.213881 -10.473343
v 13.129192 22.068010 -11.986535
v 15.136310 22.675705 -11.199972
v 14.559464 22.497530 -11.444280
v 13.879915 22.291018 -11.712270
v 12.297806 21.831280 -12.264374
v 11.723254 21.639502 -12.437841
v 10.976215 21.420164 -12.646704
v 10.095056 21.161472 -12.867567
v 14.773063 22.718466 -11.489337
v 13.184363 22.248245 -12.136580
v 11.648402 21.785934 -12.606468
v 10.110167 21.323473 -13.006810
v 13.314050 22.267756 -12.021029
v 14.982124 22.747885 -11.334818
v 14.077205 22.474091 -11.701112
v 12.696283 22.062016 -12.205235
v 11.036112 21.562561 -12.699809
v 12.154573 21.873951 -12.349869
v 15.264624 22.777744 -11.165031
v 14.503430 22.549538 -11.488511
v 13.925512 22.369019 -11.713149
v 12.988656 22.091169 -12.055991
v 11.007678 21.492725 -12.658491
v 24.276011 25.431681 5.031039
v 27.986601 26.646032 0.795554
v 27.911551 26.546810 0.829412
v 27.602774 26.419502 1.241788
v 27.552784 26.426121 1.315266
v 26.991314 26.248476 2.034393
v 26.533175 26.110987 2.593491
v 26.037409 25.963541 3.173728
v 25.529993 25.809183 3.739633
v 24.940767 25.628828 4.364103
v 23.675276 25.261419 5.601608
v 23.131502 25.082344 6.090590
v 22.701385 24.958212 6.463520
v 22.238848 24.813698 6.849517
v 21.725361 24.675100 7.260730
v 21.291164 24.535439 7.596094
v 20.616831 24.341125 8.091331
v 19.796865 24.093040 8.657634
v 19.127621 23.874140 9.090037
v 18.428671 23.662033 9.517241
v 17.591501 23.415318 9.995958
v 17.150846 23.278885 10.232400
v 16.552584 23.090319 10.539256
v 15.783222 22.867769 10.911452
v 15.290252 22.716908 11.133392
v 14.536225 22.496477 11.453465
v 13.502300 22.182323 11.853267
v 13.951668 22.314333 11.684638
v 12.529565 21.885483 12.189657
v 11.907425 21.728876 12.388778
v 11.777372 21.633553 12.421385
v 11.079967 21.447226 12.619028
v 10.422755 21.255825 12.785143
v 10.143739 21.202650 12.858610
v 27.503618 26.462841 1.403039
v 26.922907 26.285610 2.145846
v 26.431471 26.156124 2.757191
v 25.846352 25.979774 3.427344
v 25.280773 25.807402 4.042017
v 24.627590 25.610399 4.715645
v 22.664616 25.000050 6.515601
v 21.486549 24.666592 7.476954
v 18.644905 23.793900 9.410592
v 17.453045 23.434549 10.091966
v 16.128334 23.037310 10.769726
v 15.307278 22.771744 11.140919
v 14.118471 22.429354 11.641371
v 12.868411 22.074915 12.106901
v 12.327321 21.893579 12.274595
v 11.301364 21.585564 12.579614
v 23.760262 25.358509 5.566679
v 22.214327 24.892500 6.909949
v 20.720640 24.446775 8.057981
v 19.809412 24.173729 8.691360
v 16.861544 23.285627 10.422446
v 15.232707 22.797737 11.198940
v 10.828979 21.473284 12.725720
v 10.077873 21.227640 12.896895
v 27.394608 26.478048 1.610790
v 23.183413 25.210537 6.121962
v 18.537193 23.814774 9.522137
v 17.302980 23.445793 10.223421
v 16.139585 23.094170 10.807817
v 14.971906 22.741833 11.338432
v 13.781178 22.373825 11.803057
v 12.075541 21.876617 12.402677
v 10.100055 21.279024 12.929712
v 26.388580 26.191359 2.895461
v 25.151573 25.819185 4.262733
v 24.252533 25.549925 5.166959
v 21.737034 24.794420 7.359273
v 20.578577 24.447145 8.222325
v 19.711622 24.196495 8.835951
v 14.268869 22.554430 11.662467
v 13.009960 22.177605 12.129133
v 11.372714 21.685913 12.643297
v 27.787760 26.625971 1.196714
v 23.044521 25.193554 6.300122
v 18.614248 23.864672 9.530054
v 17.051178 23.402493 10.423192
v 15.597884 22.965782 11.131080
v 10.074097 21.299707 12.984825
v 26.599863 26.271219 2.729651
v 25.140219 25.833660 4.359205
v 23.810610 25.434689 5.664607
v 22.440874 25.024078 6.869739
v 20.740355 24.514494 8.177444
v 18.891277 23.960138 9.417946
v 14.475425 22.635433 11.646252
v 13.062270 22.212040 12.174291
v 11.368492 21.703974 12.705000
v 16.842257 23.346716 10.598536
v 9.927804 21.244184 -13.038542
v 9.856592 21.209953 -13.073903
v 9.231649 20.445816 -13.048356
v 9.274818 20.607170 -13.058965
v 9.251076 20.654602 -13.101723
v 9.251433 20.699078 -13.149782
v 9.209703 20.662279 -13.206702
v 9.371357 20.849644 -13.166389
v 9.421092 20.720804 -13.012812
v 9.628919 20.883829 -12.967803
v 9.550506 21.009659 -13.135401
v 9.885483 21.059719 -12.912437
v 9.733330 21.138062 -13.082848
v 9.804493 21.074181 -12.946198
v 9.424635 20.816071 -13.045827
v 9.655311 20.999729 -12.990633
v 9.585970 21.004490 -13.049657
v 9.899796 21.191032 -12.971187
v 9.390178 20.843927 -13.107565
v 10.066675 21.203926 -12.888105
v 10.123931 21.285837 -12.922766
v 5.336137 14.945561 -13.203163
v 5.736598 15.504318 -13.247559
v 8.882430 20.096891 -13.148078
v 8.891665 19.957556 -13.108692
v 8.477942 19.377113 -13.171432
v 8.089084 18.822498 -13.218476
v 7.657434 18.193420 -13.254734
v 7.293342 17.698925 -13.279013
v 6.882946 17.145060 -13.294344
v 6.421179 16.473572 -13.289104
v 7.565266 18.331736 -13.407722
v 6.270186 16.502285 -13.459338
v 5.254373 15.063910 -13.369613
v 8.232844 19.250597 -13.297768
v 7.873175 18.708580 -13.310371
v 6.966583 17.427927 -13.365220
v 6.519137 16.826305 -13.400937
v 5.739229 15.721517 -13.363868
v 6.709692 17.010197 -13.336111
v 5.901202 15.861507 -13.303753
v 8.337540 19.281553 -13.213407
v 7.547468 18.162743 -13.290515
v 9.887902 21.228611 -15.101995
v 10.161177 21.340733 -15.065860
v 9.726915 21.135336 -15.145478
v 9.517193 20.982681 -15.195749
v 9.317407 20.789246 -15.218843
v 5.216922 15.013048 -15.321163
v 4.840371 14.639559 -13.334158
v 4.756946 14.578382 -13.313103
v 4.277880 14.222544 -13.169691
v 4.234851 14.284247 -13.229103
v 4.223856 14.321825 -13.308370
v 4.404822 14.389334 -13.325212
v 4.482054 14.278040 -13.162930
v 4.614082 14.487648 -13.303832
v 4.791385 14.445219 -13.168118
v 4.991179 14.762725 -13.321934
v 5.127645 14.710048 -13.184287
v 5.112085 14.885566 -13.348937
v 4.657888 14.412720 -13.187386
v 4.934876 14.602283 -13.197998
v 5.243405 14.925057 -13.231589
v 4.506242 14.369220 -13.211182
v 4.469920 14.392668 -13.257701
v 4.802742 14.556766 -13.229900
v 5.001009 14.713727 -13.241014
v 5.197731 14.950188 -13.291258
v 9.547167 20.882374 -15.338312
v 9.429039 20.839516 -15.305693
v 9.393990 20.680420 -15.367739
v 9.342723 20.662685 -15.357951
v 9.316875 20.547005 -15.382503
v 9.328681 20.694532 -15.337258
v 9.610668 20.947531 -15.326129
v 9.581870 20.988266 -15.276891
v 9.521985 20.968439 -15.245060
v 9.251792 20.655581 -15.303496
v 9.213153 20.663940 -15.228018
v 9.294748 20.457567 -15.390451
v 8.506988 19.403519 -15.438534
v 8.451767 19.505440 -15.374413
v 7.913538 18.826962 -15.306253
v 7.402183 17.797918 -15.486094
v 6.303584 16.252016 -15.502420
v 7.928476 18.645765 -15.451319
v 6.391417 16.479437 -15.486423
v 7.123197 17.602587 -15.439127
v 6.239638 16.379915 -15.435663
v 7.102601 17.654285 -15.376904
v 5.075317 14.847511 -15.316918
v 4.928994 14.711543 -15.311727
v 4.831100 14.632979 -15.305914
v 4.658226 14.516632 -15.303484
v 4.450714 14.409635 -15.289332
v 4.258167 14.333677 -15.282607
v 3.633245 14.024105 -13.169839
v 3.089126 14.016951 -13.327979
v 3.050564 13.868278 -13.162564
v 2.216432 13.786578 -13.267470
v 1.377582 13.442825 -13.081424
v 0.514675 13.238011 -13.003430
v -0.332113 13.040823 -12.899666
v -1.806297 12.857393 -12.827868
v -0.902867 12.910287 -12.814635
v -2.857923 12.540148 -12.528705
v -26.625494 10.558619 -9.322033
v -26.665751 10.598859 -9.334850
v -26.701838 10.633686 -9.354409
v -26.044634 10.629094 -9.434727
v -26.807156 10.656936 -9.363723
v -26.905697 10.672772 -9.364561
v -27.145653 10.719529 -9.429401
v -27.034489 10.700832 -9.392312
v -27.265245 10.727882 -9.452819
v -25.554842 10.670130 -9.597901
v -23.302614 10.529417 -9.676986
v -24.135307 10.645319 -9.740294
v -22.221153 10.643563 -9.953490
v -20.540663 10.559248 -9.987890
v -20.537418 10.670848 -10.144856
v -18.961527 10.721945 -10.323315
v -17.671345 10.782521 -10.501391
v -17.291498 10.687757 -10.389239
v -15.694298 10.905037 -10.761134
v -14.338786 10.899090 -10.787129
v -13.786970 11.060111 -11.020962
v -12.206584 11.092055 -11.086599
v -12.578046 11.176342 -11.192972
v -10.891858 11.364034 -11.441982
v -9.224274 11.472440 -11.538329
v -9.422379 11.549525 -11.662621
v -7.192997 11.745071 -11.841364
v -7.660546 11.798605 -11.929973
v -5.969715 12.069727 -12.192056
v -4.352368 12.222909 -12.281493
v -3.288823 12.555603 -12.594239
v -4.787702 12.276479 -12.381454
v -4.984551 12.220565 -12.282245
v -6.665064 11.934180 -12.020327
v -8.243096 11.694589 -11.779394
v -10.571628 11.382906 -11.426039
v -13.178162 11.103229 -11.061882
v -15.286459 10.917577 -10.753522
v -17.254217 10.787088 -10.490592
v -19.487808 10.685189 -10.209506
v -21.671259 10.631241 -9.952773
v -23.786343 10.626073 -9.719412
v -25.369661 10.647467 -9.553549
v -3.527681 12.468569 -12.477083
v -9.699372 11.472034 -11.523372
v -12.552885 11.141562 -11.105214
v -2.855003 12.484586 -12.508244
v -5.072900 12.152902 -12.204519
v -7.209596 11.803653 -11.877312
v -14.787930 10.915261 -10.763227
v -17.081310 10.757463 -10.456643
v -18.928120 10.662745 -10.218036
v -20.855404 10.603253 -9.987224
v -23.058786 10.577953 -9.737887
v -12.039790 11.143859 -11.128992
v -2.111572 12.761876 -12.713093
v -2.466144 12.585109 -12.575863
v -0.643960 13.025158 -12.886148
v -0.171361 13.203549 -13.042732
v -0.315124 13.140030 -12.968877
v -0.314440 13.186191 -13.071246
v 0.700836 13.303837 -13.029734
v 0.732477 13.384427 -13.090448
v 1.093085 13.514381 -13.225642
v 1.634455 13.624102 -13.199827
v 1.481909 13.537217 -13.126254
v 2.131575 13.609653 -13.125233
v 2.159687 13.670594 -13.144404
v 2.531825 13.815077 -13.200153
v 3.285980 14.048867 -13.267087
v 3.304290 14.002087 -13.205043
v 4.413296 14.206614 -15.459759
v 4.340802 14.251781 -15.434853
v 4.253219 14.288740 -15.380380
v 4.213806 14.304558 -15.334059
v 4.520389 14.362283 -15.421687
v 4.479544 14.396302 -15.362904
v 4.555655 14.456736 -15.319242
v 4.792964 14.457638 -15.460953
v 4.816750 14.602229 -15.357090
v 4.986068 14.730083 -15.381973
v 4.769729 14.540300 -15.401087
v 4.869529 14.571424 -15.436404
v 5.094067 14.806988 -15.415306
v 5.082461 14.711071 -15.462950
v 4.935100 14.498755 -15.478947
v 5.166984 14.656557 -15.487743
v 5.209103 14.970337 -15.382498
v 5.262584 14.956953 -15.447011
v 5.282811 14.869788 -15.483461
v 2.623463 13.729203 -15.339911
v -0.025825 13.250759 -14.853233
v 0.460682 13.188161 -15.089899
v -0.447790 13.009508 -14.945641
v 1.574694 13.632570 -15.067774
v 1.665610 13.484291 -15.243106
v 2.777251 13.936175 -15.183431
v 3.720312 14.006338 -15.423132
v 1.160648 13.509196 -15.085426
v 2.851390 13.933299 -15.260547
v -0.110656 13.161575 -14.962738
v 1.335872 13.516628 -15.151511
v 3.187064 13.986465 -15.331286
v 0.789572 13.337776 -15.115324
v 2.110551 13.661667 -15.271392
v 3.528392 14.027205 -15.390825
v 9.755651 21.037312 -15.300028
v 9.813471 21.120375 -15.254325
v 10.038571 21.157640 -15.254389
v 10.176835 21.185211 -15.231130
v 10.271255 21.173054 -15.218164
v 10.256783 21.221342 -15.211184
v 9.706353 21.100018 -15.215866
v 9.904787 21.216444 -15.169731
v 10.119832 21.309216 -15.122605
v 10.092339 21.255959 -15.188984
v 10.284249 21.329172 -15.137787
v 10.237334 21.264235 -15.191560
v 29.767248 27.035849 -1.737467
v 29.234667 26.885412 -2.484910
v 25.955921 25.902237 -6.357674
v 23.618254 25.235332 -8.504338
v 17.039606 23.248667 -12.809734
v 15.063987 22.634102 -13.700356
v 12.164529 21.766026 -14.717393
v 10.707030 21.322710 -15.112805
v 11.420062 21.534077 -14.930480
v 12.850766 21.995525 -14.499093
v 13.391933 22.125597 -14.326656
v 13.918017 22.318024 -14.132414
v 14.318935 22.405073 -13.993175
v 15.763063 22.846092 -13.403809
v 16.473288 23.048784 -13.087832
v 17.816145 23.453068 -12.423127
v 18.671350 23.710905 -11.958490
v 19.236389 23.883434 -11.629880
v 19.719938 24.050241 -11.332410
v 20.305151 24.202259 -10.969917
v 21.004807 24.416546 -10.503942
v 21.587496 24.588053 -10.097219
v 22.134113 24.758068 -9.694807
v 22.450418 24.840940 -9.459958
v 23.234661 25.080046 -8.841393
v 24.100569 25.346983 -8.107413
v 24.755079 25.564207 -7.510988
v 24.944208 25.597988 -7.343833
v 25.392780 25.725222 -6.919183
v 26.599136 26.088652 -5.686723
v 27.103891 26.249823 -5.126764
v 27.554651 26.369165 -4.619351
v 27.835112 26.461946 -4.281772
v 28.173988 26.587101 -3.857652
v 28.655066 26.702166 -3.263807
v 11.824403 21.840088 -14.633799
v 13.595386 22.371487 -14.063332
v 15.131271 22.832308 -13.469982
v 16.414145 23.216650 -12.906912
v 17.899412 23.662415 -12.163501
v 19.636234 24.183144 -11.165753
v 21.681942 24.796349 -9.800006
v 23.604961 25.372921 -8.274934
v 24.921497 25.767859 -7.089234
v 26.183189 26.146358 -5.839946
v 27.652323 26.580629 -4.234108
v 28.610851 26.874321 -2.986435
v 11.194321 21.638189 -14.852111
v 12.722417 22.089447 -14.422042
v 14.375835 22.586929 -13.838120
v 15.209346 22.831907 -13.513252
v 16.344213 23.174088 -13.014731
v 17.371119 23.483259 -12.511652
v 18.432713 23.807795 -11.933873
v 20.465117 24.411243 -10.714075
v 21.712975 24.785309 -9.846709
v 23.337931 25.272160 -8.586337
v 24.610794 25.652905 -7.477536
v 25.499453 25.920143 -6.625414
v 26.377085 26.184998 -5.722810
v 28.769018 26.901600 -2.880475
v 10.849154 21.500423 -14.998115
v 11.910522 21.818617 -14.712048
v 13.992286 22.446375 -14.024979
v 18.734009 23.868938 -11.818302
v 19.815731 24.203375 -11.154362
v 22.561836 25.012316 -9.260217
v 27.288477 26.434237 -4.772812
v 28.088709 26.663280 -3.842987
v 13.160628 22.168852 -14.347239
v 15.098868 22.748755 -13.627109
v 16.011856 23.037270 -13.219640
v 16.955399 23.306658 -12.795456
v 18.208767 23.683460 -12.145232
v 19.698153 24.128078 -11.283216
v 20.465216 24.360073 -10.791402
v 21.544312 24.694588 -10.038659
v 23.236208 25.188589 -8.759171
v 23.975657 25.408474 -8.138330
v 25.134741 25.760546 -7.079171
v 25.956913 26.004156 -6.268704
v 26.552979 26.197905 -5.618389
v 11.036087 21.492035 -15.005667
v 12.204254 21.850536 -14.676470
v 14.227243 22.457249 -13.993945
v 15.944792 22.970488 -13.291728
v 17.893660 23.548489 -12.351980
v 18.929098 23.867300 -11.770574
v 20.736813 24.396034 -10.656376
v 21.859535 24.740885 -9.861029
v 22.624916 24.969007 -9.283387
v 25.011335 25.686378 -7.236353
v 26.816830 26.230227 -5.395642
v 27.522459 26.436506 -4.601102
v 28.866167 26.838058 -2.931691
v 15.272224 22.747740 -13.593887
v 25.935488 25.945509 -6.346459
v 28.817329 26.866810 -2.935039
v 29.598907 27.061060 -1.913348
v 29.520613 27.102377 -1.914510
v 29.903257 27.243376 -1.277397
v 29.882147 27.255184 -1.196388
v 30.059776 27.131681 -1.297800
v 30.009867 27.184349 -1.310326
v 30.037025 27.230211 -1.203876
v 30.169716 27.341581 0.510794
v 29.960373 27.278152 1.072538
v 10.178034 21.344481 15.069226
v 11.246465 21.665657 14.806835
v 13.070365 22.214115 14.242972
v 14.715885 22.707027 13.644687
v 20.405540 24.413816 10.673223
v 21.822079 24.838411 9.685749
v 30.165590 27.340391 -0.525314
v 16.652462 23.288147 12.797166
v 17.798216 23.632210 12.213290
v 23.139315 25.233944 8.659983
v 24.433044 25.620943 7.554581
v 26.279301 26.175138 5.741016
v 28.822815 26.937817 2.708354
v 9.237494 20.453487 13.047258
v 9.220949 20.677761 13.204313
v 9.329183 20.804276 13.178510
v 9.516954 20.791729 12.991693
v 10.100320 21.322668 13.027816
v 10.014716 21.119413 12.882332
v 9.876885 21.223398 13.076859
v 9.730373 20.959406 12.945712
v 9.661296 21.091534 13.100813
v 9.492898 20.960886 13.128068
v 9.749094 21.052029 12.963115
v 9.396963 20.735727 13.028150
v 9.511568 20.902403 13.030130
v 9.876624 21.189716 12.988475
v 9.293471 20.678356 13.074425
v 9.665100 21.061071 13.036161
v 9.439362 20.888239 13.094741
v 9.271809 20.711491 13.125440
v 30.096992 27.138878 1.242676
v 30.244328 27.176392 0.955922
v 30.367916 27.224930 0.567016
v 30.170694 27.181183 -1.092411
v 30.272182 27.210333 -0.862292
v 30.326239 27.231409 -0.693147
v 30.373121 27.214743 -0.563195
v 30.399935 27.232639 -0.412067
v 30.431515 27.245356 -0.137709
v 30.432865 27.239197 0.136030
v 30.411007 27.228500 0.365992
v 30.317389 27.210962 0.744207
v 30.047373 27.298531 -0.952379
v 30.238041 27.359295 0.087816
v 30.176090 27.320883 -0.733715
v 30.257301 27.345135 -0.413426
v 30.286890 27.358295 0.039999
v 30.211069 27.333805 0.607902
v 30.089119 27.303164 0.907508
v 30.107752 27.268999 -1.034751
v 30.326872 27.345438 -0.092942
v 30.320036 27.337770 0.294942
v 30.218771 27.284668 -0.816560
v 30.326752 27.321650 -0.400347
v 30.245213 27.295010 0.735452
v 30.333637 27.280653 -0.552657
v 30.390173 27.307985 0.018769
v 30.369606 27.287716 0.392957
v 30.297007 27.270412 0.686216
v 30.399942 27.282646 -0.212900
v 30.199654 27.244192 0.949335
v 30.122631 27.281864 0.970402
v 30.105404 27.210907 1.152279
v 29.997053 27.230297 1.245781
v 29.951551 27.257486 1.202925
v 29.975529 27.172564 1.364524
v 5.242139 14.974059 13.263878
v 8.799306 20.050514 13.213943
v 8.788632 19.840784 13.127161
v 8.429125 19.304045 13.177360
v 8.074747 18.834499 13.222885
v 7.651078 18.193918 13.255836
v 7.131750 17.511496 13.291636
v 6.932343 17.197638 13.292224
v 6.549154 16.678537 13.294133
v 6.273423 16.259790 13.282094
v 5.876555 15.725112 13.262900
v 5.381199 15.036261 13.215315
v 8.744387 19.904320 13.172536
v 7.963247 18.779932 13.267307
v 7.530581 18.186468 13.313768
v 6.857446 17.232130 13.339455
v 6.294425 16.437370 13.335447
v 5.698710 15.621197 13.316245
v 7.985962 18.901520 13.328162
v 7.189660 17.773010 13.386728
v 6.267272 16.469254 13.395310
v 7.341468 18.018314 13.443130
v 5.946403 16.043709 13.441287
v 9.234967 20.694492 15.171083
v 9.343034 20.814705 15.175355
v 9.492464 20.963066 15.130276
v 9.671206 21.095755 15.132663
v 9.807172 21.182669 15.106026
v 10.015931 21.285925 15.071746
v 16.641743 23.100914 13.008224
v 17.673304 23.411139 12.496326
v 22.326014 24.830147 9.546828
v 25.501026 25.764156 6.811384
v 27.400719 26.353418 4.782723
v 28.005190 26.507368 4.080203
v 29.733644 27.025974 1.784983
v 29.324314 26.931513 2.349690
v 28.806530 26.752230 3.063487
v 28.624228 26.698187 3.299943
v 27.010275 26.207289 5.238863
v 26.609295 26.120319 5.662602
v 26.110321 25.931433 6.206793
v 24.915068 25.584444 7.374866
v 24.168842 25.382607 8.041514
v 23.834124 25.262548 8.337114
v 23.574785 25.210670 8.548635
v 23.021555 25.031603 9.007403
v 21.549345 24.582155 10.124116
v 20.701059 24.321871 10.708802
v 20.285563 24.189968 10.983761
v 19.593510 23.991558 11.415323
v 19.017475 23.818800 11.757825
v 18.362854 23.619436 12.129141
v 17.212435 23.300591 12.724509
v 15.775414 22.847170 13.400153
v 15.197702 22.693193 13.641429
v 14.619449 22.497036 13.877988
v 13.743670 22.238543 14.203445
v 12.861759 21.960455 14.504786
v 12.305635 21.809706 14.674619
v 11.446401 21.547384 14.921913
v 10.765552 21.341593 15.098438
v 27.486828 26.531317 4.425823
v 19.039150 24.001690 11.537609
v 29.381605 27.083244 2.050944
v 28.309587 26.768896 3.454920
v 26.298241 26.160637 5.808162
v 25.089148 25.799389 7.024646
v 23.487261 25.314495 8.466228
v 22.459583 25.009016 9.286080
v 20.849367 24.528011 10.452075
v 19.310059 24.063332 11.443588
v 17.928093 23.648499 12.224401
v 17.049406 23.385492 12.675649
v 15.877103 23.032497 13.227690
v 14.510036 22.627695 13.786931
v 12.568880 22.049906 14.456211
v 28.517818 26.803185 3.276417
v 27.243143 26.430523 4.800931
v 24.692633 25.655437 7.451052
v 21.400278 24.666965 10.120163
v 13.755564 22.376818 14.108956
v 12.937696 22.128399 14.392091
v 11.884881 21.814754 14.715798
v 10.822870 21.493635 15.003392
v 29.379837 27.030993 2.170809
v 27.714424 26.530806 4.326670
v 27.087885 26.346373 5.048663
v 26.516956 26.174612 5.677326
v 25.708338 25.943798 6.497546
v 24.005693 25.415253 8.114370
v 23.301565 25.207336 8.705585
v 22.386223 24.934225 9.432609
v 20.122545 24.269873 10.998858
v 18.938765 23.914234 11.721302
v 17.762609 23.551430 12.382244
v 16.791178 23.254709 12.876192
v 15.892142 22.984768 13.290345
v 14.872245 22.686344 13.715878
v 28.806673 26.822062 3.005108
v 28.082273 26.605076 3.928234
v 25.762568 25.912251 6.506961
v 24.855213 25.638926 7.382458
v 21.633595 24.675119 10.022722
v 20.989651 24.476957 10.478755
v 20.138636 24.225937 11.037847
v 19.198433 23.935293 11.622632
v 18.208435 23.645836 12.180755
v 14.155156 22.430340 14.024286
v 13.292782 22.166954 14.334053
v 12.322117 21.882130 14.643033
v 11.474081 21.626947 14.887952
v 10.764651 21.418350 15.069068
v 16.058043 22.981951 13.255093
v 10.206017 21.312277 15.146290
v 10.231967 21.251141 15.199735
v 10.261059 21.194220 15.218097
v 30.444944 25.834263 1.304591
v 30.565380 25.866022 1.095989
v 30.696304 25.908613 0.784477
v 30.734451 25.922823 0.655535
v 30.794525 25.939520 0.388057
v 30.820555 25.950869 0.121207
v 30.823362 25.942192 -0.110230
v 30.796429 25.937538 -0.372369
v 30.768393 25.931557 -0.512945
v 30.759069 25.895853 -0.574368
v 30.725084 25.910002 -0.691319
v 30.665401 25.904564 -0.862544
v 30.569633 25.864853 -1.086358
v 30.458717 25.837046 -1.283088
v 9.979049 21.078196 15.256308
v 9.790838 20.994835 15.278198
v 10.012942 21.267757 15.127936
v 9.452212 20.903324 15.201048
v 9.250482 20.679420 15.238564
v 9.837235 21.159512 15.184245
v 9.623616 21.025421 15.208171
v 10.022458 21.225418 15.189711
v 9.515821 20.905432 15.253919
v 9.281630 20.676418 15.275299
v 9.744527 21.039598 15.253727
v 9.371551 20.718681 15.303793
v 10.046339 21.176291 15.226854
v 9.557054 20.795797 15.314444
v 9.347362 20.564661 15.345982
v 5.207057 14.998440 15.323267
v 6.640628 17.024775 15.346361
v 8.698122 19.938818 15.252287
v 8.750591 19.962481 15.327929
v 8.807519 19.883810 15.407871
v 8.894227 19.895212 15.418921
v 8.799461 19.950531 15.376417
v 8.714715 19.942579 15.293791
v 4.294828 14.346103 13.323922
v 4.228867 14.324144 15.282833
v 4.432179 14.400640 15.291931
v 4.529878 14.446329 13.328106
v 4.693738 14.536720 15.304491
v 4.756306 14.578921 13.332527
v 4.896690 14.683904 15.304858
v 4.948522 14.723456 13.318323
v 5.038224 14.810851 13.346860
v 5.074986 14.847919 15.317571
v 5.198236 14.987357 13.360302
v 7.453901 17.879917 15.486758
v 6.400255 16.410290 15.500469
v 5.381016 14.943882 15.491878
v 5.258822 14.871338 15.474325
v 5.267042 14.962252 15.447278
v 5.228508 14.995374 15.383391
v 6.369781 16.571535 15.431223
v 5.990775 15.917127 15.482220
v 7.273425 17.783733 15.452178
v 7.794397 18.595591 15.387938
v 4.144221 14.156078 13.164951
v 4.872980 14.494462 13.169728
v 5.185452 14.767117 13.188046
v 5.209765 14.978319 13.314145
v 5.008672 14.720830 13.241967
v 5.110802 14.757520 13.208467
v 4.778749 14.568420 13.265185
v 4.820801 14.536257 13.202792
v 4.569733 14.336697 13.168123
v 4.510160 14.411283 13.256524
v 4.532237 14.390152 13.217199
v 4.214445 14.245309 13.198689
v 4.243481 14.307495 13.258434
v 3.090366 13.880633 13.164834
v 3.345303 14.085196 13.329453
v -27.264887 10.728009 9.453218
v -27.141981 10.719018 9.431018
v -27.117449 10.707980 9.383437
v -26.934597 10.669477 9.350844
v -27.025057 10.699776 9.391304
v -26.789139 10.662220 9.370861
v -26.709499 10.631403 9.350989
v -26.135084 10.625960 9.419632
v -26.645441 10.584863 9.329402
v -25.240324 10.663540 9.629796
v -24.108465 10.643664 9.727350
v -22.552671 10.642307 9.915085
v -20.755234 10.665155 10.116203
v -23.464518 10.528014 9.658525
v -18.988586 10.722051 10.333921
v -17.652275 10.783993 10.505943
v -17.606850 10.670218 10.348920
v -20.586926 10.557394 9.981873
v -16.816257 10.828637 10.590603
v -14.453233 10.904347 10.778036
v -15.216556 10.939384 10.808500
v -13.813534 11.058558 11.022506
v -12.730989 11.069286 11.026491
v -12.624029 11.171949 11.186780
v -11.003800 11.350820 11.426617
v -12.203398 11.085551 11.084426
v -9.379054 11.555696 11.673017
v -9.169185 11.460084 11.537944
v -7.308808 11.757258 11.837374
v -7.666622 11.797535 11.914774
v -7.205227 11.730890 11.835205
v -6.051995 12.054498 12.166345
v -4.366104 12.219131 12.278807
v -3.991568 12.423340 12.507031
v -2.873251 12.499937 12.510355
v -2.722717 12.671434 12.703643
v -2.462061 12.586328 12.575574
v -1.418411 12.941905 12.908154
v -0.936732 12.901792 12.809105
v -0.384787 13.025811 12.891230
v 0.125124 13.147343 12.958418
v 0.171494 13.296108 13.133142
v 0.699831 13.280784 13.021303
v 1.900408 13.712423 13.284719
v 1.429302 13.454847 13.085563
v 2.130896 13.624647 13.128316
v 2.379819 13.726033 13.153665
v -25.762861 10.657358 9.513792
v -22.564880 10.625176 9.852925
v -20.397198 10.656796 10.101643
v -17.997406 10.745664 10.391096
v -13.278275 11.093176 11.048085
v -11.175336 11.311343 11.336212
v -9.153049 11.565593 11.640421
v -5.050477 12.206847 12.269920
v -3.441285 12.507582 12.523545
v -1.930845 12.811185 12.757725
v -0.609800 13.097805 12.960949
v 0.260091 13.295020 13.072558
v 1.370402 13.561395 13.182681
v 2.231419 13.774005 13.232730
v -24.121773 10.612193 9.655067
v -16.963545 10.771429 10.479097
v -14.773225 10.938506 10.790673
v -12.950448 11.102613 11.047217
v -6.975049 11.868851 11.944221
v -22.703304 10.582493 9.779955
v -20.939346 10.600753 9.976309
v -19.096720 10.657550 10.198209
v -10.813494 11.308282 11.329167
v -8.656981 11.589503 11.654022
v -5.590149 12.065622 12.125771
v -3.842914 12.379362 12.397651
v -2.010325 12.743166 12.682223
v -0.441449 13.083802 12.922535
v 0.543163 13.309911 13.042250
v 1.316042 13.497172 13.114213
v 2.060879 13.682067 13.163912
v 3.099742 13.949541 13.201308
v 3.400838 14.079234 13.267055
v 4.941764 14.566784 15.465921
v 4.868605 14.573835 15.434428
v 4.870965 14.634997 15.376454
v 5.078356 14.824164 15.379502
v 5.096516 14.766674 15.442677
v 4.949592 14.503505 15.480064
v 4.675098 14.503975 15.366930
v 4.510411 14.412059 15.362979
v 4.643214 14.425962 15.426867
v 4.279447 14.296478 15.382228
v 4.614175 14.352710 15.453845
v 4.466842 14.228951 15.461389
v 4.331870 14.250546 15.434062
v 4.244507 14.311948 15.337708
v -0.636373 12.945026 14.916205
v -0.429217 13.159927 14.785735
v 1.045542 13.503472 15.003963
v 1.868049 13.528828 15.267135
v 2.545475 13.876940 15.165467
v 3.113569 13.854001 15.380165
v 3.880387 14.045918 15.432542
v 2.625552 13.854284 15.272287
v 3.211369 13.939071 15.371550
v 0.338575 13.311419 14.978382
v 1.973408 13.627344 15.256453
v 1.136197 13.367166 15.177187
v 0.982814 13.418323 15.119579
v 0.456800 13.242219 15.076904
v 0.216316 13.138119 15.053311
v -0.590764 13.042407 14.893176
v -1.448616 12.935517 14.602026
v -1.641708 12.873329 14.635948
v 9.866334 18.922220 15.345001
v 10.215377 19.397839 15.288118
v 10.680310 19.816433 15.213614
v 10.428087 19.655689 15.252888
v 30.136753 25.736395 1.761830
v 29.731243 25.596945 2.341856
v 29.194221 25.465729 3.061560
v 28.959980 25.390520 3.366999
v 28.518896 25.254648 3.922853
v 27.950998 25.085928 4.604633
v 27.505650 24.945505 5.116170
v 27.019880 24.810177 5.649624
v 26.628057 24.691345 6.067172
v 24.524904 24.057968 8.078374
v 25.200439 24.230169 7.472151
v 25.698132 24.414257 6.997655
v 26.109304 24.526712 6.595390
v 23.927437 23.871025 8.588931
v 23.091406 23.627401 9.263423
v 22.383705 23.419291 9.800508
v 21.586334 23.167238 10.372603
v 20.803473 22.945059 10.897502
v 20.515656 22.851763 11.083639
v 19.725101 22.600719 11.572389
v 18.822174 22.346876 12.090257
v 17.989550 22.093031 12.532723
v 17.608065 21.987000 12.727739
v 16.794556 21.741184 13.116638
v 16.000891 21.499258 13.471480
v 15.467650 21.341055 13.693192
v 14.607163 21.080259 14.030464
v 13.683452 20.807173 14.359113
v 12.987236 20.593662 14.584605
v 12.372186 20.389681 14.771019
v 11.649363 20.177912 14.971364
v 10.978009 19.995232 15.140675
v 10.359188 19.346548 15.116075
v 10.475004 19.479580 15.110987
v 10.603207 19.591515 15.069423
v 10.764364 19.703197 15.037024
v 10.819017 19.752209 15.075268
v 10.716064 19.748753 15.169900
v 10.732798 19.719511 15.129256
v 10.629747 19.636816 15.130630
v 10.593806 19.668390 15.191243
v 10.455560 19.513752 15.187332
v 10.378668 19.524525 15.245555
v 10.341423 19.409576 15.220342
v 10.346470 19.359491 15.175894
v 11.009428 19.823254 14.972383
v 10.946798 19.911251 15.131936
v 10.969914 19.860485 15.085485
v 11.040195 19.855806 15.030850
v 12.514892 20.275469 14.571554
v 14.292213 20.814009 14.011716
v 15.495326 21.169319 13.518170
v 16.923132 21.597466 12.897122
v 18.412413 22.049416 12.178540
v 19.816433 22.465145 11.353334
v 21.098312 22.849068 10.532131
v 22.502630 23.270851 9.542287
v 23.885262 23.685812 8.455748
v 25.403017 24.140177 7.100956
v 26.769474 24.549698 5.728264
v 27.719013 24.841564 4.727061
v 28.724691 25.135839 3.465279
v 29.735113 25.438990 2.118180
v 12.107519 20.176973 14.752877
v 13.132904 20.474962 14.427406
v 15.648747 21.229994 13.509787
v 17.136072 21.675873 12.846967
v 19.484447 22.388184 11.619407
v 20.403309 22.662374 11.059561
v 21.436045 22.971468 10.378848
v 22.549934 23.305363 9.583012
v 23.624847 23.629192 8.743956
v 24.864529 23.999699 7.677788
v 26.323078 24.430296 6.260119
v 28.906406 25.211756 3.326268
v 29.633402 25.432011 2.363471
v 13.429417 20.595409 14.383334
v 14.454529 20.901506 14.023173
v 15.665715 21.268482 13.556515
v 16.865555 21.624453 13.025656
v 18.359161 22.069630 12.278952
v 25.650450 24.262978 6.989038
v 26.432129 24.491903 6.205846
v 27.283115 24.750168 5.304373
v 28.136261 25.002068 4.320057
v 30.445095 25.699518 1.245344
v 12.107054 20.227962 14.812428
v 18.150135 22.036976 12.414799
v 19.711418 22.503023 11.543813
v 20.987520 22.876539 10.733368
v 22.299158 23.279327 9.829984
v 23.155783 23.541431 9.181943
v 23.988895 23.785721 8.503362
v 25.046412 24.107307 7.579169
v 28.972229 25.270590 3.306106
v 29.613192 25.475227 2.466846
v 13.290354 20.617113 14.473091
v 14.102304 20.860991 14.198376
v 14.988311 21.126394 13.870663
v 15.937737 21.408091 13.482244
v 16.868725 21.688711 13.068533
v 17.706709 21.942783 12.664540
v 18.720066 22.250380 12.135746
v 20.482153 22.771942 11.093712
v 21.406544 23.049791 10.483061
v 22.372458 23.349693 9.802548
v 24.394932 23.944689 8.180118
v 26.001459 24.429354 6.695076
v 26.800535 24.665041 5.876722
v 27.456329 24.863935 5.162834
v 28.046156 25.042936 4.485688
v 28.498144 25.170897 3.937502
v 29.116924 25.361401 3.155066
v 30.094046 25.653538 1.813904
v 23.473726 23.688507 8.954971
v 30.479933 25.771690 1.241616
v 30.456835 25.655499 1.047890
v 30.605043 25.702950 0.724373
v 30.687771 25.724611 0.331546
v 30.709654 25.731623 -0.185944
v 30.609951 25.701853 -0.671701
v 30.443436 25.651752 -1.078083
v 30.471148 25.680378 1.142038
v 30.645895 25.733803 0.745185
v 30.744846 25.756153 0.248342
v 30.756151 25.764765 -0.212833
v 30.698936 25.752495 -0.584808
v 30.576590 25.712296 -0.919629
v 30.711241 25.778614 0.630345
v 30.788801 25.800293 0.195235
v 30.618187 25.764128 0.919802
v 30.794445 25.824184 -0.278094
v 30.731411 25.811657 -0.611426
v 30.636354 25.769661 -0.877198
v 30.586456 25.806091 1.045904
v 30.682812 25.830772 0.812745
v 30.756784 25.859146 0.567865
v 30.805693 25.866682 0.303186
v 30.825363 25.879011 -0.074725
v 30.787615 25.860516 -0.411293
v 30.682213 25.830400 -0.812358
v 30.600925 25.804756 -1.011581
v 30.493282 25.779055 -1.222771
v 30.462875 25.716299 -1.227594
v 30.435692 25.674063 -1.209876
v 15.309602 21.271925 -13.758595
v 21.114960 23.008682 -10.694450
v 24.572090 24.078287 -8.034636
v 27.501080 24.950415 -5.121426
v 29.197376 25.460562 -3.062081
v 29.981180 25.621393 -1.979977
v 30.056166 25.718031 -1.878953
v 28.524641 25.255613 -3.916724
v 28.048323 25.106569 -4.492026
v 27.787703 25.001650 -4.799576
v 27.021772 24.804789 -5.649536
v 26.438524 24.632259 -6.262414
v 25.868435 24.436609 -6.836505
v 25.639954 24.387506 -7.055709
v 25.164799 24.246145 -7.501151
v 24.002962 23.869194 -8.524671
v 23.683331 23.818075 -8.788686
v 23.137436 23.613583 -9.227990
v 22.803547 23.544294 -9.485841
v 22.493959 23.448753 -9.719044
v 21.678175 23.197594 -10.308031
v 20.194334 22.759417 -11.286777
v 19.046782 22.413157 -11.965273
v 18.172958 22.150850 -12.439051
v 17.499262 21.951431 -12.780363
v 17.010036 21.806398 -13.016329
v 16.778152 21.716114 -13.126388
v 16.053997 21.491377 -13.448072
v 14.496553 21.051325 -14.071535
v 13.779945 20.835293 -14.325939
v 13.255688 20.664511 -14.497015
v 12.489995 20.448956 -14.736315
v 11.707946 20.190638 -14.955208
v 29.808767 25.463486 -2.042664
v 29.013067 25.222425 -3.090666
v 28.092077 24.947336 -4.250500
v 26.717562 24.534319 -5.785768
v 25.267143 24.100319 -7.245588
v 23.048155 23.434204 -9.131691
v 21.333067 22.920269 -10.380547
v 20.040722 22.533016 -11.217764
v 18.527744 22.078672 -12.087416
v 17.282072 21.705250 -12.726790
v 15.403540 21.142351 -13.564233
v 14.399516 20.846622 -13.977398
v 12.695697 20.330074 -14.513165
v 11.025752 19.828758 -14.970696
v 28.806332 25.177938 -3.447718
v 27.405180 24.761002 -5.123642
v 26.501427 24.492512 -6.098002
v 25.540249 24.201021 -7.047083
v 23.960175 23.727816 -8.461871
v 22.952087 23.427715 -9.276013
v 22.097200 23.170387 -9.914619
v 21.268759 22.924232 -10.497436
v 20.265593 22.621622 -11.146850
v 19.321764 22.339979 -11.715745
v 18.484900 22.087135 -12.177650
v 17.386679 21.757044 -12.741323
v 16.031038 21.350584 -13.361485
v 13.158799 20.483852 -14.421973
v 12.248020 20.217031 -14.711298
v 29.660704 25.460608 -2.368946
v 28.138201 25.004919 -4.321602
v 25.066439 24.083141 -7.530836
v 17.055992 21.681915 -12.933845
v 15.121879 21.102106 -13.770559
v 14.292459 20.853575 -14.082846
v 13.381124 20.580452 -14.396977
v 11.021606 19.871214 -15.067037
v 28.841341 25.231480 -3.475096
v 27.392775 24.806311 -5.208239
v 26.454920 24.541620 -6.227108
v 25.740557 24.314920 -6.926439
v 24.333939 23.878891 -8.197528
v 23.557314 23.660921 -8.860785
v 22.665176 23.393393 -9.560243
v 21.661566 23.093473 -10.288744
v 20.811039 22.833820 -10.858688
v 19.583897 22.453503 -11.609571
v 18.167713 22.031403 -12.397390
v 15.787234 21.331156 -13.528076
v 12.246277 20.269432 -14.771068
v 29.299866 25.417793 -2.915817
v 28.735588 25.247505 -3.644579
v 28.166380 25.072771 -4.341451
v 26.916830 24.703133 -5.752166
v 25.091461 24.155823 -7.559430
v 24.375948 23.940468 -8.196195
v 20.130583 22.661419 -11.309369
v 19.400898 22.456738 -11.752203
v 18.476780 22.167709 -12.262611
v 17.642380 21.920898 -12.695801
v 16.622183 21.598604 -13.173075
v 14.404777 20.949085 -14.089211
v 13.693918 20.737238 -14.339249
v 12.924150 20.508167 -14.590182
v 22.280210 23.330307 -9.873936
v 10.966416 19.989201 -15.143148
v 10.674845 19.836779 -15.216063
v 10.868734 19.760597 -15.011752
v 10.700250 19.777670 -15.194360
v 10.716636 19.736834 -15.159648
v 10.739849 19.706747 -15.105108
v 10.696590 19.660402 -15.059839
v 10.886059 19.813709 -15.101347
v 10.945301 19.908333 -15.131786
v 10.971791 19.823826 -15.030572
v 10.612576 19.825640 -15.227563
v 10.531892 19.531380 -15.090675
v 10.387012 19.385303 -15.143728
v 10.344973 19.328394 -15.133132
v 10.367674 19.594427 -15.272474
v 10.193623 19.431089 -15.307033
v 10.611495 19.622280 -15.135448
v 10.478067 19.506433 -15.163961
v 10.380219 19.436762 -15.216208
v 10.543242 19.628653 -15.204819
v 10.395451 19.539984 -15.252686
v 10.140932 19.314537 -15.319474
v 10.194472 19.281616 -15.294106
v 10.234869 19.230604 -15.239524
v 10.257411 19.225424 -15.194722
v 10.363468 19.345434 -14.947973
v 11.016352 19.822809 -14.844828
v 10.925332 19.781525 -14.827518
v 10.782043 19.711683 -14.886385
v 10.661649 19.628551 -14.889945
v 10.545349 19.540260 -14.932202
v 10.425903 19.418884 -14.935881
v 7.167867 15.118677 -15.491973
v 8.414080 16.888411 -15.447280
v 9.416969 18.291368 -15.381334
v 9.054422 17.565077 -15.337353
v 9.206208 17.886925 -15.377126
v 8.636847 16.911779 -15.286758
v 7.964383 16.162252 -15.455478
v 8.002795 16.129353 -15.424479
v 7.362493 15.143916 -15.387692
v 6.461341 13.831921 -15.333340
v 6.427361 13.929616 -15.470598
v 6.269051 13.850184 -15.500297
v 6.470428 13.874002 -15.391770
v 4.889406 12.924422 -15.479035
v 5.724285 13.333998 -15.497876
v 5.249190 13.066878 -15.489536
v 3.688337 12.596840 -15.420867
v 2.074660 12.177669 -15.286102
v 1.228636 11.969341 -15.189363
v -0.689486 11.548538 -14.907543
v -1.633914 12.895346 -14.568650
v -4.446582 12.171891 -14.248239
v -6.742702 11.773476 -13.869554
v -7.378381 11.840095 -13.621200
v -8.550454 11.669496 -13.413773
v -8.659765 11.484214 -13.565413
v -9.794428 11.499841 -13.222272
v -10.466279 11.248530 -13.290027
v -10.968994 11.353745 -13.059796
v -11.918900 11.096544 -13.074199
v -11.892009 11.249327 -12.911112
v -13.577325 11.078396 -12.674848
v -14.866535 10.967907 -12.492001
v -14.340156 10.839847 -12.733575
v -15.527965 10.909547 -12.437957
v -16.862001 10.826903 -12.240401
v -18.811441 10.726165 -12.001412
v -20.377607 10.674911 -11.795962
v -21.750710 10.478469 -11.805214
v -24.142151 10.474080 -11.543356
v -23.960020 10.643385 -11.392382
v -25.829473 10.505099 -11.369660
v -25.824980 10.676521 -11.193869
v -27.282600 10.726140 -11.058508
v -27.337927 10.671166 -11.164495
v -25.771494 10.569526 -11.353773
v -26.233305 10.644658 -11.258108
v -25.941032 10.665438 -11.235701
v -24.781240 10.622043 -11.392697
v -23.728899 10.568410 -11.544261
v -23.246353 10.517131 -11.625572
v -23.302101 10.618573 -11.530536
v -22.194317 10.644336 -11.579206
v -21.747400 10.544263 -11.785053
v -22.034719 10.619506 -11.679762
v -20.742964 10.609884 -11.864275
v -20.214581 10.658312 -11.879171
v -19.917955 10.585305 -11.997887
v -19.599947 10.528415 -12.057996
v -18.628168 10.691605 -12.106421
v -18.256834 10.649394 -12.201174
v -18.084177 10.590168 -12.243950
v -16.465582 10.748687 -12.429203
v -17.266277 10.769396 -12.267534
v -16.404902 10.686942 -12.458193
v -15.890177 10.849207 -12.454865
v -14.466681 10.877043 -12.703326
v -14.464724 10.931016 -12.674158
v -14.383791 10.986141 -12.625766
v -12.972368 11.066951 -12.881996
v -12.481286 11.163713 -12.894797
v -11.432771 11.231458 -13.103808
v -10.446738 11.393910 -13.194333
v -9.989235 11.405531 -13.318425
v -9.094886 11.470345 -13.484026
v -8.621448 11.638648 -13.467233
v -8.538032 11.602150 -13.541728
v -6.675048 11.913255 -13.807610
v -6.959049 11.809314 -13.812163
v -6.345772 12.008462 -13.764244
v -4.956847 12.142210 -14.142544
v -5.087264 12.178228 -14.073795
v -5.038081 12.229747 -13.998987
v -3.459763 12.524673 -14.253931
v -2.832218 12.500160 -14.523168
v -3.623983 12.471894 -14.287121
v -2.964875 12.552328 -14.461275
v -1.625235 12.876907 -14.637571
v -1.038363 12.988060 -14.770278
v -1.073714 12.916005 -14.817664
v -1.042460 12.858198 -14.843993
v 4.988308 12.805824 -15.389252
v 4.951371 12.774179 -15.350053
v 6.278902 13.611744 -15.344920
v 6.137948 13.474736 -15.362173
v 6.058687 13.390878 -15.325859
v 5.853148 13.225451 -15.347083
v 5.539933 13.019098 -15.326151
v 5.320919 12.907710 -15.336625
v 5.517756 13.021320 -15.371377
v 6.246577 13.638356 -15.431206
v 6.008954 13.407839 -15.430568
v 5.747398 13.199782 -15.426357
v 5.339553 12.964492 -15.422438
v 6.207199 13.684821 -15.479503
v 5.993661 13.475180 -15.480189
v 5.702248 13.247563 -15.477242
v 5.314788 13.012373 -15.467108
v 4.997624 12.777654 -15.308976
v 4.866600 12.794634 -15.416715
v 4.905347 12.862254 -15.458450
v 7.356373 15.092969 -15.134168
v 8.503496 16.716608 -15.156942
v 9.435236 18.035194 -15.093651
v 10.401115 19.342150 -14.871004
v 10.449391 19.329428 -14.821595
v 10.031630 18.705978 -14.878359
v 10.132392 18.749094 -14.850967
v 9.621441 18.071089 -14.920556
v 9.201553 17.475018 -14.960532
v 8.721819 16.798281 -14.989627
v 8.269806 16.163492 -14.999126
v 7.912023 15.662581 -14.996421
v 7.425770 14.970461 -14.970151
v 6.942163 14.283916 -14.921880
v 6.538464 13.752307 -14.875080
v 9.301725 17.728741 -14.984823
v 8.499268 16.592958 -15.033703
v 7.631720 15.367716 -15.022985
v 6.956281 14.411050 -14.966071
v 9.701019 18.343597 -14.972362
v 7.110363 14.708122 -15.045053
v 8.013849 15.989088 -15.096673
v 8.773914 17.065878 -15.081173
v 9.623688 18.278149 -15.026549
v 6.316470 13.646932 -15.010633
v 6.180891 13.503803 -14.995061
v 5.735503 13.136939 -14.971177
v 4.951012 12.761662 -14.967097
v 5.533281 13.013172 -14.963081
v 5.304518 12.892538 -14.939061
v 5.077324 12.800614 -14.944536
v -0.959635 11.302273 -14.610843
v -1.238341 11.247049 -14.645827
v -0.089018 11.495069 -14.743631
v -0.435307 11.424459 -14.797668
v 1.186127 11.791998 -15.007083
v 2.191211 12.036649 -15.118169
v 2.935227 12.224065 -15.181457
v 3.678162 12.417894 -15.243997
v 3.996895 12.610085 -15.417501
v 3.903191 12.511903 -15.346155
v 3.251178 12.322260 -15.272879
v 2.902812 12.377400 -15.360838
v 2.939782 12.293110 -15.317561
v 1.624713 11.913110 -15.118651
v 1.946602 12.067086 -15.239821
v 1.473784 11.909199 -15.147943
v 0.853620 11.805634 -15.108883
v 0.259932 11.594456 -14.940513
v 0.110685 11.610486 -14.986904
v 0.358859 11.766001 -15.072958
v 0.542198 11.641999 -14.904564
v -0.885203 11.454678 -14.859554
v -0.953807 11.395519 -14.824829
v -1.110022 11.308275 -14.743152
v 4.232098 12.563141 -14.981400
v 3.131801 12.273219 -14.979136
v 2.624096 12.143437 -14.959145
v 1.955019 11.973796 -14.907907
v 1.308962 11.819011 -14.881580
v -1.687810 11.149592 -14.520097
v -2.478479 10.987556 -14.383950
v 6.339994 13.489380 -14.843253
v 6.056838 13.227531 -14.821679
v 5.788818 13.023285 -14.808286
v 5.426182 12.837653 -14.808652
v 5.010386 12.651797 -14.805757
v 4.988697 12.686366 -14.830259
v 4.982292 12.728847 -14.868706
v 5.351423 12.872453 -14.864285
v 5.583848 13.018617 -14.897694
v 5.758153 13.072188 -14.842422
v 5.833783 13.180104 -14.906168
v 5.991412 13.245173 -14.856001
v 6.001991 13.335536 -14.962705
v 6.186553 13.477700 -14.927274
v 6.246621 13.478114 -14.874490
v 6.440501 13.734603 -14.926669
v 6.473580 13.840141 -15.013793
v -2.157518 11.238823 -14.644619
v -4.066026 10.862725 -14.313572
v -6.115527 10.506227 -13.971175
v -10.215568 9.906047 -13.325387
v -11.792919 9.733353 -13.095000
v -14.129613 9.504623 -12.763577
v -16.154764 9.347341 -12.490976
v -18.066284 9.217364 -12.243985
v -19.888510 9.163830 -12.022310
v -22.569815 9.117121 -11.714343
v -25.207388 9.133162 -11.431701
v -27.336906 9.194618 -11.220775
v -28.368414 10.593931 -10.786753
v -28.978979 10.811105 -9.309952
v -29.052313 10.796738 -9.214937
v -29.138500 10.727824 -9.220777
v -29.171522 10.656192 -9.228257
v -29.154131 10.649999 -9.416062
v -29.128395 10.636347 -9.566313
v -29.083651 10.629286 -9.739001
v -29.051043 10.653350 -9.829922
v -28.978508 10.627282 -10.014202
v -28.859577 10.640708 -10.231760
v -28.739965 10.634165 -10.404624
v -28.645203 10.628804 -10.521482
v -28.558762 10.604145 -10.615935
v -28.176731 10.612654 -10.916556
v -28.969389 10.808141 -9.508898
v -28.782331 10.798913 -10.007278
v -28.552773 10.786388 -10.367157
v -28.064123 10.761472 -10.794368
v -28.014074 10.583447 -11.012042
v -27.804691 10.577618 -11.101852
v -27.614426 10.585736 -11.163069
v -27.403006 10.558230 -11.212947
v -27.707958 10.744353 -10.964503
v -29.013123 10.795202 -9.530343
v -29.081955 10.776725 -9.327947
v -28.920135 10.790152 -9.839924
v -28.823938 10.783407 -10.055794
v -28.629847 10.780010 -10.331834
v -28.713537 10.759200 -10.298295
v -28.445379 10.745109 -10.609447
v -28.327641 10.764486 -10.645270
v -28.018820 10.741692 -10.884356
v -27.671803 10.704140 -11.069436
v -27.421879 10.716957 -11.093451
v -29.119633 10.728639 -9.413299
v -29.036976 10.752095 -9.694608
v -28.913719 10.737185 -10.034505
v -28.851717 10.715257 -10.176516
v -28.670971 10.704068 -10.442419
v -28.393015 10.682045 -10.731336
v -28.143177 10.696174 -10.886421
v -27.930027 10.697652 -10.987972
v -27.618219 10.658107 -11.128665
v -29.092342 10.693530 -9.649961
v -28.982782 10.687450 -9.965178
v -28.469900 10.665213 -10.675047
v -27.902557 10.637251 -11.045912
v -27.366030 10.614652 -11.202063
v -1.245193 11.111852 -14.397481
v -0.356064 11.302436 -14.532364
v 1.081989 11.666172 -14.711530
v 1.181442 11.627872 -14.697891
v 1.569620 11.773688 -14.744810
v 2.115487 11.887208 -14.773666
v 2.827445 12.063209 -14.804534
v 4.173964 12.422668 -14.825249
v 4.356730 12.570504 -14.900818
v 3.609046 12.376906 -14.919203
v 3.517147 12.240837 -14.819768
v 3.683502 12.347798 -14.859510
v 2.705520 12.143094 -14.897165
v 2.771524 12.112758 -14.841723
v 1.845804 11.908154 -14.822062
v 0.944930 11.703990 -14.765872
v 0.276023 11.453568 -14.616537
v 0.030388 11.500957 -14.683505
v 0.030253 11.455995 -14.624822
v -0.634792 11.256651 -14.499557
v -1.026078 11.266779 -14.532312
v -0.918192 11.244134 -14.490155
v -2.639947 10.952887 -14.320172
v -2.495963 10.915993 -14.222507
v -2.735681 10.812686 -14.144641
v -2.523507 10.956546 -14.280507
v -4.677833 10.452722 -13.815551
v -4.572598 10.523202 -13.868671
v -4.426404 10.607931 -13.989824
v -3.863486 10.722631 -14.176189
v -5.205746 10.477283 -13.922182
v 10.938690 19.637735 -14.698229
v 10.658030 19.457855 -14.760078
v 10.529855 19.332890 -14.785577
v 10.644094 19.515030 -14.782933
v 10.917441 19.685951 -14.721256
v 10.826967 19.667131 -14.761060
v 10.621951 19.557249 -14.827333
v 11.020614 19.782822 -14.744205
v 10.494195 19.469250 -14.881536
v 10.811682 19.705128 -14.814800
v 26.444624 24.310974 -5.672830
v 30.207041 25.572800 -1.125554
v 30.186089 25.543848 -1.076396
v 30.120335 25.482456 -1.108481
v 30.146713 25.440880 -1.033030
v 29.647011 25.292059 -1.766984
v 29.178305 25.140375 -2.417095
v 28.860359 25.054020 -2.842323
v 28.400309 24.898935 -3.429794
v 27.874105 24.759087 -4.074768
v 27.573877 24.661154 -4.428200
v 26.969992 24.472090 -5.110277
v 25.754154 24.106161 -6.378657
v 25.174416 23.944658 -6.939602
v 24.690363 23.776043 -7.382178
v 24.135582 23.629833 -7.874855
v 23.703268 23.486511 -8.241949
v 23.261383 23.363111 -8.604466
v 22.638298 23.178217 -9.095143
v 22.135303 23.025440 -9.471880
v 21.518435 22.839579 -9.914270
v 21.284904 22.756859 -10.076159
v 20.861853 22.626257 -10.360781
v 20.635931 22.578650 -10.511566
v 19.999651 22.372488 -10.914964
v 19.043663 22.080578 -11.482866
v 17.675442 21.669239 -12.218690
v 17.050907 21.480562 -12.525736
v 16.480886 21.308411 -12.791937
v 15.954866 21.143156 -13.023118
v 15.384250 20.976534 -13.264044
v 14.605584 20.753105 -13.569654
v 13.694095 20.489084 -13.900519
v 13.163642 20.309723 -14.073888
v 12.442113 20.109219 -14.297075
v 11.852932 19.928602 -14.464480
v 28.795338 25.076300 -2.955563
v 27.501551 24.686245 -4.534812
v 26.802811 24.476692 -5.317974
v 26.087753 24.259481 -6.064857
v 25.375082 24.049309 -6.771969
v 23.569330 23.503294 -8.374674
v 19.802111 22.368555 -11.056839
v 19.210386 22.209146 -11.418298
v 18.054031 21.843342 -12.047344
v 17.043947 21.537178 -12.548668
v 16.121666 21.263487 -12.974330
v 15.134738 20.968246 -13.386949
v 11.639201 19.944008 -14.561171
v 12.703007 20.265642 -14.262659
v 14.129134 20.690311 -13.785381
v 20.263807 22.537376 -10.792104
v 20.746487 22.696220 -10.495690
v 21.704222 22.967249 -9.823709
v 22.650646 23.248285 -9.124804
v 24.680767 23.865767 -7.439808
v 27.968330 24.853985 -4.011878
v 29.675739 25.367304 -1.782534
v 14.928638 20.958538 -13.515820
v 15.803041 21.209045 -13.145352
v 17.154968 21.626038 -12.547661
v 18.507240 22.031555 -11.848982
v 23.351358 23.502035 -8.632689
v 23.735027 23.587536 -8.271996
v 25.530718 24.135630 -6.666625
v 26.430437 24.411903 -5.767954
v 27.302368 24.675465 -4.824151
v 28.693815 25.103024 -3.166112
v 11.865047 20.058828 -14.559914
v 12.902847 20.370623 -14.256429
v 14.073193 20.721224 -13.866299
v 16.262924 21.379709 -12.993002
v 17.426786 21.728897 -12.446671
v 19.514946 22.354710 -11.311584
v 21.416744 22.924953 -10.089814
v 22.447262 23.234537 -9.346850
v 24.374022 23.812637 -7.778315
v 25.469007 24.140759 -6.771314
v 27.981432 24.896023 -4.072701
v 29.546486 25.365204 -2.046553
v 15.590346 21.189964 -13.315552
v 18.261684 21.994352 -12.063307
v 21.200562 22.876688 -10.303480
v 26.794512 24.544569 -5.447762
v 12.832970 20.368340 -14.341575
v 14.311932 20.811708 -13.842369
v 16.574614 21.490423 -12.920402
v 19.446037 22.351418 -11.421771
v 23.371473 23.528496 -8.706049
v 25.398829 24.136099 -6.914316
v 27.135086 24.656969 -5.134373
v 29.043915 25.229271 -2.827907
v 30.431175 25.645222 0.731680
v 30.236734 25.586487 1.121339
v 30.582737 25.691895 0.089201
v 30.503826 25.666782 -0.479253
v 30.332499 25.615547 -0.953788
v 13.984675 20.713726 13.965425
v 11.009498 19.819675 14.841361
v 29.428886 25.344725 2.296980
v 28.347626 25.020372 3.707345
v 26.991028 24.613976 5.294302
v 25.169537 24.067219 7.133706
v 23.146425 23.460678 8.879182
v 21.650734 23.012148 9.993789
v 20.304192 22.608810 10.897365
v 30.221519 25.562553 1.044958
v 30.121054 25.501577 1.134338
v 30.057150 25.425690 1.174220
v 30.154427 25.441702 1.020509
v 30.227901 25.470682 0.886533
v 30.286030 25.497335 0.765442
v 30.349962 25.503170 0.586303
v 30.408705 25.523357 0.342561
v 30.431170 25.529644 0.178634
v 30.440992 25.549061 -0.030982
v 30.413538 25.526497 -0.326746
v 30.351423 25.521343 -0.589571
v 30.251575 25.474733 -0.839647
v 30.241556 25.527687 0.910539
v 30.399685 25.584402 0.509751
v 30.447229 25.590252 0.232215
v 30.437864 25.583506 -0.298661
v 30.260973 25.531872 -0.872655
v 30.387571 25.608360 0.654144
v 30.479877 25.624868 0.033242
v 30.467487 25.618214 -0.203037
v 30.361458 25.575167 -0.652400
v 30.494555 25.646944 0.196275
v 30.455748 25.634289 -0.441716
v 30.350056 25.602905 -0.783073
v 30.532272 25.670832 -0.097338
v 30.513803 25.664785 0.296244
v 30.001085 23.523628 -1.011202
v 30.015371 24.223976 -1.097311
v 13.815631 0.000029 0.135368
v 15.708516 1.551855 0.260790
v 13.816038 0.000006 -0.114602
v 15.630193 1.469079 -0.093133
v 13.788345 -0.000001 -0.293027
v 16.052031 1.860297 -0.395755
v 15.702263 1.613361 -0.517417
v 13.632944 -0.000000 -0.683595
v 13.729377 0.000035 -0.476919
v 15.773397 1.602229 -0.240781
v 15.827515 1.686152 0.425505
v 13.720911 0.000007 0.511881
v 30.118940 24.807858 1.008773
v 30.083250 25.026678 -1.088448
v 30.138514 24.519920 -0.935589
v 29.969242 23.531618 1.064527
v 30.088741 23.632744 0.873003
v 29.852932 22.695538 1.094198
v 29.894638 22.327269 0.940167
v 29.906963 22.761868 -1.019303
v 29.865555 22.300161 -0.980824
v 29.773277 21.709778 -0.985377
v 29.791101 21.608486 0.926909
v 29.631004 20.879213 -0.973689
v 29.644077 20.782053 0.920026
v 30.256954 24.722816 0.702913
v 30.178343 23.819874 0.705503
v 30.047890 22.773462 0.737316
v 29.966930 22.012821 0.671549
v 29.762199 20.793941 0.655014
v 30.175892 23.321281 0.561336
v 30.332468 24.823429 0.487052
v 30.046164 22.130793 0.463517
v 29.875092 21.085127 0.458785
v 30.265800 23.688091 0.343770
v 30.126234 22.504387 0.338313
v 30.364111 24.614552 0.229196
v 29.965820 21.367126 0.229276
v 30.240849 23.222914 0.127297
v 30.124571 22.286503 0.065066
v 30.344532 24.199118 0.018959
v 29.983864 21.392551 -0.065093
v 30.382902 24.743435 -0.121564
v 30.250593 23.304527 -0.135186
v 30.119858 22.361078 -0.245019
v 30.323977 24.247227 -0.299884
v 30.221218 23.316273 -0.364483
v 29.939901 21.301027 -0.333223
v 30.315197 24.560791 -0.479186
v 30.071474 22.366545 -0.506178
v 30.210749 23.752537 -0.590844
v 30.133005 22.991955 -0.573256
v 29.917326 21.484993 -0.560965
v 30.255726 24.721930 -0.705885
v 30.119911 23.623280 -0.802970
v 30.027361 22.732794 -0.775511
v 29.854986 21.546782 -0.768666
v 29.492037 20.163822 -0.955927
v 29.490067 20.061842 0.920869
v 29.339006 19.486414 -0.940624
v 29.218889 19.177183 1.010803
v 29.242987 18.958487 0.858824
v 29.238178 19.007988 -0.897179
v 28.908306 18.206259 1.064253
v 28.994144 18.080332 0.835899
v 29.055971 18.360327 -0.889546
v 28.732086 17.386917 0.898122
v 28.703285 17.371927 -0.938666
v 28.839598 17.859735 -0.988460
v 28.502058 16.757221 -0.891552
v 28.471556 16.727955 0.926766
v 28.332516 16.251060 0.830960
v 28.198498 16.023184 -0.904542
v 28.022310 15.574606 0.871911
v 27.994305 15.546639 -0.897105
v 27.757568 15.049919 -0.907151
v 27.781233 15.086205 0.895088
v 27.472082 14.484665 0.914526
v 27.450397 14.397720 -0.872501
v 27.174824 13.882896 -0.873509
v 27.188467 13.908014 0.872699
v 26.765163 13.103941 0.801598
v 26.833229 13.198794 -0.777489
v 26.554277 12.822741 -0.872465
v 26.303923 12.399745 0.837114
v 26.311533 12.400609 -0.823905
v 26.033562 12.008822 -0.857683
v 26.050148 12.007501 0.825548
v 25.607264 11.393345 -0.850826
v 25.562708 11.306884 0.818425
v 25.518612 11.113889 -0.621511
v 24.889399 10.390241 0.775327
v 25.002645 10.562136 -0.813737
v 24.489218 9.855529 -0.699875
v 24.401142 9.863359 -0.877258
v 24.206512 9.545547 0.740225
v 24.035421 9.376849 -0.783113
v 23.485598 8.731297 0.729844
v 23.462933 8.746287 -0.791771
v 22.820383 8.053453 -0.769962
v 22.311037 7.448785 0.602195
v 22.905262 8.136821 0.762131
v 22.065376 7.244029 0.681904
v 21.993670 7.175440 -0.684784
v 21.392729 6.590858 0.670396
v 21.349522 6.560178 -0.690444
v 20.801901 6.072967 0.735636
v 20.205967 5.479335 0.636887
v 20.500986 5.736193 -0.613973
v 19.352230 4.724132 -0.639056
v 19.330313 4.686404 0.596586
v 18.601107 4.097636 0.689027
v 18.612007 4.075137 -0.620752
v 17.322603 2.985036 -0.616823
v 17.352722 3.029798 0.659527
v 15.808264 1.737564 0.617687
v 15.618032 1.594537 -0.645591
v 14.935046 1.023346 0.607533
v 17.334522 2.948011 0.489277
v 18.509521 3.949819 0.522312
v 22.895674 8.029830 0.572455
v 23.896200 9.096330 0.556488
v 24.553005 9.875668 0.595167
v 25.122393 10.592947 0.618747
v 25.678726 11.327242 0.606763
v 26.087193 11.934312 0.648301
v 26.617195 12.719940 0.603362
v 27.586277 14.483609 0.682499
v 28.000706 15.337864 0.682320
v 28.580465 16.692225 0.668499
v 29.469208 19.613958 0.736934
v 19.955688 5.163733 0.377071
v 20.754616 5.912917 0.463706
v 21.618006 6.695814 0.385779
v 23.202898 8.299529 0.442911
v 27.191883 13.679489 0.588966
v 28.778330 17.193176 0.634062
v 29.028114 17.870007 0.588661
v 29.216772 18.479877 0.590267
v 18.189629 3.621180 0.323065
v 19.239788 4.529151 0.355879
v 22.477997 7.523223 0.332716
v 24.295691 9.506391 0.437609
v 24.862770 10.156333 0.352353
v 25.325644 10.764486 0.408498
v 25.917189 11.567578 0.395764
v 26.286303 12.117534 0.418779
v 26.570026 12.553804 0.418849
v 27.385473 13.950347 0.440566
v 27.792145 14.765963 0.494831
v 28.223225 15.764848 0.600285
v 29.523361 19.590414 0.565783
v 17.094353 2.693874 0.274831
v 20.766260 5.867239 0.235611
v 23.809978 8.926529 0.334976
v 26.933025 13.115035 0.340045
v 28.126471 15.431775 0.415732
v 28.355516 15.921798 0.363713
v 28.715603 16.831202 0.387584
v 29.398518 18.926220 0.382518
v 29.693264 20.110943 0.378525
v 23.315184 8.361217 0.203304
v 24.178154 9.312121 0.212707
v 27.734447 14.558505 0.291185
v 28.891815 17.278183 0.311806
v 29.118820 17.957144 0.327239
v 17.938698 3.382648 0.147066
v 19.071138 4.350336 0.166450
v 20.044230 5.201658 0.119964
v 21.711294 6.743725 0.160191
v 25.523142 10.969514 0.185365
v 26.179155 11.889076 0.155379
v 26.728979 12.733951 0.157154
v 27.253872 13.634957 0.206054
v 28.093990 15.282950 0.217639
v 28.551237 16.338690 0.203568
v 29.510908 19.260624 0.222573
v 15.861377 1.657518 0.081532
v 17.297262 2.838559 0.048077
v 23.107023 8.126936 0.038611
v 24.920839 10.179178 0.040319
v 27.758650 14.566950 0.120089
v 28.274200 15.651956 0.040863
v 28.750109 16.824125 0.098898
v 29.143534 17.957380 0.133212
v 29.426323 18.897875 0.063102
v 29.752213 20.264847 0.216150
v 18.690975 4.013098 -0.041697
v 19.853312 5.026936 -0.061030
v 20.892805 5.964488 -0.028969
v 22.064116 7.074761 0.041141
v 23.931961 9.018314 -0.001053
v 24.558163 9.740451 -0.058523
v 25.648361 11.125132 0.018279
v 26.350248 12.132995 -0.045450
v 27.244028 13.595434 0.001458
v 27.551146 14.158835 0.004483
v 28.492319 16.167038 -0.006552
v 28.951754 17.372751 -0.002486
v 29.614054 19.618368 0.007471
v 29.825468 20.551029 -0.014282
v 17.318064 2.859112 -0.122346
v 22.622772 7.636625 -0.135846
v 27.932217 14.912595 -0.013485
v 29.257420 18.314558 -0.094166
v 21.931950 6.968972 -0.258369
v 23.367931 8.415401 -0.176305
v 24.074224 9.189256 -0.172143
v 24.949339 10.234762 -0.216242
v 25.443157 10.864475 -0.172919
v 25.898134 11.489824 -0.194185
v 26.849764 12.927412 -0.122415
v 27.327272 13.785789 -0.296433
v 27.601503 14.286983 -0.256011
v 28.006084 15.093816 -0.214930
v 28.294922 15.727409 -0.200311
v 28.610855 16.474119 -0.163471
v 28.888273 17.243553 -0.265202
v 29.375193 18.781237 -0.283769
v 29.627724 19.721439 -0.212360
v 29.790899 20.457689 -0.222415
v 18.301607 3.705000 -0.263516
v 19.329250 4.582379 -0.221535
v 20.207047 5.361190 -0.235703
v 21.291210 6.354145 -0.234501
v 26.326328 12.157763 -0.370166
v 26.840698 12.946155 -0.285447
v 29.123899 17.967649 -0.314230
v 17.314171 2.894926 -0.369296
v 20.664999 5.802796 -0.367762
v 23.584272 8.681215 -0.346771
v 24.369419 9.557559 -0.323907
v 25.409193 10.864229 -0.375390
v 25.928293 11.575226 -0.365512
v 27.865988 14.897108 -0.460033
v 28.181793 15.574126 -0.460978
v 28.439644 16.178574 -0.465405
v 28.652788 16.708971 -0.461573
v 29.484268 19.305189 -0.440654
v 29.598080 19.820076 -0.500331
v 29.761303 20.576040 -0.516747
v 19.891916 5.118565 -0.420332
v 22.919569 7.980790 -0.367023
v 24.030539 9.200319 -0.432584
v 24.693150 9.995349 -0.489074
v 26.795616 12.936332 -0.464866
v 27.476610 14.160172 -0.511871
v 28.936666 17.554407 -0.534582
v 29.090393 18.075394 -0.597505
v 29.322329 18.873774 -0.610887
v 18.617453 4.007948 -0.414945
v 21.320206 6.453833 -0.508056
v 22.060791 7.157248 -0.489430
v 23.431396 8.602932 -0.596713
v 26.124905 11.971926 -0.622179
v 27.120123 13.555484 -0.587145
v 22.786211 7.933668 -0.612814
v 24.055901 9.299433 -0.603922
v 25.103039 10.548018 -0.581486
v 26.652214 12.809504 -0.652303
v 27.335754 14.016547 -0.690642
v 27.716652 14.746517 -0.684220
v 28.121561 15.625943 -0.710219
v 28.519110 16.588421 -0.716445
v 28.765965 17.300217 -0.764032
v 29.484442 19.715384 -0.759229
v 29.675646 20.615232 -0.778231
v -1.170859 10.289376 -14.140470
v -0.691257 3.459143 -10.434389
v -6.664324 3.436458 -9.900928
v -4.170802 0.000030 -7.750209
v -8.391585 0.000026 -7.496718
v -15.298402 0.000001 -7.082001
v 17.159716 3.728810 -2.263587
v 15.877227 4.604037 -5.020797
v 14.974242 3.988733 -5.159593
v 16.063158 5.273191 -5.630345
v 13.649951 4.338966 -6.693676
v 12.808520 4.955450 -7.897404
v 11.753070 4.323146 -7.991556
v 10.881263 4.116451 -8.319492
v 10.383247 2.244848 -6.899124
v 8.369407 0.000028 -5.984431
v 7.896120 0.000019 -6.251098
v 7.502762 0.000004 -6.455797
v 7.189635 1.312573 -7.718630
v 27.788435 20.817610 -3.673715
v 23.398436 20.059284 -8.223752
v -23.672653 0.455962 -6.829377
v -24.390875 1.984277 -7.626329
v -25.201979 3.995846 -8.650270
v -25.632792 4.555118 -8.903776
v -25.790419 5.093808 -9.169099
v -26.171919 6.085374 -9.629514
v -26.936863 8.299752 -10.561863
v -24.025507 8.835147 -11.096840
v 18.184111 21.822515 -11.957014
v 26.375843 23.723377 -5.722518
v 22.032448 22.139322 -9.523591
v 18.884047 21.514927 -11.561154
v 17.342182 20.866266 -12.362921
v 16.778255 20.812456 -12.636122
v 14.052556 20.225880 -13.760582
v 11.272642 19.081503 -14.587017
v 10.183682 17.857031 -14.776978
v 7.925989 14.657475 -14.824194
v 7.166591 13.650326 -14.750159
v 6.365699 13.027684 -14.728466
v 3.125240 11.723229 -14.697815
v 0.213202 11.167591 -14.529530
v -8.172004 9.894268 -13.234285
v -6.541961 10.157029 -13.510379
v -10.759838 9.557405 -12.822618
v -14.248825 9.203624 -12.301585
v -11.554283 8.809132 -12.424994
v -16.438156 9.063360 -12.009870
v -20.329947 8.854233 -11.501238
v -27.097206 8.919362 -10.800344
v -26.730478 7.623589 -10.290563
v -18.768372 7.378537 -11.003826
v -26.498915 6.768939 -9.921539
v -17.665945 6.580194 -10.720700
v -24.011848 1.162824 -7.199163
v 27.414665 19.932224 -3.936848
v 27.611174 19.377422 -3.507522
v 26.929432 18.565697 -4.122463
v 26.373001 17.993902 -4.606737
v 25.949673 17.699579 -5.008005
v 25.067331 17.793463 -6.045582
v 24.397127 17.999901 -6.815925
v 23.561106 18.900795 -7.856062
v 24.019297 22.393778 -7.929395
v 24.517948 23.269672 -7.527553
v 27.130823 23.528749 -4.877141
v 27.244860 23.142824 -4.713974
v 27.594322 22.491220 -4.223276
v 27.766241 21.934750 -3.924513
v 5.944011 12.342518 -14.606745
v 7.647760 13.008782 -14.499018
v 8.623889 12.880099 -14.249222
v 8.938204 12.286902 -13.988159
v 9.522434 13.149107 -14.098119
v 10.054938 12.648198 -13.793621
v 10.337365 12.194226 -13.553714
v 10.891406 12.954459 -13.631074
v 11.349219 12.341724 -13.267291
v 11.687269 13.079193 -13.398861
v 12.497224 12.458531 -12.873918
v 13.304770 12.370637 -12.497665
v 13.228230 13.003740 -12.770678
v 13.966077 12.941737 -12.421299
v 9.171466 16.267859 -14.832468
v 8.654380 15.577824 -14.841053
v 8.269467 13.912233 -14.598827
v 9.805326 16.860596 -14.766033
v 9.309382 15.178883 -14.628983
v 8.911250 14.545052 -14.595183
v 8.889131 13.517968 -14.361809
v 10.095207 15.752158 -14.536732
v 11.133557 17.883533 -14.537141
v 10.916208 17.035614 -14.504167
v 10.561078 16.151686 -14.476663
v 9.698653 14.434895 -14.382117
v 10.141868 14.043231 -14.169622
v 11.668761 18.432575 -14.432762
v 11.831505 19.065517 -14.429747
v 12.766088 18.922758 -14.134095
v 12.222648 18.044062 -14.231370
v 12.003901 17.223068 -14.207722
v 11.452038 16.507082 -14.277228
v 11.110764 15.862712 -14.273211
v 10.707463 15.111030 -14.248795
v 10.880011 14.654719 -14.099823
v 10.412014 13.335858 -13.899140
v 11.438740 15.376062 -14.082341
v 12.221176 16.468220 -14.029037
v 11.256621 14.313400 -13.900081
v 11.275871 13.698732 -13.729931
v 12.253719 15.930483 -13.924917
v 13.128460 17.939352 -13.921862
v 13.488672 19.400450 -13.919127
v 12.987801 17.292503 -13.889228
v 11.999430 14.938562 -13.803757
v 12.140182 14.141488 -13.555695
v 13.797985 18.746214 -13.760208
v 14.193779 19.414204 -13.664897
v 12.844429 15.817193 -13.695093
v 13.743789 17.570589 -13.650731
v 13.353542 16.714216 -13.670422
v 12.740112 15.173567 -13.594473
v 14.746099 20.015926 -13.485873
v 15.383394 20.138176 -13.232375
v 15.321339 19.288691 -13.202951
v 14.478352 18.609346 -13.487586
v 14.377846 17.562983 -13.401820
v 14.510880 16.866072 -13.237409
v 13.706749 16.061638 -13.415596
v 13.672408 15.444865 -13.296868
v 13.235400 14.736096 -13.299268
v 12.928782 13.988699 -13.214565
v 12.517273 13.134199 -13.106911
v 15.065578 18.086132 -13.184896
v 14.433632 15.996736 -13.101261
v 13.992232 14.060382 -12.791998
v 14.193741 14.723283 -12.895336
v 14.547062 15.371202 -12.908401
v 15.176096 17.358551 -13.031448
v 15.764272 18.455238 -12.922944
v 16.165258 20.353720 -12.902222
v 15.100399 16.215679 -12.854349
v 13.720874 13.713778 -12.799537
v 16.207726 19.148354 -12.793003
v 15.862525 17.603199 -12.757738
v 15.808810 16.874479 -12.656864
v 15.048809 14.956321 -12.569321
v 14.485034 13.547352 -12.397278
v 16.900839 19.920317 -12.526532
v 29.243834 21.048685 -1.651023
v 28.506680 22.652428 -3.068236
v 27.949335 23.588303 -3.905110
v 29.091833 23.563929 -2.384220
v 28.496517 23.546476 -3.195956
v 28.291702 24.345779 -3.532180
v 28.577866 21.630812 -2.781902
v 28.959667 22.410133 -2.393810
v 29.551548 22.945475 -1.615485
v 0.809161 0.000018 -8.030132
v 0.142143 -0.000001 -8.010649
v 1.631844 1.390566 -9.011600
v 2.022442 0.000015 -7.986582
v 3.697021 1.634050 -8.962309
v 3.057880 -0.000001 -7.869211
v 4.167949 0.000005 -7.658484
v 4.418998 1.376918 -8.631295
v 4.957171 1.519391 -8.612549
v -0.757796 4.368531 -11.045734
v -0.161442 4.237032 -10.993736
v 0.520664 4.253292 -11.026184
v 1.520411 4.415795 -11.123429
v 2.502527 4.480891 -11.110622
v 3.202084 4.099751 -10.786368
v 3.791191 4.917727 -11.260492
v 5.019596 0.000014 -7.435050
v 5.987666 1.450937 -8.266743
v 5.608791 0.000001 -7.250375
v 6.647365 2.085728 -8.546852
v 6.900369 2.014432 -8.400856
v 6.229568 0.000001 -7.022577
v 8.290984 2.099958 -7.898977
v 6.822356 0.000003 -6.778454
v 8.865409 2.132382 -7.649117
v 6.013973 4.964684 -10.869662
v 6.566865 4.275288 -10.234545
v 5.389089 3.734844 -10.151387
v 5.115349 4.361539 -10.654473
v 4.645969 4.964598 -11.157948
v 4.067316 4.111499 -10.674308
v 5.664150 5.747635 -11.478945
v 5.959228 5.548791 -11.279530
v 3.956607 5.624268 -11.698530
v 4.632684 5.719924 -11.656460
v 6.721258 5.695403 -11.186603
v 7.623123 5.532441 -10.813798
v 7.048987 5.133023 -10.707006
v 7.645606 4.461596 -10.033760
v 8.794048 4.573267 -9.691686
v 9.902677 4.951374 -9.508204
v 10.167413 4.291256 -8.845448
v 8.669259 5.918952 -10.730028
v 9.630414 5.730903 -10.221930
v 8.483022 5.254172 -10.320498
v 12.362143 9.737951 -11.667644
v 11.378805 9.253057 -11.821915
v 10.293783 9.379772 -12.316826
v 9.292445 9.699019 -12.821208
v 8.052399 9.240104 -12.951935
v 6.919451 9.381914 -13.298555
v 4.983676 9.425935 -13.668196
v 3.963818 9.463216 -13.808245
v 3.157300 9.527726 -13.904396
v 2.389615 9.351276 -13.870123
v 1.685766 9.308847 -13.873117
v 0.792145 9.733592 -14.048307
v -0.086343 9.736257 -14.017167
v -0.662260 9.190735 -13.754583
v 11.213380 9.818717 -12.199801
v 10.135680 10.094032 -12.739233
v 8.110262 9.855060 -13.237859
v 7.171142 9.945183 -13.504415
v 6.302133 9.781929 -13.611598
v 6.136850 10.298036 -13.863075
v 5.241985 9.869884 -13.827598
v 3.503003 10.078543 -14.107625
v 2.421932 9.907005 -14.103429
v 1.596702 10.097113 -14.195753
v -0.997003 9.895076 -14.014914
v 12.137005 11.287831 -12.541386
v 10.794557 10.846827 -12.860956
v 10.970073 11.488564 -13.072438
v 9.948244 10.895337 -13.167701
v 9.623898 11.323605 -13.445837
v 8.803501 10.825567 -13.480756
v 8.126956 11.077634 -13.757935
v 6.465759 11.216262 -14.160646
v 5.833227 10.880349 -14.142133
v 5.299439 11.029988 -14.275221
v 4.860148 11.339809 -14.436502
v 4.152292 11.507184 -14.562486
v 3.898337 10.842381 -14.362497
v 3.501004 11.372700 -14.570648
v 2.524329 11.360978 -14.614067
v 1.618206 10.883968 -14.475628
v 0.632614 10.820309 -14.438189
v 11.699105 11.734048 -12.903120
v 10.486976 11.585912 -13.276462
v 9.227725 11.760677 -13.729087
v 8.109996 11.954692 -14.082056
v 7.346700 11.461939 -14.077308
v 13.206974 11.705994 -12.266083
v 12.445040 11.933965 -12.689791
v 6.112994 11.894567 -14.448075
v 4.841899 12.085021 -14.670243
v 7.293519 12.182636 -14.328626
v 7.005834 12.610715 -14.510218
v 17.604757 19.867807 -12.164859
v 17.019560 19.034018 -12.385985
v 16.822485 18.416130 -12.410367
v 16.521223 17.542868 -12.426798
v 16.501076 16.582478 -12.253048
v 15.948296 16.027565 -12.406754
v 15.555087 15.442527 -12.456712
v 15.095302 14.271447 -12.344673
v 15.202853 13.628083 -12.073027
v 14.687849 12.820745 -12.027178
v 13.977579 12.254185 -12.141672
v 13.763464 11.493178 -11.908861
v 12.932555 10.845647 -11.990269
v 13.147350 9.689499 -11.264416
v 12.102240 8.428158 -10.994327
v 11.907192 7.761246 -10.645003
v 11.828403 7.171618 -10.269205
v 11.463897 6.330297 -9.826185
v 11.194255 5.413632 -9.244080
v 10.850973 6.347559 -10.136727
v 11.972526 8.894206 -11.350307
v 9.091713 0.000010 -5.530892
v 10.575762 1.311770 -5.839318
v 9.887253 0.000019 -4.958336
v 9.714328 2.315582 -7.363154
v 10.878016 2.051657 -6.386668
v 10.338183 0.000003 -4.594213
v 10.805786 0.000002 -4.184935
v 11.968319 1.991127 -5.506508
v 11.245811 0.000007 -3.768786
v 12.747707 2.271962 -5.170446
v 13.414923 2.431551 -4.751778
v 13.676707 2.175799 -4.164649
v 11.634241 5.217137 -8.843736
v 12.892334 4.123117 -7.044225
v 11.918929 3.602856 -7.214070
v 13.520811 3.757911 -6.184884
v 14.648636 4.143289 -5.645991
v 14.869182 4.976517 -6.374079
v 11.773599 0.000003 -3.217334
v 12.243397 0.000003 -2.677937
v 14.165536 2.124046 -3.568170
v 14.387532 1.906470 -2.985593
v 15.057259 2.122380 -2.477754
v 12.882526 0.000001 -1.848889
v 15.526826 2.206344 -1.968624
v 15.608715 1.959605 -1.399581
v 16.442671 4.765331 -4.634845
v 16.547314 4.334678 -3.950618
v 17.566629 4.642816 -3.160131
v 17.947001 3.885476 -1.365871
v 17.066439 3.097690 -1.274795
v 16.491335 3.433517 -2.692308
v 15.971646 3.443486 -3.366960
v 15.273960 3.436433 -4.154280
v 14.967016 3.534621 -4.605700
v 13.773312 3.496389 -5.683385
v 12.342347 3.017549 -6.324802
v 11.018707 3.426879 -7.621917
v 9.794242 3.392252 -8.273449
v 9.052991 3.412572 -8.650736
v 8.297627 3.223326 -8.828482
v 7.779475 3.458780 -9.219604
v 6.908890 3.291293 -9.397447
v 6.241938 3.496216 -9.755404
v 4.525771 3.394233 -10.089913
v 3.610519 3.190200 -10.099948
v 2.702830 3.419742 -10.371637
v 1.797145 3.681689 -10.618158
v 1.153703 3.421819 -10.463459
v 0.572927 3.203928 -10.313327
v -0.081937 3.344129 -10.391168
v 12.347531 6.371606 -9.388515
v 13.702320 6.289351 -8.497261
v 13.260112 6.450525 -8.916344
v 14.276671 7.198238 -8.883049
v 15.103737 6.367478 -7.574037
v 15.720722 7.520683 -8.146964
v 17.232342 6.591469 -5.980706
v 17.779598 7.592361 -6.502409
v 18.102055 20.623535 -11.954037
v 17.638557 18.925827 -12.049477
v 17.202784 17.572519 -12.080631
v 17.055237 15.998651 -11.818876
v 16.484051 15.242175 -11.925944
v 15.955501 14.723520 -12.049837
v 15.868593 14.013108 -11.862744
v 14.761363 12.106962 -11.690492
v 14.446415 11.255759 -11.451158
v 13.549085 10.414050 -11.473892
v 13.998896 9.847458 -10.918688
v 13.078779 9.157861 -10.980179
v 12.870997 8.499735 -10.661577
v 12.738848 7.792205 -10.244436
v 18.462954 20.113802 -11.717665
v 18.548227 19.722771 -11.635507
v 17.780703 18.151484 -11.863588
v 17.439301 16.942556 -11.828678
v 16.271570 13.655082 -11.511432
v 15.602165 13.088221 -11.660480
v 15.644631 12.417867 -11.352754
v 14.737361 10.794673 -11.054254
v 13.815223 8.868794 -10.400433
v 13.529091 8.169223 -10.077362
v 12.857415 7.285044 -9.809207
v 14.884250 10.277954 -10.678977
v 15.443948 11.650709 -11.103740
v 16.705221 14.283277 -11.497177
v 17.286463 15.242752 -11.474817
v 17.856302 16.479778 -11.481569
v 18.461485 18.711123 -11.562535
v 19.022570 20.687141 -11.438003
v 19.661987 21.310221 -11.090491
v 19.428099 19.940601 -11.130905
v 19.155077 18.401814 -11.094296
v 18.427885 17.570841 -11.385198
v 18.578184 16.964937 -11.164451
v 17.864908 15.740556 -11.279327
v 17.737484 14.821296 -11.070415
v 16.799633 13.276633 -11.056952
v 16.316637 12.356523 -10.936337
v 16.218531 11.526906 -10.584126
v 15.602603 10.971688 -10.653818
v 14.816506 9.648219 -10.333522
v 14.639929 9.053089 -10.045104
v 13.404254 7.155923 -9.393667
v 12.298253 5.189837 -8.430367
v 19.798059 20.650047 -10.963794
v 19.470213 19.141113 -11.010575
v 19.138269 17.528269 -10.937293
v 18.640467 16.129471 -10.912093
v 17.496454 14.136250 -10.972800
v 17.159376 12.946813 -10.691523
v 17.156612 12.246456 -10.361969
v 15.684809 10.488610 -10.327330
v 15.871867 10.089804 -9.964243
v 14.462657 8.511392 -9.774719
v 14.082952 7.842088 -9.513659
v 14.886502 7.930782 -9.068960
v 15.372695 9.316942 -9.771093
v 16.662184 10.963560 -9.985148
v 17.875931 13.356835 -10.415196
v 18.490032 14.767928 -10.573445
v 18.441723 15.427573 -10.827324
v 19.429499 17.150459 -10.662465
v 19.839729 18.173597 -10.611551
v 20.179752 19.310116 -10.571897
v 20.077095 20.127943 -10.738466
v 20.498575 21.695047 -10.576373
v 20.683613 20.912374 -10.406030
v 20.826902 20.151489 -10.238397
v 20.567278 19.085423 -10.275703
v 19.202595 15.695480 -10.409420
v 18.501091 14.287834 -10.384864
v 17.304306 11.697469 -9.975439
v 16.612934 10.166647 -9.524405
v 16.025520 9.343570 -9.361208
v 15.473969 8.769126 -9.316361
v 14.955307 7.393559 -8.586956
v 13.760688 5.445502 -7.698678
v 21.405977 22.086643 -9.974306
v 21.203106 21.235521 -10.071614
v 20.270561 17.736204 -10.225395
v 20.298172 17.121210 -10.058185
v 19.661804 16.491505 -10.335078
v 19.886318 15.818490 -9.971663
v 19.481199 15.081653 -10.007258
v 18.585039 13.817398 -10.133723
v 18.144760 12.371733 -9.755254
v 17.419258 10.956049 -9.463566
v 14.405601 6.291981 -8.019572
v 21.806311 20.920332 -9.610750
v 21.429302 19.836971 -9.769802
v 21.026907 18.533474 -9.851005
v 20.479265 16.346262 -9.705804
v 20.346214 15.521174 -9.530309
v 19.250071 14.159486 -9.811362
v 19.885483 14.354954 -9.423333
v 18.657465 13.109496 -9.762816
v 17.967951 11.676612 -9.500447
v 17.848379 10.394988 -8.783980
v 17.051592 9.831401 -8.985111
v 16.951796 9.245677 -8.629323
v 15.943634 8.635200 -8.894698
v 15.689597 7.891427 -8.481538
v 16.558914 8.360560 -8.223249
v 18.120958 10.913679 -8.921767
v 18.524515 11.618496 -9.055365
v 19.029768 12.239585 -9.031869
v 19.765640 13.667418 -9.206642
v 20.345320 15.050529 -9.355083
v 20.966681 16.840597 -9.485696
v 21.010590 17.423767 -9.612344
v 21.457800 17.855156 -9.377671
v 21.673119 18.630777 -9.383736
v 22.193741 19.456232 -9.128300
v 22.859270 22.324173 -8.896008
v 22.499401 21.562540 -9.133663
v 22.164017 20.514156 -9.297819
v 21.686987 17.215940 -9.028532
v 21.518799 16.587193 -8.974355
v 20.863028 16.042484 -9.315693
v 19.401159 12.903967 -9.107256
v 18.993227 11.298801 -8.490076
v 17.989122 9.867753 -8.296812
v 15.939661 7.169714 -7.666129
v 14.325630 5.181937 -7.025531
v 23.010136 21.007160 -8.675497
v 22.807919 20.172674 -8.741824
v 22.368876 18.566717 -8.813573
v 22.159060 16.892019 -8.541152
v 21.250513 15.659287 -8.871820
v 20.722538 14.730987 -8.927610
v 20.462065 13.744800 -8.690255
v 20.045322 12.294849 -8.244206
v 19.692152 11.676943 -8.159180
v 18.644474 10.689878 -8.361518
v 17.466574 8.900395 -7.957452
v 16.815813 7.755794 -7.498191
v 23.331696 22.106901 -8.501099
v 23.508820 21.076216 -8.262666
v 22.985479 19.123466 -8.412362
v 22.737053 18.134758 -8.402805
v 22.340391 17.589056 -8.596304
v 21.870270 16.031519 -8.494764
v 21.638853 15.211133 -8.369200
v 21.388348 14.335813 -8.194375
v 20.469976 13.001002 -8.294080
v 19.017124 10.325948 -7.790450
v 18.513121 9.620289 -7.674695
v 17.683027 8.578132 -7.505682
v 15.842712 6.390541 -7.009740
v 23.258364 17.736525 -7.830694
v 22.903130 17.032084 -7.933646
v 21.256334 14.709572 -8.478743
v 21.551855 13.654335 -7.701822
v 20.608040 11.984438 -7.556118
v 19.607422 10.906118 -7.706083
v 17.460566 7.827977 -7.017338
v 16.658022 6.837358 -6.761394
v 16.140438 5.918225 -6.268021
v 23.572033 18.366348 -7.715284
v 22.758297 16.417864 -7.852911
v 22.572359 15.658314 -7.726587
v 22.353191 14.735950 -7.515640
v 22.081949 14.130510 -7.463953
v 21.079708 12.871136 -7.683844
v 20.285578 11.142179 -7.269030
v 19.692842 10.222038 -7.109824
v 18.999640 9.350102 -7.019119
v 18.559185 8.577759 -6.734766
v 18.277834 8.260984 -6.692158
v 20.894829 11.318419 -6.819236
v 21.192791 12.300005 -7.222439
v 22.758751 15.206896 -7.351884
v 23.343876 16.423101 -7.306362
v 23.687342 17.259455 -7.278712
v 23.925272 17.913115 -7.255562
v 17.065222 5.656900 -5.082302
v 17.924288 6.602772 -5.306150
v 18.327738 7.336565 -5.710169
v 18.812918 5.663995 -3.056723
v 19.945349 6.495844 -2.753948
v 20.681702 7.140147 -2.674944
v 24.084169 17.018696 -6.801094
v 23.525490 16.023842 -6.967067
v 23.529764 15.406465 -6.685902
v 22.503790 13.615335 -6.768142
v 21.936327 13.023479 -6.972324
v 21.869888 12.287210 -6.553761
v 21.333525 11.754515 -6.712336
v 20.519068 10.472864 -6.525460
v 19.854607 9.785959 -6.592645
v 19.684769 9.245351 -6.274669
v 18.583385 7.950192 -6.096811
v 19.271534 8.466770 -5.934901
v 23.165546 14.152317 -6.402400
v 23.150497 14.622435 -6.679086
v 24.114996 16.158070 -6.422053
v 24.615730 17.080046 -6.273320
v 24.067039 15.289371 -6.063013
v 23.705252 14.378817 -5.960783
v 23.295382 13.635203 -5.955684
v 22.666601 12.997181 -6.212841
v 22.150364 11.839697 -5.935211
v 20.849201 10.104457 -5.872768
v 19.854979 8.731763 -5.599744
v 19.509201 7.991411 -5.189427
v 25.181398 17.067226 -5.647651
v 24.859768 16.205727 -5.635606
v 22.915123 12.804451 -5.815710
v 21.483885 11.056909 -6.024277
v 21.578005 10.449433 -5.396042
v 21.396673 9.790757 -4.972924
v 20.551826 9.305093 -5.432442
v 19.278803 7.504480 -4.891850
v 18.625200 6.667836 -4.629040
v 17.665306 5.693917 -4.482881
v 25.629990 16.928158 -5.069722
v 24.674927 15.348501 -5.417523
v 23.898735 13.407415 -5.124410
v 23.168530 12.450691 -5.275444
v 22.485435 11.489054 -5.286380
v 20.283033 8.600296 -4.997607
v 18.702805 6.188535 -3.926229
v 25.586340 16.055502 -4.705780
v 24.842245 15.096132 -5.080323
v 24.378107 14.409173 -5.219303
v 24.213116 13.878057 -5.072267
v 23.044903 11.442660 -4.588964
v 22.239296 10.736302 -4.906147
v 22.063305 10.276864 -4.676954
v 21.248899 9.277143 -4.613525
v 20.167234 7.811452 -4.229630
v 17.561714 5.209383 -3.967801
v 26.495602 17.333643 -4.180713
v 26.247099 16.699783 -4.203214
v 25.107834 14.654860 -4.490781
v 24.785604 13.631769 -4.201108
v 23.554754 12.242026 -4.652979
v 22.915756 10.893018 -4.237421
v 21.956144 9.525832 -4.024564
v 21.041025 8.713240 -4.235618
v 19.516607 6.897989 -3.869034
v 25.685328 15.517393 -4.285966
v 25.651577 14.943163 -3.977983
v 25.229856 14.146813 -3.995219
v 24.329437 12.974846 -4.280835
v 24.083529 12.326213 -4.063767
v 23.655342 11.610710 -3.977471
v 22.776529 10.323758 -3.840721
v 21.672178 8.870625 -3.628215
v 20.970451 8.221960 -3.738523
v 19.692423 6.629258 -3.286292
v 26.905943 17.982779 -3.925661
v 26.485186 16.193323 -3.621779
v 26.381533 15.466608 -3.331982
v 26.068323 14.735900 -3.279808
v 25.145191 13.216708 -3.402544
v 24.521852 12.270159 -3.435143
v 23.458609 10.955448 -3.600572
v 22.481855 9.566605 -3.388958
v 21.924925 8.710806 -3.096717
v 20.870043 7.855828 -3.405660
v 21.280123 7.833828 -2.819572
v 23.490627 10.531322 -3.112357
v 24.209715 11.691522 -3.317484
v 25.802139 14.104557 -3.192498
v 27.017479 17.120081 -3.384086
v 27.442528 17.780516 -3.109507
v 27.566515 18.503572 -3.246899
v 28.106091 21.735674 -3.447945
v 29.505196 24.347517 -1.882439
v 28.329481 20.912056 -2.963721
v 28.244926 20.209408 -2.892176
v 28.049086 19.350248 -2.889606
v 28.034700 18.388853 -2.527563
v 26.988558 16.451962 -3.069914
v 25.205452 12.609090 -2.788017
v 24.760389 11.687804 -2.533122
v 24.250647 11.192194 -2.754723
v 23.305820 9.983619 -2.741148
v 22.770361 9.394413 -2.785202
v 18.835800 5.175303 -2.269861
v 29.287823 21.745796 -1.768548
v 28.794085 21.019777 -2.323123
v 28.411942 19.136898 -2.278791
v 27.547186 16.899958 -2.512250
v 27.293793 15.891268 -2.280652
v 27.027155 15.386189 -2.341853
v 26.719906 14.669332 -2.285707
v 26.419628 14.033212 -2.235657
v 25.896933 13.416636 -2.497958
v 25.425991 12.316617 -2.176248
v 24.024700 10.426544 -2.217744
v 23.509186 9.528473 -1.863946
v 22.215891 8.326678 -2.162291
v 21.689230 7.727040 -2.076644
v 18.780710 4.836513 -1.780539
v 28.771078 20.209919 -2.121904
v 28.283649 17.523106 -1.719914
v 27.626244 16.317921 -2.041440
v 27.156025 14.999815 -1.859377
v 25.898588 12.832361 -1.958899
v 24.610575 10.972492 -1.971236
v 22.637283 8.758123 -2.143184
v 21.376017 7.190665 -1.726760
v 20.248798 6.301640 -2.023689
v 29.218161 20.297136 -1.455089
v 28.986420 19.536467 -1.542611
v 28.701870 18.665922 -1.627882
v 28.223257 17.838823 -1.985407
v 28.153173 16.737177 -1.469429
v 27.671640 15.699072 -1.551790
v 27.012766 14.259459 -1.488919
v 26.482613 13.288117 -1.466532
v 25.915611 12.311292 -1.395824
v 25.379045 11.682174 -1.576038
v 25.067547 11.022811 -1.303572
v 24.283827 10.220304 -1.556902
v 23.505957 9.047781 -1.184350
v 22.698488 8.269642 -1.326617
v 22.125820 7.619999 -1.221409
v 21.053265 6.534035 -1.148285
v 19.747622 5.370329 -1.213250
v -19.434805 0.000021 -6.834220
v -18.931356 1.599818 -7.803161
v -16.041306 0.606752 -7.405785
v -11.885984 0.810553 -7.801489
v -17.908674 1.207642 -7.642187
v -20.394384 2.222804 -8.060596
v -12.389153 2.028022 -8.539752
v -19.902754 3.650158 -8.917502
v -21.265957 5.462372 -9.788794
v -16.231573 4.268513 -9.589941
v -12.208799 4.721171 -10.214876
v -5.927794 0.798596 -8.186029
v -7.151378 2.393680 -9.173066
v -9.722152 3.146944 -9.460752
v -12.484309 2.502109 -8.830445
v -2.551086 1.714367 -9.058634
v -1.641225 0.461409 -8.230541
v -4.996255 1.609957 -8.806572
v -9.063508 1.539404 -8.467818
v -3.437319 2.876224 -9.797779
v 4.012506 1.916824 -9.115126
v 2.203013 1.762650 -9.242902
v 1.093739 1.938589 -9.423053
v 0.269932 2.277540 -9.657418
v -0.000029 1.411299 -9.026073
v -0.322097 2.226174 -9.593226
v 5.800030 2.675524 -9.265626
v 5.050186 2.498316 -9.324698
v 3.462577 2.107767 -9.346148
v 2.848277 1.962636 -9.323755
v 1.906541 2.865750 -10.046132
v -18.977163 2.860098 -8.537580
v -11.994612 3.706989 -9.617752
v -5.218360 4.108415 -10.465914
v 3.100156 5.022424 -11.412602
v 0.687716 4.906744 -11.456344
v -0.146246 4.992455 -11.489568
v 2.071074 4.957986 -11.454253
v 1.327675 5.505392 -11.833146
v 0.719515 5.586767 -11.888355
v -0.998163 5.014201 -11.447741
v -6.793495 4.974725 -10.872712
v 3.409097 5.719860 -11.827022
v 2.660735 5.603503 -11.826908
v 2.051214 5.671227 -11.909160
v -0.304667 5.597970 -11.865176
v -1.093055 5.643270 -11.836865
v -21.672813 4.806965 -9.400855
v 2.994064 6.224804 -12.181373
v -0.624768 6.310310 -12.276436
v -1.460995 6.111907 -12.084869
v -12.230757 8.005431 -11.986065
v 10.235958 6.498329 -10.523282
v 9.189791 6.470522 -10.924323
v 6.811627 6.457010 -11.665273
v 5.596266 6.586354 -12.026455
v 5.019750 6.594146 -12.139541
v 4.252139 6.459919 -12.178631
v 3.394607 6.631340 -12.387546
v 2.207038 6.527537 -12.421095
v 1.030488 6.365338 -12.359664
v 0.176530 6.582089 -12.474990
v -10.003613 5.937016 -11.132353
v -15.439319 5.388231 -10.299291
v 8.360694 6.514258 -11.246331
v 7.615711 6.585556 -11.527559
v 6.334384 7.005341 -12.124379
v -1.186397 6.789723 -12.509367
v 10.833516 7.138702 -10.712953
v 10.071086 7.147421 -11.041740
v 9.345375 7.408919 -11.492567
v 8.554503 7.375481 -11.741452
v 3.566724 7.253317 -12.729272
v 2.534804 7.118264 -12.740541
v 1.672718 7.225571 -12.840563
v 0.677975 7.358220 -12.920669
v -0.360611 7.133354 -12.761276
v -1.243279 7.600779 -12.947915
v -10.884945 6.906748 -11.577895
v 7.422075 7.350128 -12.064101
v 6.921487 7.589087 -12.335187
v 5.696931 7.560543 -12.587540
v 4.475561 7.265017 -12.622986
v 2.660393 7.716887 -13.060559
v 1.309941 7.702291 -13.103994
v 0.309401 7.906142 -13.200964
v -0.730924 7.729905 -13.056602
v -6.439265 7.469992 -12.333025
v 10.964670 7.837148 -11.129332
v 10.022127 7.993077 -11.609931
v 8.754711 7.950253 -12.027802
v 8.123169 8.145592 -12.336858
v 7.119884 8.227132 -12.652466
v 5.235681 7.925313 -12.873097
v 4.432384 7.933415 -12.999733
v 3.440774 7.898307 -13.095061
v 1.977475 8.212069 -13.351771
v 10.388303 8.653481 -11.870564
v 9.708523 8.457976 -12.007209
v 6.157161 8.545716 -13.038095
v 5.223728 8.695970 -13.282556
v 4.007453 8.388857 -13.291512
v 0.866286 8.414928 -13.464924
v -0.327067 8.377289 -13.406294
v -1.231187 8.220679 -13.261780
v 11.062366 8.635053 -11.589639
v 9.308562 8.716914 -12.293341
v 8.151666 8.812942 -12.699929
v 7.073225 8.813586 -12.977129
v 4.204547 8.972707 -13.555743
v 3.036728 8.633899 -13.503745
v 2.575391 8.924145 -13.669815
v 1.518467 8.793123 -13.642190
v 0.831392 9.032456 -13.750870
v 0.044552 8.950095 -13.691214
v -1.302910 8.693450 -13.479268
v 9.022079 9.009430 -12.548101
v 5.669051 9.069145 -13.391477
v -1.342015 9.262739 -13.725615
v 12.459394 10.264666 -11.907812
v 11.714929 10.572701 -12.382246
v 11.030130 10.347391 -12.539388
v 9.259521 10.326546 -13.130941
v 7.866150 10.308191 -13.504097
v 7.122841 10.615613 -13.803620
v 5.128392 10.350186 -14.042299
v 4.375987 10.398641 -14.153194
v 2.932034 10.629894 -14.353083
v 2.251709 10.478293 -14.325316
v 1.051136 10.337093 -14.281075
v 0.180034 10.259989 -14.227573
v -0.352887 10.594516 -14.312656
v -1.132270 10.797017 -14.312620
v 29.398397 25.203081 2.113082
v 25.299007 23.966629 6.818772
v 25.085039 23.904678 7.020053
v 11.757833 19.894184 14.490232
v 12.478299 20.106853 14.285754
v 13.133229 20.300608 14.081870
v 13.564178 20.429163 13.940267
v 13.972426 20.551817 13.799594
v 14.609021 20.741610 13.567968
v 15.228015 20.923128 13.326406
v 16.286997 21.249571 12.879357
v 16.787077 21.420044 12.652413
v 17.258104 21.533203 12.425563
v 17.546949 21.631992 12.283835
v 18.318649 21.862179 11.883303
v 18.928791 22.045294 11.547910
v 19.436853 22.205248 11.255523
v 19.957781 22.370089 10.941393
v 20.468668 22.518192 10.619254
v 21.119598 22.704517 10.188292
v 21.472071 22.831387 9.948275
v 21.936644 22.951448 9.615689
v 22.600983 23.150791 9.120930
v 23.014492 23.295275 8.801837
v 23.949469 23.550039 8.032024
v 24.576859 23.749048 7.486398
v 25.713701 24.107080 6.418196
v 26.089447 24.215389 6.041569
v 26.713823 24.392946 5.387515
v 27.143684 24.521362 4.914498
v 27.512220 24.637503 4.497936
v 28.146042 24.825832 3.744344
v 28.716295 24.998344 3.026448
v 29.125116 25.133522 2.488869
v 10.957221 19.733892 14.733403
v 11.447591 19.858828 14.593373
v 12.445537 20.157040 14.316531
v 13.298945 20.412006 14.049866
v 14.334281 20.726725 13.693438
v 15.386210 21.043074 13.285431
v 16.351648 21.335091 12.874001
v 17.351862 21.630440 12.400167
v 18.422707 21.954889 11.851076
v 19.555113 22.312613 11.215939
v 22.222143 23.094460 9.428801
v 23.661606 23.528387 8.299667
v 24.567692 23.816980 7.525721
v 25.314569 24.045465 6.840549
v 27.160633 24.584738 4.923209
v 27.885401 24.811020 4.092367
v 28.488123 25.002226 3.360342
v 28.935873 25.132347 2.778522
v 20.487757 22.603388 10.648612
v 21.339602 22.859365 10.081540
v 26.079447 24.286058 6.099220
v 26.832491 24.513477 5.311964
v 29.541069 25.302092 1.943372
v 11.001574 19.797592 14.780519
v 12.027452 20.088337 14.486588
v 13.285744 20.466064 14.103048
v 14.224902 20.749086 13.781124
v 15.058367 21.008392 13.476908
v 15.989900 21.275896 13.076175
v 16.963793 21.568865 12.636124
v 18.315887 21.975193 11.957337
v 22.481030 23.226294 9.286487
v 23.431459 23.511091 8.540225
v 27.942415 24.877287 4.099463
v 29.457497 25.333237 2.145624
v 19.806231 22.441772 11.137047
v 20.963337 22.788786 10.398276
v 21.899366 23.070726 9.751017
v 24.105429 23.731833 8.011165
v 25.184998 24.054842 7.039917
v 26.248682 24.375221 5.997140
v 27.275328 24.682993 4.891701
v 28.876619 25.163246 2.948612
v 12.151283 20.162621 14.526046
v 13.348175 20.510366 14.131970
v 16.095804 21.344902 13.111906
v 17.571617 21.787352 12.419886
v 18.750391 22.141125 11.798133
v 22.926344 23.383322 8.998208
v 10.340219 19.316605 14.964091
v 10.473252 19.470741 14.931321
v 10.699453 19.659193 14.904041
v 10.574059 19.560989 14.905773
v 10.883490 19.766193 14.870612
v 9.858478 18.640472 15.199602
v 9.997547 18.881630 15.250125
v 9.935646 18.916203 15.318567
v 8.926319 17.572767 15.415102
v 7.821964 16.093239 15.473866
v 7.206171 15.144152 15.489562
v 6.300716 13.867182 15.498490
v 9.202562 17.829285 15.358332
v 7.299391 15.143531 15.449424
v 7.680825 15.592607 15.378736
v 7.614075 15.461909 15.311745
v 8.217815 16.458914 15.427368
v 8.885078 17.291321 15.316272
v 10.383235 19.244061 14.832746
v 10.418058 19.209772 14.806782
v 10.329432 19.270805 14.904995
v 10.447555 19.391161 14.859417
v 10.641938 19.575678 14.824341
v 10.568750 19.447617 14.797062
v 10.682666 19.629305 14.852885
v 10.737796 19.581551 14.762223
v 10.752503 19.524294 14.739517
v 10.832934 19.721064 14.819085
v 11.054995 19.695423 14.671372
v 7.450320 15.226205 15.143030
v 9.551528 18.200472 15.078551
v 6.408006 13.760291 15.329336
v 4.813207 12.838174 15.456433
v 4.935846 12.758620 15.310049
v 4.846914 12.741480 15.336287
v 4.849620 12.780168 15.405647
v 4.802643 12.896468 15.474134
v 5.003148 12.962845 15.481835
v 5.177385 12.844110 15.316183
v 5.407465 12.946262 15.310419
v 5.659490 13.092017 15.329678
v 5.124440 12.846731 15.380329
v 5.379868 12.958640 15.387182
v 5.687743 13.131351 15.388882
v 5.131989 12.893603 15.435458
v 5.574824 13.105072 15.437542
v 5.225259 12.977077 15.466024
v 5.472876 13.102738 15.471711
v 5.711497 13.255851 15.478020
v 5.405929 13.139273 15.492342
v 5.848721 13.433594 15.499661
v 5.863805 13.231415 15.325920
v 5.990414 13.337066 15.353342
v 6.171233 13.497461 15.325436
v 6.217756 13.570720 15.391158
v 5.818508 13.255586 15.429316
v 6.030700 13.421784 15.426452
v 6.204331 13.632172 15.456450
v 5.981239 13.462633 15.479852
v 6.385878 13.851509 15.459290
v 6.428636 13.822875 15.395860
v 4.150668 12.726498 15.447698
v 3.246604 12.483471 15.390689
v 2.406343 12.254557 15.317751
v 1.329030 12.009967 15.203505
v 0.517951 11.782970 15.091269
v -0.424950 11.608859 14.953441
v -27.303371 10.710839 11.110967
v -26.048042 10.633098 11.283279
v -25.855356 10.571138 11.345298
v -26.020432 10.682220 11.176154
v -24.250948 10.646089 11.358986
v -23.189146 10.468459 11.645171
v -22.402990 10.642136 11.561195
v -21.439592 10.500667 11.839309
v -21.017807 10.660741 11.719672
v -19.722834 10.693461 11.889181
v -19.286572 10.541200 12.094765
v -18.925325 10.724708 11.969287
v -17.653202 10.780869 12.147771
v -16.835361 10.830276 12.203724
v -16.292839 10.858037 12.331197
v -15.039482 10.955999 12.442827
v -14.581429 10.984192 12.561803
v -13.621543 11.076458 12.661563
v -12.979837 10.985475 12.922462
v -12.595487 11.175164 12.809204
v -11.630584 11.107907 13.118249
v -10.012788 11.319511 13.356396
v -10.993889 11.351827 13.040708
v -9.692453 11.513202 13.240650
v -7.862767 11.600294 13.690126
v -7.956357 11.755338 13.507571
v -6.467241 11.988280 13.745425
v -6.066295 11.883115 13.979654
v -5.470261 12.156407 13.906246
v -4.225162 12.379893 14.119076
v -3.230695 12.568232 14.305344
v -2.320952 12.601450 14.614057
v -1.846580 12.779181 14.659588
v -3.270754 12.489754 14.409223
v -3.745496 12.450320 14.264059
v -4.806441 12.194286 14.154138
v -4.098187 12.234762 14.308396
v -5.078897 12.202682 14.041569
v -5.819973 11.991833 13.999191
v -6.426202 11.973403 13.818923
v -6.845104 11.882090 13.785787
v -7.775645 11.679101 13.684254
v -8.652434 11.632886 13.465410
v -8.661044 11.584435 13.520645
v -10.479589 11.392853 13.181040
v -11.056497 11.299066 13.133516
v -10.897948 11.259762 13.205064
v -12.451769 11.118667 12.957089
v -13.007486 11.111249 12.817863
v -13.889935 10.979765 12.755326
v -15.657247 10.732780 12.556718
v -15.429605 10.820728 12.564641
v -15.058303 10.909534 12.567377
v -16.784269 10.800174 12.322217
v -16.803186 10.762112 12.362680
v -18.224491 10.650310 12.205247
v -17.943981 10.597726 12.261142
v -18.847137 10.682763 12.076706
v -19.931190 10.585408 11.996103
v -21.238012 10.635319 11.759554
v -21.345190 10.584437 11.807561
v -22.941957 10.594461 11.604385
v -23.164934 10.626432 11.525269
v -23.756712 10.539839 11.562359
v -24.139341 10.602541 11.471136
v -25.547035 10.499963 11.397666
v -25.645714 10.648952 11.283770
v -27.348518 10.673379 11.160903
v -27.300615 10.556492 11.225055
v -27.363611 10.617700 11.200174
v -29.173433 10.636373 9.222387
v -29.151468 10.638611 9.441264
v -29.102751 10.628241 9.678379
v -29.018080 10.645942 9.919544
v -28.919504 10.621605 10.132191
v -28.784077 10.614990 10.349851
v -28.623335 10.607820 10.548942
v -28.289856 10.595343 10.843703
v -28.144159 10.582103 10.940133
v -27.942343 10.582045 11.045235
v -27.707298 10.569848 11.137774
v -27.487326 10.559304 11.195988
v -27.414007 10.732118 11.038076
v -27.518784 10.680961 11.128626
v -27.556929 10.620744 11.164232
v -27.533810 10.721053 11.066439
v -27.700747 10.679291 11.088875
v -27.872252 10.648396 11.054151
v -27.762419 10.743105 10.959932
v -27.860374 10.719572 10.986184
v -28.095316 10.716463 10.888056
v -28.074972 10.751779 10.825333
v -28.179140 10.649632 10.899754
v -28.254890 10.726543 10.781259
v -28.053085 10.761775 10.792118
v -28.410818 10.659328 10.729304
v -28.335699 10.770903 10.615552
v -28.460108 10.601271 10.708883
v -28.443993 10.745111 10.606565
v -28.489904 10.710763 10.617645
v -28.622215 10.668597 10.526637
v -28.575586 10.786004 10.358625
v -28.618071 10.756863 10.415470
v -28.748737 10.695486 10.354278
v -28.792543 10.736739 10.236601
v -28.832731 10.790637 10.013280
v -28.846508 10.768646 10.078872
v -28.911419 10.687743 10.107276
v -28.791149 10.799634 9.991892
v -28.931305 10.764772 9.935690
v -29.044624 10.711614 9.777032
v -28.973465 10.810258 9.424577
v -28.997213 10.792717 9.603700
v -29.094612 10.695582 9.632602
v -29.069670 10.754295 9.555284
v -29.131483 10.701417 9.441983
v -29.048798 10.796140 9.305876
v -29.107641 10.758494 9.300556
v -29.156458 10.698051 9.210866
v -29.172785 9.279392 9.234463
v -27.258648 9.178864 11.227044
v -18.452705 9.213160 12.196242
v -25.247507 9.134518 11.427107
v -21.659943 9.123676 11.816117
v -15.813033 9.368105 12.535273
v -12.367456 9.665798 13.010708
v -10.251639 9.886461 13.319702
v -8.147168 10.188403 13.645329
v -6.076119 10.510863 13.977571
v -3.572825 10.952209 14.396749
v -0.749535 11.351626 14.712805
v -0.866625 11.343204 14.756367
v -0.647966 11.431134 14.851225
v -0.627747 11.496814 14.900281
v -0.324931 11.441917 14.707880
v 0.106030 11.543898 14.876595
v 0.951129 11.736571 14.973323
v 1.685580 11.914137 15.085958
v 2.517865 12.116822 15.143680
v 3.257941 12.307885 15.213194
v 4.190059 12.556493 15.291693
v 0.984476 11.764146 15.045273
v 3.008061 12.262140 15.258451
v 0.106648 11.589761 14.965457
v 1.040786 11.818384 15.107823
v 2.088757 12.050336 15.205909
v 2.958340 12.292295 15.310564
v 3.948669 12.538736 15.369263
v 1.416305 11.969238 15.196903
v 1.949294 12.062248 15.236230
v 3.236743 12.419285 15.371907
v 4.270576 12.694880 15.435500
v -1.176015 11.256794 14.579942
v 0.098900 11.537390 14.755204
v 0.940440 11.731329 14.851929
v 2.203126 12.036000 14.941259
v 3.693215 12.417906 14.985065
v 4.975725 12.767740 14.964648
v -2.385300 11.005235 14.398701
v 5.241387 12.866573 14.945326
v 5.399993 12.942721 14.962396
v 5.574606 13.036104 14.964891
v 5.843720 13.212974 14.973233
v 6.023831 13.357182 14.984895
v 6.217043 13.540529 15.000703
v 6.427816 13.781428 15.026418
v 5.015116 12.655303 14.806536
v 6.346182 13.472077 14.837462
v 6.320074 13.511007 14.857027
v 6.545282 13.729934 14.867143
v 6.466669 13.719404 14.896410
v 6.496287 13.805424 14.931988
v 6.513322 13.870720 14.982184
v 6.263914 13.560046 14.938146
v 6.130718 13.365852 14.864976
v 6.096128 13.390450 14.914969
v 5.834355 13.051833 14.808785
v 5.786522 13.093558 14.845369
v 5.787729 13.145527 14.902594
v 5.386322 12.858390 14.835979
v 5.471828 12.839526 14.802103
v 5.434614 12.937404 14.898149
v 5.146123 12.788004 14.867807
v 4.946240 12.740805 14.907017
v 4.922178 12.687019 14.846009
v 6.861531 14.173816 14.912602
v 7.407095 14.941082 14.968380
v 7.888705 15.624040 14.993636
v 8.448668 16.407589 14.996937
v 9.037973 17.248764 14.974432
v 9.360763 17.698387 14.947166
v 9.945699 18.521837 14.880347
v 7.022867 14.493386 14.969062
v 7.426055 15.081858 15.014973
v 8.325041 16.318855 15.024554
v 8.881152 17.134665 15.017689
v 9.555116 18.087891 14.958985
v 10.088219 18.838638 14.887824
v 7.536415 15.316087 15.082886
v 7.982714 15.908157 15.061493
v 8.927711 17.263350 15.058076
v 9.784351 18.493738 14.987159
v 8.132027 16.181683 15.133632
v 8.825009 17.168257 15.122148
v 4.224301 12.435116 14.824374
v 2.806399 12.167787 14.902274
v -2.708431 10.831337 14.154146
v -2.581947 10.959882 14.308314
v -1.322922 11.100730 14.387207
v -0.663267 11.236596 14.489067
v -0.155882 11.351927 14.560691
v 0.819121 11.577986 14.675883
v 1.213987 11.666723 14.708677
v 1.856973 11.824231 14.757421
v 2.654931 12.021955 14.800036
v 3.541842 12.242373 14.820040
v 1.562353 11.859948 14.834814
v 0.692397 11.652222 14.756312
v -0.542688 11.372001 14.608368
v -1.613722 11.110623 14.385276
v -3.512092 10.733988 14.065234
v 3.436624 12.284283 14.858092
v 2.299114 11.993232 14.820868
v 1.017623 11.683480 14.732748
v -0.117585 11.420456 14.603004
v -0.840412 11.259391 14.500338
v 4.058924 12.496078 14.918937
v 4.186886 12.485497 14.861395
v -4.231102 10.641255 14.009155
v -4.073902 10.683803 14.155209
v -4.833873 10.421404 13.787829
v -0.787280 4.261513 10.970966
v -10.244341 4.907681 10.506076
v -1.051622 5.033655 11.455366
v -0.726128 3.361568 10.363053
v -11.618093 4.261325 9.991916
v -9.424708 3.319867 9.593776
v -3.252055 2.354271 9.453614
v 0.469437 0.000005 8.022285
v -1.319869 1.249633 8.818758
v -0.051237 0.000023 7.998865
v -7.185655 0.000034 7.569424
v -20.469772 4.316085 9.241789
v -18.739853 3.598418 8.985521
v -18.082228 0.000002 6.915066
v -16.314943 0.481863 7.311060
v 13.219094 6.440030 8.930632
v 13.626796 7.240410 9.328344
v 16.723412 2.707005 1.068342
v 13.472086 0.000021 0.953379
v 13.211890 0.000007 1.365078
v 15.094104 1.858918 1.977913
v 13.883452 1.737914 3.333212
v 11.937830 0.000002 3.034202
v 12.049242 2.203973 5.679087
v 12.824499 2.441937 5.300427
v 9.629359 0.000002 5.153543
v -1.129902 10.376495 14.174563
v -1.116411 9.262422 13.749458
v -1.293797 8.476317 13.378909
v 8.097020 6.540259 11.350102
v 6.019893 5.024417 10.908440
v 20.861486 21.833006 10.339436
v 26.278072 12.895021 1.411530
v 7.160382 13.617155 14.743887
v 5.746127 12.613413 14.708179
v -26.970922 8.376390 10.589663
v 24.052034 22.858683 7.925254
v 23.413141 23.396469 8.480659
v 21.391632 22.247316 9.988605
v 17.421761 20.909466 12.324971
v 14.398719 20.133545 13.627366
v 10.281210 17.913378 14.758536
v 7.489971 14.471438 14.866939
v -0.582935 10.887910 14.390610
v 0.379778 10.939900 14.467411
v 2.832066 11.502158 14.645627
v 10.867649 18.792786 14.675767
v 15.321953 20.325476 13.267557
v 22.212475 22.590771 9.404580
v 26.750786 23.642105 5.313052
v 28.158981 24.088573 3.682436
v 29.182119 24.050026 2.316799
v 27.339878 14.978304 1.552812
v -23.524168 0.000006 6.583618
v -23.594151 0.388531 6.799981
v -24.013407 1.163666 7.199375
v -24.450338 2.078218 7.673107
v -19.983465 3.005270 8.540970
v -24.849018 2.950993 8.119317
v -22.551260 3.902524 8.830557
v -25.302914 3.920410 8.600616
v -25.689636 4.895487 9.078485
v -22.066788 5.870760 9.923257
v -26.183674 6.120965 9.645585
v -19.395760 6.689179 10.603264
v -26.516972 6.973030 10.016615
v -26.756048 7.682004 10.313477
v -25.035381 8.855053 10.996486
v -27.120020 8.895006 10.785982
v -21.376715 8.832567 11.380232
v -17.697226 8.974648 11.835870
v -13.793038 9.244737 12.368394
v -11.322899 9.510268 12.744939
v -8.826173 9.815188 13.134093
v 27.650942 22.459522 4.150693
v 23.352428 21.102915 8.400829
v 23.449251 20.291372 8.214458
v 23.426493 19.374069 8.077789
v 23.493399 18.678837 7.868550
v 24.197632 17.831453 6.964731
v 27.002251 18.677124 4.066418
v 27.609133 19.372585 3.507294
v 6.621236 12.906045 14.657591
v 8.261199 15.341669 14.880031
v 26.559637 13.491207 1.535435
v 25.841631 13.082550 2.282807
v 25.188580 12.715190 2.906504
v 26.849119 14.091232 1.609030
v 25.304005 13.214410 3.180034
v 26.080381 13.845463 2.586396
v 24.800415 13.223243 3.871531
v 26.711090 14.609367 2.252881
v 24.290277 12.815520 4.201763
v 25.391956 13.740022 3.480305
v 25.901550 14.504679 3.349822
v 15.925405 12.679871 11.311018
v 17.952337 13.960674 10.617238
v 18.893404 14.619323 10.246047
v 19.795929 14.699096 9.633468
v 20.500128 15.436578 9.382977
v 21.710695 16.643370 8.836011
v 22.999702 17.662205 8.043056
v 23.552845 17.939442 7.619931
v 15.097913 12.869306 11.838975
v 15.956888 13.404684 11.591494
v 16.938957 14.019425 11.265654
v 16.858807 13.345865 11.048716
v 17.746517 14.734613 11.035903
v 18.460642 15.051872 10.691751
v 19.408255 15.669909 10.262238
v 20.029095 15.598672 9.795197
v 20.867058 16.289717 9.394387
v 21.070738 17.005253 9.454896
v 21.927395 17.344427 8.870028
v 22.282938 17.227772 8.542085
v 19.963011 16.484146 10.124154
v 15.327396 13.710380 12.038960
v 23.928244 13.047917 4.831077
v 26.540363 15.019534 2.806784
v 27.824902 16.040634 1.545805
v 27.144098 15.588662 2.303400
v 23.367851 12.817083 5.316272
v 25.262655 14.188825 3.982846
v 24.623697 13.999305 4.661182
v 28.063578 16.790493 1.645908
v 22.779488 12.988196 6.089313
v 25.601656 14.857366 3.992835
v 26.573616 15.439528 3.046304
v 27.455286 16.364084 2.332355
v 23.858232 13.705998 5.374246
v 26.954641 16.218864 2.982849
v 28.344585 17.548683 1.635105
v 17.575447 13.352118 10.606002
v 21.194199 15.701364 8.933920
v 22.970631 17.053267 7.880378
v 17.482389 12.545311 10.296551
v 18.284567 13.307272 10.115363
v 18.833368 13.666845 9.894839
v 19.463964 14.094947 9.625923
v 20.815475 14.733611 8.854448
v 21.440350 15.215995 8.540136
v 21.973377 15.937993 8.371320
v 22.756891 16.414825 7.853951
v 23.710846 16.983900 7.159949
v 24.424095 17.200918 6.519131
v 22.555471 15.642172 7.734677
v 18.642130 12.909816 9.674584
v 19.334656 13.446619 9.427057
v 20.320076 14.010101 8.932072
v 21.639622 14.581004 8.088695
v 22.097898 14.909733 7.831066
v 23.361752 16.039669 7.136615
v 24.076323 16.413609 6.570398
v 24.575527 16.657024 6.147433
v 19.274555 12.739988 9.116389
v 20.049383 13.283819 8.792590
v 21.142454 14.075761 8.278842
v 25.253960 17.220654 5.628932
v 23.024694 13.588783 6.217537
v 25.135025 14.986367 4.661556
v 26.272505 15.816355 3.691040
v 24.491472 14.669756 5.242824
v 25.629452 15.673610 4.446061
v 27.530420 16.872211 2.519606
v 28.014709 17.753349 2.259422
v 23.709562 14.127026 5.806268
v 26.646008 16.604185 3.629161
v 27.494017 17.385887 2.844299
v 28.292372 18.214445 2.058646
v 21.965788 12.903870 6.867422
v 22.254938 13.583972 6.996585
v 24.935749 15.562263 5.226826
v 28.676897 18.752966 1.706445
v 21.256639 12.925173 7.555970
v 24.043789 14.789607 5.821534
v 26.159388 16.785706 4.354865
v 11.369100 18.575493 14.527773
v 13.340538 19.482378 13.978973
v 12.391564 19.072842 14.262004
v 11.965915 18.372253 14.340084
v 9.880505 16.968159 14.759524
v 13.676449 19.303852 13.847529
v 11.314513 17.634514 14.461494
v 10.603334 17.134850 14.599761
v 12.769791 18.214502 14.072451
v 16.094225 20.698362 12.948184
v 14.539466 19.076839 13.506349
v 13.646035 18.580471 13.800627
v 9.218910 16.274384 14.823731
v 8.784194 15.807476 14.848980
v 11.969889 17.522247 14.253548
v 10.069720 16.224949 14.615511
v 15.448685 19.445456 13.159816
v 13.296564 12.958058 12.725526
v 14.184180 12.890835 12.299037
v 14.610575 13.538693 12.335782
v 16.082783 14.169785 11.803094
v 16.900688 14.615856 11.498756
v 16.492077 15.048398 11.863376
v 18.404253 15.623751 10.911898
v 18.880238 16.311556 10.807001
v 19.816288 16.801863 10.312144
v 20.404972 17.498583 10.076545
v 21.512739 17.539135 9.255994
v 20.987482 17.935684 9.753740
v 21.736012 18.344080 9.272240
v 22.356831 18.278585 8.757915
v 22.979387 18.465393 8.274658
v 13.943675 13.581944 12.658681
v 15.508857 14.401619 12.179248
v 17.334536 15.567756 11.543893
v 22.879107 19.316383 8.541182
v 18.035919 16.074051 11.269410
v 19.170872 17.047550 10.807712
v 22.032265 19.113832 9.195743
v 21.222294 18.693159 9.736446
v 14.604253 14.374261 12.609510
v 19.714233 17.768492 10.613619
v 12.076300 12.957151 13.218040
v 13.085560 13.477952 12.991508
v 15.619822 15.265649 12.378732
v 22.861176 20.129688 8.691101
v 17.009634 16.009972 11.847880
v 18.321001 16.785652 11.278734
v 13.719746 14.240883 12.962974
v 20.436104 18.481556 10.261729
v 22.301281 19.880037 9.106236
v 8.478040 14.882802 14.757062
v 9.531276 15.476830 14.628541
v 11.015776 16.251623 14.366399
v 11.480771 16.773893 14.307208
v 13.599566 17.874819 13.745328
v 15.276849 18.861425 13.181260
v 16.129257 19.778795 12.882381
v 17.307245 20.285522 12.349075
v 18.388000 21.319883 11.832461
v 16.711378 20.261297 12.642218
v 12.412164 17.018530 14.048748
v 10.391338 15.390652 14.393896
v 7.963689 14.175962 14.718973
v 8.923647 14.287982 14.538221
v 9.310703 14.711846 14.536407
v 13.537298 17.265837 13.686974
v 14.654090 18.305532 13.382804
v 18.199532 20.568249 11.896952
v 19.287243 21.291555 11.314595
v 16.321167 18.824736 12.706024
v 12.714919 16.741320 13.903749
v 11.864979 15.959682 14.059249
v 12.481719 13.649856 13.285647
v 17.791777 17.031710 11.647902
v 14.854429 15.350401 12.764714
v 16.267355 16.068468 12.255985
v 18.711296 17.567184 11.211756
v 19.294703 18.059088 10.944129
v 21.249146 19.503387 9.852678
v 21.769020 20.122028 9.552974
v 10.952269 12.914151 13.598308
v 12.978784 14.597112 13.365388
v 17.078304 16.859295 12.006149
v 22.300549 20.828144 9.227345
v 11.521237 13.613251 13.623109
v 14.152419 14.944531 12.973994
v 20.584320 19.060144 10.258574
v 10.175398 12.671245 13.764606
v 15.242317 15.997550 12.740186
v 18.634354 18.207830 11.381068
v 19.465168 18.907505 10.978278
v 12.363967 14.464530 13.559699
v 16.482107 17.061413 12.360754
v 22.641405 21.793779 9.040022
v 23.531403 22.196012 8.338294
v 20.932039 20.136229 10.164046
v 22.679590 14.319377 6.989516
v 23.453171 14.756783 6.439471
v 24.439524 15.576477 5.800243
v 25.626213 16.138680 4.699654
v 27.410299 17.729593 3.132473
v 20.893166 13.073840 7.966867
v 26.729027 17.490089 3.947183
v 27.880358 18.452999 2.780498
v 28.873140 19.540308 1.725234
v 25.724560 16.778492 4.887783
v 21.510916 13.748424 7.786307
v 28.195925 19.113796 2.588758
v 20.435654 13.206040 8.434019
v 22.108173 14.165144 7.456703
v 25.050819 16.493883 5.549103
v 27.160120 18.079807 3.627480
v 22.984413 15.157726 7.111969
v 23.818090 15.767506 6.557659
v 26.018009 17.609671 4.892704
v 27.553387 18.743177 3.356914
v 28.330576 19.782572 2.632809
v 26.722679 18.261244 4.271746
v 28.957901 20.124058 1.808066
v 29.103573 20.746037 1.781470
v 28.345406 21.771650 3.134053
v 28.490688 20.669779 2.671866
v 29.416779 21.821945 1.586417
v 29.080946 21.286499 1.966365
v 8.060944 12.936446 14.393159
v 8.797777 13.038748 14.252399
v 9.459102 12.914263 14.046519
v 9.594061 13.639277 14.214887
v 10.516133 14.256138 14.113652
v 11.332033 14.238209 13.857724
v 11.660043 15.107372 13.955883
v 12.688537 15.413365 13.668135
v 13.672727 15.477703 13.303888
v 14.771093 16.797705 13.114951
v 15.843703 17.443222 12.742081
v 16.993299 17.629965 12.201317
v 17.651613 18.000877 11.909668
v 18.082279 18.424616 11.736683
v 18.613785 19.184076 11.536062
v 19.252699 19.618160 11.204796
v 20.052996 20.002869 10.741363
v 20.738140 20.780172 10.359153
v 21.400059 21.153513 9.925875
v 21.872213 21.739498 9.621087
v 23.041658 22.540710 8.758878
v 10.407992 13.384210 13.914289
v 14.410678 15.830573 13.074199
v 15.671571 16.535097 12.654132
v 19.923986 19.034716 10.703063
v 27.755283 21.511190 3.862887
v 28.275949 22.380121 3.333319
v 28.248528 23.228643 3.488130
v 27.505915 23.624811 4.448394
v 29.687790 24.017416 1.573815
v 29.365263 22.828091 1.874366
v 28.022696 20.060825 3.156486
v 28.660028 24.162048 3.039067
v 28.818014 22.715485 2.647224
v 28.605675 21.446054 2.701132
v 27.979927 20.826883 3.421582
v 28.990412 21.917194 2.249995
v 1.264700 -0.000002 8.025638
v 1.366941 2.010955 9.467514
v 1.957126 2.045330 9.463947
v 2.083310 0.000001 7.980955
v 2.640519 1.637496 9.111534
v 2.849236 -0.000011 7.898729
v 3.867578 2.132745 9.298155
v 3.818291 0.000012 7.733469
v 4.867099 -0.000003 7.479129
v 5.485433 2.020833 8.855283
v 5.749344 -0.000002 7.200538
v 6.659568 2.093858 8.549837
v 6.419297 0.000001 6.947997
v 7.699791 0.000011 6.356200
v 8.390539 1.778960 7.575413
v 8.074755 0.000004 6.152630
v -0.079271 1.344269 8.973165
v 6.111681 2.197108 8.808578
v 7.279874 1.926162 8.185626
v 9.749166 1.738281 6.805595
v 7.470005 5.441047 10.796829
v 6.894789 5.457673 10.978116
v 5.169677 5.109147 11.156754
v 4.187908 4.845193 11.154954
v 4.141788 5.438022 11.552053
v 3.187414 4.892757 11.319803
v 3.405004 5.721033 11.828709
v 2.528087 5.605099 11.837477
v 2.452311 4.648901 11.227962
v 1.674719 4.950390 11.468196
v 0.887884 5.059448 11.554871
v 0.617178 5.475363 11.817042
v -0.287392 5.660492 11.904895
v 6.561359 6.029304 11.451488
v 5.690192 5.635373 11.397049
v 4.875883 5.681244 11.588582
v 1.808060 5.898120 12.061511
v -1.053441 5.665900 11.854206
v 6.204031 6.412534 11.785568
v 4.899181 6.424620 12.056308
v 3.884992 6.371020 12.175811
v 2.841883 6.444228 12.328813
v 1.167381 6.317712 12.330280
v 0.355376 6.400491 12.374056
v 7.343420 6.399596 11.483108
v 5.451570 6.526325 12.017971
v 9.860678 5.541219 9.981470
v 8.939842 5.455402 10.296487
v 8.334605 5.604396 10.628942
v 8.492546 6.287024 11.048315
v 9.334648 6.485166 10.878549
v 10.803151 5.342070 9.387292
v 10.210082 6.363499 10.437369
v 10.926217 6.262493 10.038067
v -0.531272 6.476370 12.379219
v -0.175960 10.372120 14.248357
v -1.241601 9.871959 13.980570
v 1.422326 11.239362 14.586537
v 2.193063 11.415688 14.637201
v 1.242493 10.462704 14.331191
v 0.628181 10.292761 14.256636
v -0.371500 9.805996 14.027495
v 3.485981 11.674624 14.663975
v 2.205136 10.834356 14.451232
v 0.924867 9.719646 14.046020
v 0.115251 9.332582 13.860662
v -0.486247 8.791155 13.591150
v 2.021580 10.101293 14.191449
v 0.863344 9.150075 13.805135
v 20.175514 21.629192 10.782773
v 19.059336 20.616732 11.412385
v 16.869751 19.504770 12.507778
v 15.395014 18.219814 13.058349
v 5.107616 11.747396 14.539596
v 4.393497 12.015610 14.694141
v 4.318413 11.333762 14.491472
v 3.332112 10.894766 14.423967
v 2.626454 10.100963 14.170311
v 0.478646 8.593221 13.543469
v -1.234185 7.211730 12.739351
v 19.741613 20.700201 11.003610
v 17.848875 19.527660 12.005747
v 8.363197 13.557746 14.492010
v 6.125588 12.124026 14.516235
v 0.047832 8.048944 13.261937
v -0.540570 7.916759 13.165918
v -0.501356 7.092346 12.730788
v 17.392460 19.244261 12.216426
v 14.653919 17.587946 13.292374
v 13.847328 16.949133 13.520118
v 12.906590 16.185680 13.742757
v 10.803294 15.103590 14.219316
v 9.930077 14.453304 14.323431
v 1.982961 9.350446 13.885209
v -1.163255 6.524353 12.359829
v 10.942160 1.958780 6.248540
v 8.836542 0.000004 5.695487
v 11.553640 1.994961 5.838369
v 9.986707 2.662108 7.524399
v 10.651678 2.301857 6.783489
v 10.385187 0.000007 4.554376
v 10.841618 0.000002 4.154187
v 12.523627 1.729530 4.721351
v 13.319180 1.831512 4.081372
v 11.335006 0.000002 3.678325
v 8.792552 4.679260 9.773338
v 11.605315 5.311124 8.938514
v 11.859633 6.408718 9.681791
v 14.316717 1.784597 2.887095
v 14.955479 1.995011 2.403056
v 12.582249 -0.000000 2.252039
v 14.652757 2.990173 4.226721
v 15.591941 3.316381 3.630603
v 16.481201 2.775598 1.584744
v 16.426092 3.154133 2.324368
v 19.484318 5.162637 1.258323
v 19.209455 5.339040 1.994859
v 18.710133 5.424536 2.832955
v 18.046381 5.219964 3.395257
v 17.629282 5.350793 4.081232
v 17.164715 5.383163 4.641861
v 16.793037 5.488128 5.161563
v 16.095528 5.293334 5.618774
v 15.617569 5.272189 6.040645
v 15.121250 5.168740 6.362421
v 14.564977 5.220675 6.874981
v 13.752917 4.980087 7.258914
v 14.748841 5.877920 7.382006
v 14.003554 5.943291 7.986010
v 13.047447 4.924364 7.705407
v 13.370659 5.869992 8.348603
v 12.513243 5.437393 8.515873
v 20.758772 6.362133 1.331456
v 19.013042 6.227684 3.601582
v 16.605814 6.308608 6.264139
v 15.877066 6.340967 6.930453
v 20.101004 6.353851 2.324087
v 18.198631 6.431495 4.813239
v 15.169708 6.679953 7.813470
v 9.808084 6.986794 11.039441
v 2.020964 6.951128 12.674645
v 12.623334 6.619007 9.427127
v 12.538284 7.258210 9.963437
v 11.572043 6.859975 10.166611
v 10.920136 7.060890 10.620756
v 9.031284 7.156895 11.439764
v 7.875882 7.125334 11.793610
v 6.927881 7.086903 12.031351
v 6.068577 7.307255 12.364438
v 4.839749 7.116668 12.481914
v 3.760196 7.159769 12.655357
v 2.828316 7.283743 12.812111
v 0.924765 7.132101 12.798413
v 8.715270 7.574135 11.812498
v 7.725047 7.601088 12.130009
v 13.304848 7.961761 10.055232
v 12.168452 7.640131 10.432612
v 11.622919 7.978120 10.926797
v 10.546568 7.777926 11.266641
v 9.678075 7.757674 11.591191
v 6.977272 7.828438 12.462028
v 5.437371 7.713101 12.720203
v 4.759080 7.768578 12.863009
v 3.990407 7.839304 13.005461
v 3.015650 7.788411 13.073602
v 1.804160 7.748200 13.118528
v 0.920443 7.843986 13.178868
v 12.954637 8.302724 10.484963
v 8.678767 8.126986 12.158290
v 6.198937 8.230017 12.859523
v 13.919042 7.829628 9.603508
v 15.178013 7.207355 8.270580
v 14.374919 7.017106 8.668936
v 15.708743 7.979360 8.540794
v 14.767637 7.753679 9.008212
v 17.615511 7.362162 6.423674
v 17.036961 7.454839 7.032265
v 16.317406 7.186171 7.380049
v 16.612808 8.029294 7.903774
v 16.148741 7.692369 7.970539
v 18.807816 8.026459 5.954517
v 18.093863 8.091563 6.700385
v 17.641932 8.276073 7.272644
v 18.352917 7.285445 5.629385
v 19.071789 7.631057 5.258864
v 17.498377 6.598297 5.731993
v 19.334898 7.335762 4.631426
v 19.389894 6.816235 3.921277
v 20.249151 7.709560 4.003125
v 20.705688 7.643528 3.338959
v 20.164276 6.827996 2.938898
v 21.686010 7.190588 1.230989
v 21.133480 7.198087 2.107492
v 22.012438 7.647032 1.453556
v 21.412146 7.758538 2.530024
v 22.272844 8.250961 1.966767
v 21.505287 8.177609 2.973862
v 21.095066 8.452409 3.865782
v 20.053947 8.107511 4.709497
v 19.944439 8.496800 5.260124
v 15.113204 8.527236 9.376071
v 9.663014 8.362010 11.965836
v 7.694196 8.278413 12.532447
v 7.087477 8.585797 12.855415
v 5.279383 8.297935 13.066381
v 2.548444 8.318035 13.378435
v 22.865698 8.640314 1.620671
v 17.521467 8.719183 7.760574
v 15.797297 8.554527 8.933962
v 14.087705 8.665377 10.106607
v 12.443117 8.477258 10.862138
v 11.534341 8.576731 11.351477
v 10.512185 8.602654 11.792077
v 4.699523 8.685694 13.354290
v 3.979485 8.709705 13.454641
v 3.279338 8.464380 13.399010
v 1.688246 8.546958 13.524573
v 22.525459 8.959500 2.577835
v 21.736086 8.714168 3.355018
v 19.519875 8.796461 6.011794
v 18.792980 8.691202 6.617760
v 16.772573 8.712985 8.348677
v 14.701088 8.713571 9.771209
v 13.331077 8.797195 10.618382
v 9.540072 8.848510 12.289583
v 8.640403 8.757467 12.528722
v 6.236818 8.822743 13.164342
v 21.014402 8.993828 4.584608
v 18.312063 8.835029 7.185917
v 11.298416 8.995311 11.705714
v 5.768684 8.976585 13.328619
v 12.741737 9.218822 11.184452
v 10.230406 9.248747 12.267985
v 7.938393 9.229862 12.977324
v 2.891376 9.036681 13.703631
v 23.469679 9.247138 1.537640
v 22.395460 9.292207 3.176865
v 21.974247 9.333621 3.784102
v 21.097433 9.523760 5.045996
v 20.336512 9.291187 5.648706
v 19.009600 9.322797 6.985533
v 18.187098 9.485689 7.840022
v 17.035454 9.333473 8.632860
v 16.184366 9.466377 9.341670
v 15.361939 9.354680 9.804131
v 14.781279 9.432720 10.215434
v 13.904994 9.287660 10.622730
v 12.442228 9.531296 11.512739
v 11.146184 9.327055 11.959418
v 9.098515 9.431971 12.747851
v 5.470650 9.581255 13.666169
v 3.911845 9.358938 13.767141
v 19.923515 9.564661 6.330219
v 18.808935 9.638673 7.432518
v 17.746159 9.574768 8.267419
v 7.145992 9.589328 13.347374
v 4.965038 9.667330 13.778417
v 24.011887 9.710091 1.308549
v 23.528387 9.835338 2.236991
v 21.841387 9.719503 4.373153
v 13.428578 9.876929 11.234560
v 11.787634 9.790147 11.948524
v 10.901597 9.718542 12.268006
v 6.320982 9.679380 13.559752
v 23.231817 9.917268 2.770963
v 14.448434 9.921850 10.715030
v 10.361109 9.948717 12.587545
v 9.265159 9.972566 12.965014
v 22.515696 9.981339 3.810572
v 20.778822 10.088789 5.932488
v 18.729454 10.170184 7.917524
v 17.037556 9.941868 9.073025
v 15.780255 10.046700 9.994703
v 8.171398 10.065418 13.318540
v 4.239176 10.071992 14.037514
v 24.564613 10.397564 1.335057
v 23.328182 10.473261 3.270456
v 22.079771 10.347838 4.727053
v 21.407261 10.337000 5.481798
v 19.978811 10.146106 6.780174
v 19.535393 10.466106 7.444061
v 18.030861 10.316995 8.588371
v 16.430716 10.507031 9.864084
v 15.528378 10.372375 10.354023
v 14.049631 10.455051 11.238915
v 12.733459 10.316393 11.810389
v 11.157049 10.447363 12.540023
v 7.727370 10.318371 13.541747
v 6.671957 10.306064 13.768096
v 5.670352 10.388032 13.977713
v 4.800900 10.361691 14.088729
v 14.688047 10.455081 10.892675
v 11.985478 10.340460 12.152403
v 10.328566 10.559333 12.891954
v 24.142481 10.765929 2.444062
v 23.066084 10.835984 3.993874
v 17.549456 10.751342 9.243457
v 13.614799 10.829820 11.659335
v 9.854275 10.813816 13.164269
v 8.908436 10.589676 13.349999
v 24.785240 11.066035 1.809213
v 22.277878 10.840879 4.959486
v 21.521027 10.898563 5.850864
v 21.004957 10.959435 6.435931
v 18.966040 10.862110 8.219543
v 18.512224 11.147007 8.773530
v 14.965536 10.960566 11.016784
v 12.775410 10.995475 12.132549
v 11.994999 10.878633 12.411726
v 8.278721 10.956342 13.672072
v 7.210375 10.911156 13.902464
v 20.264683 11.005227 7.185555
v 17.165432 11.035845 9.688564
v 16.086824 11.079894 10.421682
v 6.352901 10.987100 14.095469
v 25.401510 11.459905 1.282071
v 23.927395 11.468043 3.486771
v 22.920427 11.238893 4.554819
v 22.314478 11.373718 5.383211
v 19.890001 11.536282 7.898470
v 14.851005 11.412820 11.315126
v 11.682859 11.505886 12.817036
v 10.969630 11.148701 12.928516
v 9.364957 11.117929 13.440872
v 24.444237 11.399744 2.693156
v 21.023428 11.582691 6.891745
v 19.297728 11.519565 8.384482
v 15.770046 11.645288 10.913404
v 12.377290 11.509850 12.538988
v 6.192181 11.531231 14.314944
v 25.150351 11.733089 1.992184
v 23.590029 11.473127 3.932139
v 21.716129 11.553848 6.171299
v 18.069414 11.726187 9.455806
v 17.391304 11.678487 9.904357
v 16.632088 11.689444 10.410625
v 13.992613 11.665236 11.876638
v 13.164574 11.624279 12.247044
v 10.954379 11.735979 13.176186
v 10.131532 11.520077 13.366388
v 8.752730 11.661710 13.819283
v 7.912793 11.604144 14.003246
v 6.967739 11.475194 14.157454
v 24.665102 12.020531 3.003833
v 23.425005 11.839650 4.473413
v 18.793030 11.991390 9.070511
v 9.465697 12.093605 13.780430
v 22.874212 12.105379 5.341427
v 22.424149 12.153055 5.877544
v 22.058397 12.268562 6.347855
v 20.967039 12.089104 7.296848
v 16.579519 12.377662 10.789361
v 15.090780 12.214557 11.564424
v 13.435913 12.205560 12.373464
v 12.571687 12.238756 12.760411
v 10.501882 12.184149 13.498115
v 7.216020 11.954615 14.271457
v 25.899252 12.324776 1.438802
v 25.358440 12.284369 2.248827
v 24.334682 12.337456 3.745463
v 23.527861 12.244683 4.688392
v 21.686317 12.391013 6.806476
v 20.174541 12.313810 8.145679
v 19.577093 12.302564 8.634161
v 18.195942 12.383089 9.727201
v 14.204048 12.303331 12.054972
v 11.452037 12.317782 13.220897
v 8.370891 12.287435 14.129197
v -23.675198 0.680350 6.955975
v -20.072668 1.205317 7.494068
v -19.609716 2.025251 8.003350
v -14.359717 0.000000 7.138820
v -12.403914 0.617913 7.645939
v -10.504767 1.445430 8.303555
v -15.629357 1.611370 8.045625
v -11.625575 2.164901 8.681744
v -16.374979 2.443700 8.495193
v -14.470487 3.896550 9.523197
v -16.926512 4.660306 9.752416
v -9.516202 0.781110 7.938857
v -5.381674 1.011506 8.368443
v -6.373262 1.849337 8.868019
v -10.226826 2.801763 9.197060
v -3.145419 0.656054 8.271254
v 0.213211 2.265480 9.647089
v 0.874512 1.743518 9.285828
v 0.924136 2.658228 9.933197
v 2.776434 2.935212 10.025422
v 3.260523 2.092832 9.364968
v 7.939366 1.952427 7.932665
v -0.336064 2.747542 9.963271
v 4.945700 2.295477 9.200015
v 7.150844 3.352688 9.364785
v 8.674249 3.141646 8.600597
v 9.636700 2.994894 8.011327
v -5.295722 3.794793 10.256429
v -4.317877 3.073879 9.857831
v 18.079617 3.996409 1.359394
v 17.617556 3.990623 2.049423
v 16.415890 3.617725 3.080396
v 16.712250 4.084219 3.402415
v 14.082248 3.119586 4.960469
v 14.376060 3.945582 5.664240
v 13.343559 3.394989 5.934260
v 12.265136 3.232840 6.604871
v 11.322583 3.154796 7.176328
v 11.190959 4.085588 8.117188
v 10.026977 3.980972 8.657418
v 8.067793 3.476829 9.123444
v 6.111063 3.480410 9.780625
v 5.458707 3.830133 10.203596
v 4.640550 3.184428 9.915956
v 4.693614 4.006471 10.492264
v 3.856959 3.468882 10.259715
v 2.300252 3.195222 10.250493
v 1.280390 3.479214 10.498620
v 0.387332 3.470230 10.493362
v -0.204835 4.027352 10.852344
v -0.171118 4.838600 11.390225
v 0.894581 4.309799 11.065752
v 1.956782 3.969471 10.805338
v 3.230640 4.046550 10.745803
v 17.807318 4.495637 2.612423
v 16.194323 4.143685 4.093213
v 15.944311 4.279504 4.542365
v 15.369268 4.311256 5.167240
v 13.794675 4.178289 6.413801
v 12.756328 4.126111 7.146464
v 12.016885 4.302765 7.808407
v 9.755816 4.584759 9.283972
v 7.444740 4.342134 10.013118
v 6.581128 4.446226 10.353273
v 20.265429 20.723368 10.668788
v 13.849990 16.188847 13.383594
v 3.226078 9.826909 14.027425
v 18.802908 20.010202 11.514828
v 17.181452 18.508724 12.237984
v 16.194357 18.056377 12.668824
v 7.385457 12.678005 14.458595
v 5.362132 11.071280 14.281771
v 4.439387 10.831709 14.307318
v 3.424341 10.318282 14.208293
v 0.245238 7.304325 12.881537
v -13.103965 5.533782 10.601674
v -20.532793 5.181036 9.706829
v -20.528507 8.375598 11.276808
v -15.913669 5.987315 10.581934
v -12.547139 6.983408 11.445174
v -16.038322 7.453804 11.323104
v -10.865780 7.878785 12.069698
v -1.324172 8.930300 13.583082
v -1.364173 8.185357 13.231503
v -9.346477 6.376443 11.444838
v -1.239359 7.598953 12.945548
v -27.266331 9.045029 -11.119949
v -26.505507 8.999225 -11.128727
v -25.069843 8.961571 -11.269951
v -23.590565 8.945517 -11.445393
v -21.872847 8.950721 -11.620448
v -20.198622 8.982648 -11.814553
v -18.892572 9.026088 -11.963380
v -17.718052 9.079456 -12.110877
v -15.839828 9.195172 -12.374097
v -12.794018 9.448276 -12.764564
v -14.513421 9.293837 -12.537032
v -11.715005 9.560758 -12.919888
v -10.360447 9.718791 -13.126673
v -9.528495 9.825244 -13.274676
v -8.969827 9.895600 -13.267152
v -7.905754 10.044738 -13.437704
v -7.647621 10.088305 -13.567687
v -6.286637 10.295332 -13.712039
v -3.081055 10.959523 -14.448484
v -3.476482 10.820716 -14.317123
v -5.241056 10.590803 -14.097935
v -5.049702 10.520384 -14.026694
v -5.417861 10.504767 -14.030963
v -7.164230 10.194839 -13.716178
v -7.722423 10.189568 -13.694367
v -8.852530 9.962527 -13.469775
v -9.950660 9.889153 -13.352243
v -10.246786 9.782670 -13.258265
v -12.172644 9.597968 -13.004910
v -11.384033 9.615351 -13.037843
v -13.919868 9.460677 -12.776483
v -12.725994 9.482467 -12.865080
v -14.785894 9.331405 -12.618951
v -14.585320 9.305037 -12.585491
v -17.215252 9.192902 -12.320977
v -16.654566 9.173743 -12.341451
v -18.311325 9.065211 -12.096053
v -18.971888 9.067498 -12.062383
v -19.173405 9.100835 -12.075471
v -20.286760 8.996989 -11.860681
v -21.565136 9.064178 -11.809173
v -21.207535 9.018656 -11.813568
v -22.199530 8.965391 -11.648162
v -22.993486 9.001010 -11.612728
v -24.909456 8.984776 -11.370004
v -24.719650 9.068235 -11.466280
v -26.113434 9.047047 -11.288304
v -27.244709 9.133945 -11.211901
v -27.278429 9.089482 -11.174999
v -27.557968 9.213047 -11.180256
v -27.802345 9.198299 -11.103166
v -27.984131 9.224167 -11.025715
v -28.155125 9.239792 -10.933294
v -28.302931 9.233785 -10.833491
v -28.450560 9.252910 -10.717636
v -28.608759 9.257471 -10.565146
v -28.766535 9.260053 -10.372837
v -28.906752 9.252625 -10.152040
v -28.992519 9.254093 -9.977726
v -29.076391 9.282013 -9.765860
v -29.110521 9.256477 -9.630206
v -29.150684 9.264420 -9.438234
v -29.173492 9.280608 -9.220586
v -27.478065 9.140197 -11.177559
v -27.523521 9.081502 -11.116485
v -27.588223 9.054389 -11.049016
v -27.494709 9.036506 -11.023998
v -28.404152 9.079504 -10.545127
v -27.924078 9.058176 -10.894708
v -27.737909 9.115869 -11.081191
v -27.834192 9.083836 -11.002970
v -27.980175 9.136277 -10.990993
v -28.182919 9.169706 -10.892740
v -28.188328 9.105537 -10.824949
v -28.118681 9.067419 -10.782912
v -28.449411 9.182177 -10.693110
v -28.417198 9.123343 -10.659825
v -28.695930 9.210424 -10.444980
v -28.632467 9.161249 -10.478264
v -28.512642 9.103093 -10.520854
v -28.607885 9.089637 -10.309608
v -28.749521 9.162203 -10.323308
v -28.876205 9.173522 -10.128736
v -28.740788 9.115916 -10.236001
v -28.858221 9.106524 -9.954741
v -28.808758 9.100659 -9.997015
v -28.915270 9.146187 -9.989552
v -29.011332 9.208366 -9.885656
v -28.983473 9.140957 -9.787176
v -29.065821 9.181326 -9.660125
v -29.020836 9.130821 -9.597980
v -29.000992 9.110925 -9.366989
v -29.056808 9.127767 -9.306413
v -29.113497 9.183859 -9.418215
v -29.154722 9.218162 -9.207159
v -29.105310 9.156830 -9.250093
v -12.764956 9.450624 -12.677403
v -11.765491 9.553328 -12.827391
v -14.506753 9.292080 -12.425985
v -15.823501 9.192789 -12.240156
v -16.891266 9.122826 -12.081749
v -18.553049 9.038611 -11.887826
v -20.223766 8.979235 -11.681641
v -21.863272 8.949959 -11.492682
v -22.426113 8.941764 -11.411304
v -23.990713 8.943031 -11.242928
v -25.482588 8.966489 -11.089219
v -26.229204 8.987947 -11.032135
v -27.217728 9.022408 -10.929920
v -27.208017 9.008121 -10.882929
v -10.491101 9.694997 -12.995352
v -20.126728 8.902564 -11.549332
v -11.497186 9.516645 -12.742375
v -14.199230 9.261087 -12.348785
v -18.683325 8.986760 -11.757699
v -5.120260 10.454761 -13.808810
v -7.956892 9.986532 -13.316846
v -10.579998 9.653626 -12.916582
v -16.105461 9.146256 -12.120921
v -21.026367 8.938853 -11.507564
v -6.094681 10.309984 -13.681676
v -8.515255 9.938977 -13.274766
v -11.983458 9.513242 -12.733343
v -13.935930 9.322912 -12.442587
v -18.681608 9.017513 -11.810940
v -23.376345 8.905620 -11.230612
v -23.026773 8.871140 -11.230023
v -25.726128 8.931914 -10.977589
v -27.206490 8.980885 -10.835577
v -29.006596 9.111742 9.330537
v -29.148413 9.281429 9.465096
v -29.082470 9.282686 9.749181
v -28.969437 9.275443 10.034517
v -28.851227 9.254083 10.245297
v -28.712873 9.242110 10.440708
v -28.533169 9.253393 10.641808
v -28.352537 9.240670 10.797982
v -28.204700 9.235982 10.901717
v -28.028419 9.226342 11.004215
v -27.636499 9.210999 11.159274
v -27.853600 9.219657 11.083541
v -27.414738 9.183294 11.207335
v -27.742565 9.047688 10.952282
v -28.561728 9.089473 10.400060
v -29.102028 9.158387 9.354943
v -29.148907 9.214897 9.310722
v -29.056885 9.129930 9.373542
v -29.074755 9.212284 9.704244
v -29.010841 9.166114 9.799758
v -28.982971 9.129108 9.737515
v -28.942368 9.107991 9.649855
v -28.939358 9.207798 10.054157
v -28.870480 9.143360 10.077843
v -28.784904 9.101181 10.083630
v -28.739336 9.192232 10.377321
v -28.737968 9.138477 10.299294
v -28.601330 9.129668 10.468147
v -28.476635 9.182674 10.668357
v -28.370897 9.114404 10.691614
v -28.299313 9.088152 10.694420
v -28.303967 9.073647 10.619863
v -28.199184 9.168015 10.881632
v -28.065277 9.103958 10.907430
v -28.048901 9.066990 10.834836
v -27.899107 9.173609 11.052315
v -27.881475 9.125958 11.028946
v -27.770384 9.061967 10.989276
v -27.667742 9.085662 11.076509
v -27.625538 9.142843 11.139455
v -2.014672 11.087009 14.512806
v -5.341991 10.454234 13.886520
v -6.219231 10.316393 13.814895
v -7.584479 10.102152 13.588475
v -7.446316 10.113756 13.525216
v -8.456741 9.969666 13.417049
v -10.940518 9.653559 13.077302
v -11.967837 9.535446 12.906522
v -13.444099 9.388464 12.700079
v -14.471395 9.294253 12.440453
v -15.724996 9.199705 12.367568
v -16.702263 9.136624 12.241899
v -17.994556 9.067825 12.078562
v -18.625202 9.038911 12.016606
v -20.141144 8.985805 11.837512
v -21.857166 8.949876 11.631919
v -23.325426 8.943680 11.453939
v -24.532288 8.952213 11.323786
v -25.928413 8.983520 11.207355
v -27.255928 9.045677 11.120900
v -26.032906 9.018236 11.265748
v -27.268957 9.100123 11.186829
v -25.851831 9.061400 11.332642
v -23.886522 9.058948 11.554217
v -23.750280 8.990658 11.519538
v -23.283442 8.958652 11.521314
v -19.765936 9.108502 12.020704
v -20.631763 9.050213 11.898210
v -20.728622 9.001373 11.839844
v -18.263552 9.086849 12.135564
v -17.893753 9.155821 12.233043
v -16.176804 9.226093 12.429717
v -13.800098 9.464467 12.790551
v -16.019089 9.196289 12.393404
v -14.619955 9.371448 12.663481
v -13.256795 9.438394 12.799999
v -11.725131 9.617387 13.046144
v -10.064618 9.840166 13.315643
v -9.642649 9.809820 13.253790
v -9.389542 9.878448 13.369684
v -7.711061 10.163321 13.680388
v -5.608767 10.516048 14.032730
v -7.338782 10.167370 13.688021
v -4.768900 10.583642 14.097934
v -3.227293 10.929731 14.423190
v -2.534090 11.021702 14.504204
v -27.411533 9.102608 11.165338
v -27.473612 9.057514 11.094249
v -27.250719 9.026516 11.059292
v -18.386528 9.046508 11.903073
v -25.744764 8.974023 11.082590
v -27.111786 9.018649 10.943764
v -27.503641 9.034468 10.859823
v -23.976494 8.944326 11.258099
v -22.309156 8.942582 11.434751
v -21.039240 8.960828 11.581962
v -19.649986 8.996186 11.746115
v -16.790056 9.128983 12.106233
v -15.753520 9.197689 12.248402
v -13.858900 9.346907 12.503194
v -12.822004 9.443183 12.666306
v -10.609763 9.684677 13.005139
v -5.999814 10.340340 13.735256
v -21.066137 8.878127 11.438258
v -9.498347 9.819719 13.154730
v -7.855314 10.048034 13.419865
v -12.136104 9.491220 12.697827
v -16.296494 9.142374 12.115101
v -18.838856 9.009612 11.784567
v -21.334326 8.937465 11.487990
v -23.790102 8.925268 11.215498
v -25.699274 8.957806 11.025989
v -7.914876 10.005586 13.341810
v -10.740589 9.635203 12.893610
v -13.682240 9.320236 12.435026
v -15.065630 9.191828 12.226000
v -17.580639 9.027893 11.887325
v -20.607311 8.923553 11.526731
v -23.820232 8.887719 11.158613
v -27.102512 8.944106 10.817200
v -5.652154 10.362150 13.716102
v -6.438417 10.172318 13.528734
v -27.261868 8.927682 -10.773237
v -27.508121 9.016931 -10.791755
v -27.483219 8.940577 -10.715218
v -25.585697 1.232321 -5.433618
v -26.310976 2.787993 -6.229278
v -26.795742 3.861659 -6.842265
v -27.410200 5.303378 -7.523144
v -27.952602 6.695556 -8.229487
v -28.065542 6.987756 -8.159718
v -28.686518 8.999591 -9.353828
v -23.527569 0.000006 -6.583188
v -23.773998 -0.000004 -6.526806
v -24.220732 0.000000 -6.323225
v -24.478966 0.000002 -6.119323
v -24.839170 0.000005 -5.594195
v -24.999123 0.000001 -4.893446
v -24.976692 0.000022 -5.127171
v -24.923132 0.000017 -5.364020
v -24.692867 0.000010 -5.862233
v -24.023369 0.000010 -6.433196
v -27.700680 8.949860 -10.624706
v -27.786758 8.510422 -10.333167
v -27.916948 8.975167 -10.511174
v -27.913338 8.442228 -10.191739
v -28.141668 8.973312 -10.324132
v -28.297522 8.982082 -10.161329
v -28.427000 8.987148 -9.985258
v -28.560026 9.004233 -9.752555
v -28.631536 8.991424 -9.545063
v -28.724476 8.984617 -8.998801
v -28.708441 8.992173 -9.216802
v -28.593523 8.563345 -8.931603
v -28.454468 8.115036 -8.615503
v -28.340345 7.772383 -8.571842
v -28.158302 7.250263 -8.366845
v -27.855921 6.428108 -8.018106
v -27.708958 6.055777 -7.936937
v -27.283102 4.997449 -7.375666
v -25.367477 3.864071 -8.559602
v -27.140688 8.198617 -10.473522
v -27.278843 8.079865 -10.366816
v -26.829218 7.224562 -10.075371
v -27.020658 7.143949 -9.964689
v -26.544071 6.152352 -9.578841
v -26.234812 5.526505 -9.316883
v -25.755669 4.213944 -8.670316
v -27.514685 8.265206 -10.359350
v -27.269575 7.509432 -10.057799
v -26.814993 6.246333 -9.519876
v -26.514563 5.384746 -9.112233
v -26.107697 4.435125 -8.670768
v -27.103117 6.750908 -9.684648
v -25.811316 3.588841 -8.215584
v -27.563072 7.745307 -10.022783
v -27.290504 6.969759 -9.708401
v -26.864525 5.830939 -9.209003
v -26.451601 4.719816 -8.664727
v -27.621235 7.361992 -9.716156
v -27.248140 6.370203 -9.305637
v -26.947231 5.571527 -8.941213
v -26.388891 4.244827 -8.325699
v -27.941198 8.080459 -9.918725
v -27.799030 7.374240 -9.530542
v -27.449881 6.442576 -9.151997
v -27.084038 5.618778 -8.840075
v -26.538712 4.214856 -8.139780
v -28.146595 8.254789 -9.800727
v -27.189056 5.577471 -8.670012
v -28.125866 7.920789 -9.541306
v -27.721224 6.881612 -9.189226
v -26.733004 4.353815 -8.016511
v -27.863756 7.017628 -9.086429
v -27.559202 6.207954 -8.745323
v -27.264864 5.466001 -8.417421
v -26.484283 3.624764 -7.539513
v -28.243778 7.982561 -9.373687
v -26.956558 4.587534 -7.887906
v -27.975426 7.068302 -8.896737
v -27.474216 5.753860 -8.335749
v -26.518120 3.495772 -7.264679
v -28.415897 8.230163 -9.220744
v -27.748531 6.354331 -8.476262
v -27.016184 4.553355 -7.667427
v -28.030392 7.017915 -8.621726
v -27.618429 5.917102 -8.124922
v -27.342390 5.246965 -7.852355
v -26.318733 2.949248 -6.850016
v -28.355133 7.889647 -8.862842
v -27.154081 4.733472 -7.469048
v -26.671494 3.632860 -6.965310
v -26.029894 2.889927 -7.379395
v -25.408564 3.058306 -8.034491
v -25.282106 3.178628 -8.162901
v -24.863462 2.949961 -8.116877
v -25.767603 2.584154 -7.378605
v -25.933943 3.345850 -7.936946
v -25.827131 2.037236 -6.596335
v -25.709522 1.944882 -6.711889
v -25.107643 2.030373 -7.427491
v -24.767282 1.922352 -7.503307
v -26.116123 2.415286 -6.374044
v -25.294149 1.673196 -6.967464
v -26.067480 2.263668 -6.080647
v -25.476143 1.717385 -6.797271
v -25.368612 2.199376 -7.388637
v -24.834141 1.725340 -7.335709
v -24.631540 2.024087 -7.609100
v -25.479527 1.174043 -5.980870
v -25.792877 1.670229 -5.643831
v -24.759760 0.915390 -6.729661
v -27.543028 8.984113 -10.728257
v -27.730143 9.044278 -10.778749
v -28.010075 9.057687 -10.611838
v -28.377178 9.075517 -10.289136
v -28.557053 9.083315 -10.016930
v -27.760853 8.997776 -10.636322
v -28.076183 9.014328 -10.432014
v -28.216444 9.021773 -10.304092
v -28.385181 9.026530 -10.103736
v -28.669662 9.040802 -9.547087
v -28.746172 9.055245 -9.280472
v -28.758997 9.039203 -9.021863
v -28.566551 9.056797 -9.868568
v -27.856638 9.035464 -10.646344
v -28.197275 9.052394 -10.395959
v -28.397165 9.062832 -10.177657
v -28.692953 9.076393 -9.634863
v -28.810570 9.079695 -8.996293
v -28.809917 9.093405 -9.341274
v -28.688028 9.091496 -9.799975
v -28.870859 9.102272 -9.318489
v -28.759712 9.038920 8.973995
v -28.812939 9.081238 9.053930
v -28.866547 9.100775 9.118877
v -28.793877 9.095424 9.433162
v -28.615122 9.087803 9.951777
v -28.416988 9.077679 10.241365
v -28.108973 9.061275 10.525636
v -27.785677 9.046227 10.729992
v -28.714581 8.996331 9.184225
v -28.685419 9.000498 9.361790
v -28.616428 9.003745 9.610594
v -28.491499 8.997946 9.884518
v -28.363808 8.985422 10.076267
v -28.191286 8.977420 10.277481
v -28.033766 8.971875 10.419151
v -27.904638 8.973968 10.517625
v -27.707848 8.964128 10.630081
v -28.740026 9.043153 9.239702
v -28.590504 9.036915 9.751754
v -28.374884 9.028110 10.119462
v -28.163376 9.019550 10.358816
v -27.528868 8.939692 10.695948
v -27.476692 8.955671 10.725983
v -28.721794 9.061387 9.449852
v -28.646389 9.074632 9.761124
v -28.505060 9.062332 9.995228
v -28.295057 9.056888 10.299952
v -27.913614 9.023208 10.577393
v -27.631163 9.011464 10.725030
v -27.497826 9.015473 10.792744
v -27.282663 8.925599 10.766872
v -27.373249 8.987934 10.795184
v -27.147125 8.998675 10.873591
v -24.837851 0.000006 5.596745
v -23.727757 0.000022 6.539624
v -23.905010 0.000017 6.483363
v -24.072165 0.000006 6.408459
v -24.286432 0.000005 6.280208
v -24.498848 0.000002 6.097230
v -24.676701 0.000004 5.887538
v -24.923569 0.000002 5.362310
v -24.972456 -0.000001 5.148884
v -24.999121 0.000001 4.886991
v -28.098204 8.446067 10.010373
v -27.945639 8.385126 10.126501
v -28.546381 8.400498 8.790992
v -28.454262 8.114489 8.610146
v -28.360897 7.834091 8.587097
v -28.265375 7.551073 8.390910
v -28.156315 7.245605 8.381599
v -27.950373 6.679243 8.171679
v -27.705826 6.047570 7.940192
v -27.479034 5.473812 7.615627
v -27.406481 5.295788 7.523623
v -27.260952 4.949088 7.424967
v -26.780966 3.831731 6.845731
v -26.306763 2.782756 6.338603
v -26.052982 2.229994 5.963676
v -25.792475 1.671257 5.668448
v -25.530806 1.118638 5.467410
v -28.474216 8.540277 9.449599
v -28.279774 8.241233 9.574482
v -28.173065 7.635320 9.128925
v -27.853178 7.007350 9.099985
v -27.698954 6.450735 8.754671
v -27.338120 5.524264 8.340096
v -26.979898 4.547794 7.768922
v -26.710995 4.145993 7.797945
v -26.523205 3.507136 7.268617
v -26.092453 2.781120 7.142693
v -25.785719 1.997471 6.631498
v -25.449579 1.186744 6.096949
v -27.257629 5.660982 8.655996
v -27.016644 4.941792 8.235043
v -25.357796 1.337470 6.511511
v -28.125675 8.163867 9.755794
v -27.776510 7.121790 9.336775
v -27.423450 6.288702 9.047912
v -26.698082 4.500147 8.231141
v -26.456856 3.881143 7.891977
v -25.977734 2.777551 7.324140
v -27.857573 7.593051 9.638026
v -25.353252 1.642607 6.871256
v -27.432198 6.733058 9.418857
v -27.019251 5.456223 8.766438
v -26.044743 3.189784 7.681040
v -27.704283 7.619535 9.822511
v -26.947140 5.587251 8.954448
v -26.484137 4.458208 8.422543
v -25.893835 3.143112 7.790926
v -25.108143 1.444909 6.923478
v -27.311308 6.802871 9.575621
v -27.690592 8.191925 10.209884
v -27.400637 7.330462 9.870118
v -26.893568 5.799887 9.164155
v -26.581789 5.135719 8.892833
v -25.968447 3.616307 8.134797
v -25.446466 2.582714 7.655260
v -24.835430 1.279037 6.986738
v -26.855898 6.096342 9.399776
v -26.032755 4.091369 8.462523
v -27.509563 8.256360 10.356965
v -27.128777 7.297773 10.007487
v -26.966370 6.704556 9.731542
v -26.328497 5.169898 9.061880
v -25.112522 2.315398 7.640705
v -25.725870 3.903570 8.480304
v -25.136225 2.585428 7.818877
v -27.278374 8.086441 10.370353
v -26.603302 6.154849 9.557676
v -24.565809 1.612577 7.361392
v -27.136494 8.236726 10.492764
v -26.881002 7.334011 10.117500
v -26.563696 6.531204 9.782882
v -26.181450 5.504160 9.317032
v -25.724888 4.426814 8.809483
v -25.211903 3.254883 8.231211
v -24.622978 2.122724 7.671537
v -26.046196 2.244062 6.215370
v -26.629324 3.556704 6.994495
v -28.257914 7.591006 8.726966
v -25.697380 1.567301 6.061763
v -26.861126 4.110290 7.315319
v -27.470707 5.558608 7.995558
v -27.910725 6.697243 8.497002
v -28.540367 8.530207 9.205038
v -26.037081 2.360961 6.585561
v -28.262150 7.722861 8.966901
v -27.487244 5.724456 8.245351
v -27.878357 6.733342 8.682220
v -28.725000 8.985188 8.997627
v -26.852411 10.537199 -9.209968
v -26.944403 10.534495 -9.118126
v -27.049328 10.552479 -8.934012
v -27.238216 10.724983 -9.400053
v -27.203272 10.715371 -9.281470
v -27.156008 10.688809 -9.099099
v -27.125389 10.662843 -9.013737
v -26.763180 10.606312 -9.317771
v -27.101940 10.629646 -8.896912
v -27.083059 10.586562 -8.823852
v -27.057955 10.591187 -8.987772
v -27.109533 10.667631 -9.157973
v -27.155228 10.699386 -9.263547
v -26.749969 10.554654 -9.280837
v -27.042664 10.622149 -9.129624
v -27.174299 10.714972 -9.372836
v -27.002613 10.574678 -9.087097
v -27.018002 10.642863 -9.228692
v -26.936201 10.580854 -9.186209
v -27.069374 10.688438 -9.328490
v -26.859539 10.592411 -9.261455
v -26.955515 10.653998 -9.306374
v -27.000380 10.537325 -9.034854
v 15.506333 17.314070 -10.628431
v 8.246145 12.726758 -12.140849
v 6.793449 11.346650 -11.969507
v 5.885132 10.111546 -11.603995
v 4.984537 9.415789 -11.419906
v 17.824663 23.400814 -9.868301
v 23.077227 22.303459 -6.080590
v 22.092697 19.345282 -6.550315
v 14.797353 22.023130 -11.352920
v 13.140632 20.977028 -11.982110
v 4.031367 9.588592 -11.640711
v 8.661274 14.105596 -12.445161
v 11.516751 16.082779 -12.057123
v 20.039022 18.512299 -8.053556
v 20.687378 18.774317 -7.609731
v 8.981353 14.744561 -12.521072
v 7.292231 11.985826 -12.107302
v -26.213326 9.074947 -8.782832
v -13.364902 9.529952 -10.352837
v -26.289968 9.337769 -8.885599
v -26.463734 9.987172 -9.127847
v -20.540899 10.396335 -9.926665
v -2.479000 12.483000 -12.548000
v 7.824670 17.473402 -13.177805
v 8.436663 18.256311 -13.128405
v 9.492684 19.739006 -12.984349
v 10.096328 21.125916 -12.863414
v 13.835738 21.458656 -11.735112
v 18.926704 23.107122 -9.228646
v 19.966972 23.445417 -8.557052
v 26.452471 25.353056 -2.677593
v 26.482700 20.568380 -1.975104
v 25.735662 20.258999 -2.879851
v 25.873034 21.403299 -2.976870
v 25.773375 22.572809 -3.288264
v 25.439356 22.927040 -3.718130
v 23.622000 22.664000 -5.594000
v 22.717089 21.827991 -6.365050
v 22.698572 20.748215 -6.255723
v 22.690397 19.626183 -6.062050
v 9.032446 19.107847 -13.057427
v 10.218550 20.457596 -12.834279
v 10.460301 19.381397 -12.744043
v 10.988481 19.311903 -12.600466
v 10.816405 20.038914 -12.675056
v 11.272098 20.556982 -12.563656
v 12.273005 20.631380 -12.267257
v 11.844506 21.001528 -12.403576
v 12.785675 21.398216 -12.107591
v 9.550166 18.901073 -12.939144
v 10.249704 18.717720 -12.760023
v 11.489237 19.826735 -12.481031
v 12.182824 19.671650 -12.262229
v 12.650631 20.159807 -12.128735
v 16.492346 19.314585 -10.427650
v 17.862692 18.161467 -9.473166
v 18.615807 18.630116 -9.078029
v 19.239758 18.413591 -8.614330
v 19.336788 19.010517 -8.658711
v 17.298626 17.838181 -9.749514
v 20.027002 19.102049 -8.181298
v 20.508327 19.945860 -7.960961
v 21.015856 19.610382 -7.513211
v 22.309212 20.102119 -6.503760
v 21.565948 19.570156 -7.051958
v 21.883909 20.433743 -6.927302
v 19.544132 19.866385 -8.647058
v 21.400312 20.631561 -7.355396
v 22.192003 21.082022 -6.748074
v 15.727459 22.210581 -10.943913
v 16.496946 23.088146 -10.569129
v 18.403149 22.783894 -9.547162
v 17.568327 22.233616 -10.019744
v 17.016905 21.377436 -10.299184
v 18.793646 21.083172 -9.259047
v 18.936165 22.036629 -9.213708
v 19.807531 22.561382 -8.660022
v 20.567421 23.213200 -8.139653
v 17.135292 19.496744 -10.100294
v 17.670752 19.973701 -9.846502
v 18.307961 20.420042 -9.509830
v 19.131081 20.535192 -8.999211
v 19.939272 20.907213 -8.485689
v 19.609653 21.587561 -8.758760
v 20.284496 21.801735 -8.302063
v 20.733702 22.444559 -8.005713
v 21.442799 22.716751 -7.478375
v 21.257458 23.498032 -7.634729
v 21.781961 23.729441 -7.229790
v 22.497881 23.954687 -6.648293
v 24.517353 24.017105 -4.783429
v 24.857279 24.468740 -4.444903
v 27.542589 22.734055 -0.966116
v 23.399897 24.132385 -5.859902
v 22.067118 22.715611 -6.979205
v 20.895864 21.643696 -7.845552
v 25.092060 23.274462 -4.134863
v 25.339287 25.235903 -3.944330
v 25.399837 24.076183 -3.846107
v 23.797045 23.275761 -5.464020
v 25.798861 24.754995 -3.427079
v 22.102659 21.780005 -6.892478
v 22.593191 22.502447 -6.524113
v 23.945198 24.570108 -5.355014
v 18.870703 19.441605 -9.041799
v 21.513321 21.714588 -7.372616
v 23.063549 23.313196 -6.144666
v 25.979948 23.600571 -3.147278
v 26.459972 24.365940 -2.621911
v 26.422485 21.462860 -2.282361
v 26.172644 22.379042 -2.769802
v 26.448845 23.401218 -2.552152
v 26.654247 22.593672 -2.181788
v 27.057152 24.226114 -1.846040
v 27.223656 25.376492 -1.706669
v 26.744379 21.114840 -1.756976
v 26.947695 23.108698 -1.866545
v 27.096027 22.119715 -1.491203
v 27.508806 24.004320 -1.205788
v 27.680244 25.391855 -1.089613
v 27.230122 20.826670 -0.966776
v 27.417902 21.673323 -0.920150
v 27.787540 23.868368 -0.784446
v 5.388446 9.723746 -11.506441
v 5.404215 10.443314 -11.846275
v 6.168171 10.840057 -11.885208
v 4.803272 10.103027 -11.784443
v 2.779795 9.535909 -11.730206
v 4.164092 10.288889 -11.952749
v 3.315470 9.922076 -11.872872
v 4.815343 10.869422 -12.120646
v 5.490371 11.179536 -12.145310
v 6.270934 11.603380 -12.174442
v 4.127592 10.823208 -12.186181
v 3.371206 10.481107 -12.115506
v 6.971413 12.336233 -12.301380
v 5.646253 11.683301 -12.312838
v 7.725909 12.706550 -12.260303
v 2.415125 9.951750 -11.946068
v 6.279864 12.195779 -12.386800
v 0.908812 9.358071 -11.697987
v 1.910705 9.709078 -11.856016
v 2.688365 10.605460 -12.213778
v 4.428502 11.435873 -12.388223
v 4.950371 11.738754 -12.433608
v 1.134876 9.948990 -11.973822
v 3.523207 11.213896 -12.394567
v 5.608451 12.250279 -12.515017
v 7.934468 13.389970 -12.424129
v 7.568914 16.675724 -13.141105
v 15.232592 21.389719 -11.162478
v 14.490124 21.122637 -11.471213
v 13.452746 20.436880 -11.855698
v 6.734847 15.866217 -13.170284
v -0.536748 9.463648 -11.690131
v 0.072967 10.057693 -11.992274
v 1.464191 10.733301 -12.298119
v 2.131054 11.412286 -12.537509
v 3.134326 11.639780 -12.572927
v 3.897566 12.089968 -12.663316
v 4.814818 12.329704 -12.646056
v 5.004113 12.889450 -12.790052
v 5.924404 12.799783 -12.636816
v 6.465028 13.057549 -12.624110
v 7.176669 13.171253 -12.524413
v 1.952649 10.557332 -12.222407
v 0.227569 9.520034 -11.758569
v 4.106298 11.782994 -12.545183
v 2.660885 11.122124 -12.414171
v 0.752358 10.132570 -12.047749
v 0.691883 10.699444 -12.274827
v 6.774852 13.722847 -12.748099
v 7.695306 13.890388 -12.612925
v 8.221868 14.620418 -12.673020
v 10.255539 15.694065 -12.378498
v 10.879009 16.570112 -12.349239
v 11.744550 17.601078 -12.225278
v 12.691045 17.657448 -11.902933
v 13.408215 18.191284 -11.702801
v 13.735229 19.349388 -11.687893
v 14.390035 19.285069 -11.417828
v 15.144498 19.316566 -11.089314
v 15.712807 19.417881 -10.831957
v 15.884228 20.188780 -10.811500
v 16.517143 20.626892 -10.524879
v 17.289478 20.856482 -10.129744
v 18.210501 21.169643 -9.620704
v 18.006302 21.829624 -9.766956
v 12.091714 16.895430 -12.006115
v 14.214087 18.453098 -11.404096
v 17.392427 20.375179 -10.041574
v 16.467854 19.777561 -10.487971
v 12.361864 16.472340 -11.834111
v 13.662655 17.414040 -11.489246
v 14.384101 17.694126 -11.227571
v 13.049066 16.880478 -11.647059
v 14.969485 18.433142 -11.068695
v 13.870545 16.824286 -11.297144
v 14.813789 17.459755 -10.993519
v 15.764206 18.275267 -10.665698
v 16.781254 18.636003 -10.185033
v 18.494011 19.851700 -9.338623
v 16.430069 17.737062 -10.225726
v 17.616816 19.107275 -9.776464
v 18.167948 19.081503 -9.439094
v 20.214325 20.422554 -8.238341
v 20.874441 20.992819 -7.808178
v -1.229916 10.176164 -11.940722
v -1.121219 10.557383 -12.103525
v 12.200177 18.063452 -12.126358
v 13.014098 18.681633 -11.905467
v 9.736481 16.108387 -12.594187
v 8.548007 15.380977 -12.754246
v 7.419131 14.442242 -12.798748
v 5.974959 13.555596 -12.836146
v 3.144514 12.171764 -12.741081
v -0.273132 10.458761 -12.136766
v -0.671022 10.041447 -11.936842
v -1.211203 9.645913 -11.715651
v 14.914515 20.162231 -11.257097
v 12.095901 18.714939 -12.226813
v 10.642878 17.376795 -12.531368
v 9.633773 16.731504 -12.716928
v 9.191677 15.687141 -12.660797
v 5.122622 13.335228 -12.892007
v 2.141893 12.200895 -12.786576
v 1.820180 11.863065 -12.687303
v 1.113261 11.320841 -12.508632
v 0.282935 10.934132 -12.347857
v 4.098893 12.691456 -12.825715
v 5.601776 13.832062 -12.952868
v 6.505319 14.390877 -12.947442
v 7.572089 14.911420 -12.868838
v 7.465717 15.653756 -13.019970
v 13.031687 19.562300 -11.967403
v 16.170168 21.505222 -10.731600
v 15.711885 20.804035 -10.927781
v 14.877789 20.692091 -11.296605
v 14.001308 20.305159 -11.642331
v 11.817408 19.172159 -12.348720
v 10.902673 18.203125 -12.546235
v 4.593555 13.623929 -13.018020
v 3.488780 12.849172 -12.912270
v 1.237829 12.017449 -12.728809
v 0.029216 11.277552 -12.453239
v 0.524732 11.715049 -12.617110
v 2.362263 12.757737 -12.931243
v 2.693798 13.176619 -13.026724
v 5.542556 14.439120 -13.089577
v 6.426512 14.980337 -13.074241
v 8.194883 15.978720 -12.932581
v 8.519470 16.766579 -12.974954
v 9.078205 17.446985 -12.932371
v 9.886831 17.876341 -12.785516
v 17.045805 22.530262 -10.300134
v -0.900820 10.863541 -12.239660
v -0.895087 11.172565 -12.346601
v 3.732418 13.591784 -13.075227
v 1.081039 12.441206 -12.842832
v -0.231574 11.749604 -12.584548
v -0.978686 11.544664 -12.456230
v 1.592399 12.895458 -12.965749
v 0.434937 12.401822 -12.806425
v 0.753261 13.001829 -12.965137
v -0.758400 12.172785 -12.657129
v -0.207226 12.604375 -12.812858
v -26.535820 9.843743 -9.047814
v -26.794310 9.522516 -8.474354
v -26.322786 9.075188 -8.751112
v -26.425903 9.104529 -8.711737
v -26.497444 9.084961 -8.641514
v -26.768642 9.768973 -8.820361
v -26.646706 9.123707 -8.435653
v -26.677666 9.135670 -8.302426
v -26.705362 9.860105 -8.951429
v -26.921152 9.960779 -8.595494
v -26.664272 9.983464 -9.050154
v -26.919716 10.071217 -8.794368
v -27.037052 10.397765 -8.740072
v -27.091595 10.609258 -1.905555
v -27.117414 10.652776 -1.898333
v -27.168667 10.700561 -1.882719
v -27.268000 10.728000 -3.713000
v -27.241776 10.727199 -1.854530
v -26.574930 9.068040 -8.527805
v -26.633053 9.040343 -8.285916
v -26.571886 8.935652 -8.269668
v -26.437393 8.774339 -8.195704
v -26.334284 8.688071 -8.134147
v -26.227707 8.622524 -8.118858
v -26.124147 8.573702 -8.089928
v -25.950077 8.519848 -8.013482
v -25.786686 8.500594 -7.965588
v -26.061066 8.557279 -8.155488
v -25.895451 8.515487 -8.076092
v -26.182966 8.617035 -8.244516
v -26.311871 8.687366 -8.260677
v -26.081282 8.618496 -8.346745
v -26.397240 8.779160 -8.371175
v -26.262436 8.699003 -8.382389
v -26.490847 8.850462 -8.333053
v -26.093517 8.684147 -8.466156
v -26.351809 8.822715 -8.513248
v -26.244255 8.782762 -8.537791
v -26.321844 8.944870 -8.666142
v -26.443075 8.966704 -8.593843
v -26.494854 8.916931 -8.470078
v -26.583536 8.984025 -8.383699
v -26.611336 8.996172 -1.910384
v -25.816387 8.503056 -1.911298
v -25.740263 8.499960 -1.953969
v -26.685480 9.155298 -1.899171
v -26.182217 8.601411 -1.906630
v -25.953623 8.521080 -1.925344
v -26.088209 8.561252 -1.907739
v -26.267176 8.645490 -1.928184
v -26.358084 8.708658 -1.924555
v -26.440666 8.782752 -1.891391
v -26.533489 8.880851 -1.909530
v -27.001484 10.260379 -1.895346
v -26.814150 9.582726 -1.899853
v -26.897955 10.739746 -1.731123
v -26.941448 10.724493 -1.728762
v -27.083166 10.623976 -1.856216
v -26.654112 9.129171 -1.835018
v -26.831127 9.715230 -1.831506
v -26.629641 9.206783 -1.772278
v -26.563629 9.166650 -1.743490
v -26.768862 9.843825 -1.743056
v -26.519775 9.207455 -1.727091
v -26.403761 9.049993 -1.731169
v -26.874605 10.045640 -1.774500
v -27.062986 10.620559 -1.821891
v -27.025696 10.628851 -1.776916
v -27.213224 10.789758 -1.729973
v -27.073767 10.880894 -1.708157
v -27.121334 10.687254 -1.830508
v -27.209848 10.742114 -1.797961
v -27.152189 10.740409 -1.779911
v -27.065916 10.696362 -1.773271
v -27.135572 10.770423 -1.748433
v -27.170708 10.845824 -1.702665
v -27.195303 10.914433 -1.680226
v -27.076340 10.800521 -1.724090
v -27.007421 10.761271 -1.728723
v -26.971964 10.673245 -1.739105
v -27.233206 10.723780 9.327477
v -27.684422 10.746936 1.684226
v -28.363144 10.779788 1.086441
v -28.081387 10.764876 1.407341
v -28.579111 10.791154 0.705205
v -28.733841 10.797773 0.232937
v -28.712851 10.797886 -0.243473
v -28.500395 10.787001 -0.864585
v -28.295874 10.776217 -1.176016
v -28.118835 10.768392 -1.348290
v -27.678423 10.746860 -1.684685
v -27.222483 10.913984 1.674166
v -27.209167 10.854241 1.690169
v -27.196487 10.786610 1.736571
v -27.370712 10.785795 1.692726
v -27.223715 10.743766 1.792951
v -27.230038 10.725117 1.860434
v -27.703829 10.939832 -1.456022
v -27.400600 10.934237 -1.612382
v -27.590305 10.945182 -1.523135
v -27.878649 10.971749 -1.334314
v -28.036917 10.983894 -1.192176
v -28.120802 10.973661 -1.097734
v -28.222557 10.978450 -0.966859
v -28.279039 11.005424 -0.887843
v -28.388960 11.014060 -0.681283
v -28.452154 11.003326 -0.513091
v -28.506142 11.007243 -0.301468
v -28.527311 11.028142 -0.179316
v -28.538162 11.028374 0.029223
v -28.514421 11.025705 0.275135
v -28.444912 11.020649 0.544096
v -28.336393 11.010808 0.791631
v -28.270754 10.980255 0.897218
v -28.173204 10.993610 1.037928
v -28.015537 10.983592 1.214412
v -28.629002 10.799072 -0.475203
v -28.675665 10.802034 0.257619
v -27.887760 10.951562 1.325695
v -27.702911 10.956158 1.458838
v -27.517818 10.947616 1.560732
v -27.533693 10.756118 1.690619
v -27.898020 10.773710 1.471955
v -28.154491 10.786536 1.244318
v -28.415102 10.802308 0.890608
v -28.565247 10.808416 0.564080
v -28.647703 10.814846 -0.143311
v -28.468138 10.803955 -0.791249
v -28.354200 10.798018 -0.988509
v -27.948257 10.776940 -1.432183
v -27.626881 10.763275 -1.633503
v -27.421553 10.751009 -1.733979
v -28.201855 10.820786 1.112707
v -28.554413 10.831940 0.466494
v -28.610933 10.834054 0.171993
v -28.573721 10.820692 -0.471642
v -28.254311 10.815775 -1.070463
v -27.872765 10.791129 -1.449901
v -27.517860 10.806472 1.615871
v -27.748344 10.806373 1.502746
v -27.963913 10.820450 1.341136
v -28.299139 10.839749 0.961083
v -28.409649 10.846136 0.769879
v -28.601257 10.846021 -0.124659
v -28.533634 10.855615 -0.442821
v -28.433979 10.862128 -0.683581
v -28.097033 10.830009 -1.215111
v -27.579226 10.797876 -1.600328
v -27.361319 10.797146 -1.681057
v -28.056316 10.864615 1.214912
v -28.449623 10.879654 0.620979
v -28.527157 10.881799 0.385221
v -28.560812 10.889009 0.139887
v -28.562662 10.889752 -0.119558
v -28.334955 10.874993 -0.857028
v -27.791430 10.837270 -1.445230
v -27.631107 10.872589 1.515962
v -27.813656 10.880855 1.399647
v -28.218683 10.915132 0.989213
v -28.333630 10.909205 0.822392
v -28.520657 10.921143 0.302979
v -28.495863 10.919648 -0.420318
v -28.206749 10.894676 -1.021291
v -28.076059 10.888465 -1.174812
v -27.943428 10.892609 -1.293870
v -27.576244 10.851826 -1.555998
v -27.370558 10.873483 1.634303
v -28.080647 10.922201 1.153828
v -28.399719 10.950798 0.666653
v -28.478573 10.953740 0.440220
v -28.527063 10.962407 0.194077
v -28.538048 10.961860 0.016821
v -28.532183 10.959989 -0.138615
v -28.408171 10.949435 -0.643574
v -28.327572 10.945810 -0.809271
v -27.783455 10.903042 -1.412778
v -27.437841 10.878139 -1.606666
v -27.102551 10.630730 1.903543
v -27.092810 10.888160 1.704189
v -27.183714 10.713930 1.848282
v -27.145329 10.681951 1.891894
v -27.146618 10.710533 1.819421
v -27.087791 10.645724 1.834543
v -27.092873 10.688733 1.797988
v -27.120857 10.750191 1.760656
v -27.046362 10.723671 1.749726
v -27.130196 10.828554 1.713395
v -26.989828 10.668401 1.747230
v -27.059343 10.810670 1.720777
v -26.939777 10.695869 1.730219
v -26.990202 10.810568 1.721301
v -26.888699 10.715353 1.730737
v -27.029470 10.630332 1.779318
v -27.069077 10.609316 1.836206
v -27.082798 10.580889 1.906682
v -26.228014 8.842230 -1.745103
v -26.136049 8.751704 -1.752226
v -25.983894 8.702989 -1.751004
v -25.813297 8.669408 -1.739891
v -26.446026 8.994638 -1.740308
v -26.425953 8.905540 -1.762841
v -26.239166 8.737974 -1.775917
v -26.049116 8.647655 -1.776283
v -25.780224 8.607160 -1.755253
v -26.557411 9.035388 -1.778395
v -26.419344 8.835137 -1.796717
v -26.323023 8.715558 -1.837341
v -26.112650 8.604671 -1.835308
v -25.860937 8.561007 -1.801844
v -26.565298 8.962660 -1.837403
v -25.888844 8.526127 -1.857296
v -25.619030 8.597317 1.733977
v -25.934223 8.626354 1.768150
v -25.691671 8.661160 1.725471
v -25.501972 8.507520 -1.827662
v -25.634270 8.542403 -1.787498
v -25.622213 8.668077 -1.707773
v -25.401918 8.658385 -1.648557
v -25.166275 8.637702 -1.553419
v -24.943611 8.646012 -1.417469
v -24.801371 8.626258 -1.313386
v -24.671551 8.606739 -1.201339
v -24.516144 8.636221 -1.003207
v -24.376158 8.630020 -0.777947
v -24.267731 8.610117 -0.547027
v -24.216085 8.595829 -0.379244
v -24.205919 8.625325 -0.263654
v -24.182411 8.613906 -0.077419
v -24.189425 8.625139 0.125982
v -24.219584 8.625594 0.338019
v -24.279379 8.629378 0.551755
v -24.365345 8.631578 0.755492
v -24.488951 8.617611 0.975736
v -24.661978 8.605276 1.193089
v -24.830959 8.609706 1.345531
v -25.044065 8.632649 1.487605
v -25.281153 8.642120 1.605000
v -25.431381 8.621020 1.666615
v -25.285679 8.550659 -1.673242
v -25.128412 8.520546 -1.650292
v -24.772449 8.521609 -1.418171
v -24.814219 8.559719 -1.382135
v -24.502645 8.563209 -1.056412
v -24.474525 8.515564 -1.132479
v -24.312763 8.533953 -0.821642
v -24.214417 8.538972 -0.566475
v -24.137703 8.537788 -0.275854
v -24.133898 8.535956 0.276832
v -24.139465 8.514531 0.483499
v -24.324362 8.559319 0.771334
v -24.348017 8.516570 0.957222
v -24.462519 8.552939 1.022014
v -24.705883 8.534630 1.333226
v -25.076441 8.558198 1.564193
v -25.055115 8.518249 1.618096
v -25.499113 8.539994 1.760882
v -24.831272 8.502920 -1.547274
v -24.364162 8.503016 -1.062109
v -24.190062 8.502516 -0.738639
v -24.066788 8.504504 -0.313752
v -24.043663 8.503332 0.139583
v -24.161470 8.501490 0.726596
v -24.441826 8.501651 1.182578
v -24.682453 8.503142 1.409256
v -25.137856 8.501831 1.722772
v -25.477047 8.506781 1.823464
v -25.499706 8.597622 -1.706910
v -25.006140 8.572285 -1.502944
v -24.419014 8.578834 -0.911565
v -24.145855 8.559726 0.097708
v -24.201508 8.574692 0.401207
v -24.254456 8.561528 0.605241
v -25.828999 8.538277 1.823352
v -27.824995 12.192311 -1.584612
v -28.276272 12.076398 -1.261957
v -27.540855 12.274267 1.691477
v -26.399384 9.032793 1.731336
v -27.235205 12.356802 1.745642
v -26.218260 8.832785 1.745960
v -27.369011 12.325074 1.728633
v -28.062092 12.111618 1.442089
v -28.182547 12.098051 1.348080
v -28.267828 12.054115 1.266825
v -28.585518 11.976699 0.843062
v -28.670919 11.937026 0.647144
v -28.768198 11.906758 -0.281688
v -28.735582 11.932967 -0.451522
v -28.670712 11.946873 -0.652127
v -28.513216 11.978926 -0.961416
v -28.043180 12.122310 -1.456838
v -27.664345 12.250378 -1.651698
v -27.223351 12.362179 -1.746261
v -26.997410 12.421482 -1.746695
v -26.825586 12.494806 -1.721254
v -26.648867 12.527308 -1.683036
v -26.245838 12.650702 -1.501488
v -25.807150 12.790966 -1.094941
v -25.707687 12.822564 -0.949620
v -25.520418 12.871662 -0.550807
v -25.474762 12.885588 -0.374353
v -25.444384 12.889304 -0.192134
v -25.436270 12.897087 0.024507
v -25.449497 12.885681 0.246566
v -25.489737 12.872108 0.451869
v -25.542334 12.870819 0.606484
v -25.614801 12.830729 0.796553
v -25.749748 12.806379 1.018211
v -25.875826 12.747374 1.189676
v -26.019739 12.719008 1.329321
v -26.207298 12.658205 1.475711
v -26.430635 12.599994 1.598508
v -26.614618 12.546189 1.670621
v -26.825211 12.496359 1.721294
v -27.013519 12.435138 1.745585
v -25.989290 8.703380 1.752076
v -26.957537 10.093662 1.896629
v -26.685640 9.152846 1.902625
v -26.765541 9.829195 1.743373
v -26.829960 9.893356 1.770603
v -26.832546 9.715178 1.834188
v -27.083748 10.587184 8.818226
v -27.110298 10.642919 8.932307
v -27.140144 10.678369 9.106703
v -27.203951 10.714438 9.192130
v -27.021412 10.543788 9.001103
v -26.941807 10.534779 9.121663
v -26.885672 10.548847 9.189446
v -26.840773 10.549727 9.225781
v -26.752619 10.557240 9.281275
v -27.155735 10.695029 9.219875
v -26.885857 10.631042 9.304219
v -26.813192 10.591243 9.283839
v -27.068819 10.573569 8.888569
v -27.059002 10.591753 8.986370
v -27.086306 10.638965 9.071563
v -27.192778 10.717404 9.368032
v -27.071178 10.673737 9.268923
v -26.986021 10.632646 9.233696
v -26.970774 10.580541 9.146312
v -27.040503 10.631020 9.160610
v -27.015976 10.578190 9.063956
v -2.478394 12.483062 12.548012
v 22.689226 19.318577 5.996345
v 21.722549 18.951391 6.787862
v 8.278637 13.375710 12.338003
v 6.441451 10.825062 11.822922
v -26.296513 9.398897 8.911028
v -13.111792 9.898287 10.537127
v 3.777314 13.584924 13.072050
v 25.285976 25.004717 3.999561
v 24.197044 24.430706 5.111538
v 20.473192 23.655449 8.204759
v 19.709496 23.130640 8.729656
v 18.515154 23.020634 9.478596
v 13.436063 21.452162 11.881845
v 12.878134 21.150650 12.075731
v 5.632295 14.644156 13.117561
v -14.022648 10.671377 10.739090
v -26.483007 10.052728 9.150838
v 10.308774 15.608670 12.344981
v 11.712605 16.190454 12.012439
v 15.543074 17.406504 10.628292
v 16.617989 17.636637 10.101949
v 17.686527 17.896313 9.526808
v 18.706974 18.239342 8.944985
v 19.624825 18.323296 8.318199
v 22.771782 19.963808 6.054039
v 22.491615 21.304869 6.512758
v 23.506447 22.699600 5.706927
v 23.956358 23.058380 5.297547
v 24.674677 23.673952 4.607198
v 25.575487 22.043770 3.449209
v 25.845289 21.323523 2.994894
v 25.426598 19.981428 3.189862
v 26.709383 20.543514 1.644266
v 9.366440 19.117966 12.989292
v 10.902461 19.325891 12.625257
v 12.398784 19.522284 12.182566
v 13.726257 19.288174 11.687938
v 14.600845 19.296526 11.327759
v 16.431211 19.216715 10.447595
v 14.482297 21.878992 11.481703
v 15.274229 21.588110 11.146212
v 15.814107 21.298607 10.894691
v 16.134798 22.103861 10.755046
v 16.827482 22.278196 10.413222
v 17.058115 18.177225 9.953588
v 15.672819 18.218878 10.703074
v 14.658891 17.865973 11.131688
v 13.756162 17.613081 11.483896
v 12.963835 17.659618 11.803241
v 12.060922 17.897205 12.156301
v 11.108397 17.846321 12.450562
v 10.657418 17.836311 12.579861
v 9.781231 17.626844 12.786724
v 8.851860 17.735439 13.006206
v 8.054579 17.801765 13.165040
v 13.222574 18.466755 11.805541
v 16.334595 18.459023 10.398878
v 17.663778 18.605040 9.672174
v 14.427805 18.730347 11.346754
v 11.885382 18.757652 12.297172
v 9.917794 18.519054 12.830608
v 8.706758 18.560488 13.095543
v 20.698956 18.750479 7.597295
v 19.918228 19.143784 8.269997
v 19.299917 19.144258 8.707858
v 18.448694 18.789923 9.214996
v 16.925396 18.816179 10.129472
v 15.499080 19.109520 10.903059
v 12.736519 19.161432 12.045214
v 11.265719 18.952751 12.500415
v 10.473352 19.804420 12.757664
v 11.778500 19.785976 12.394158
v 15.385388 20.001848 11.035266
v 16.271950 19.824331 10.592118
v 17.019918 19.681637 10.184860
v 17.620768 19.411495 9.814066
v 18.279911 19.876297 9.472508
v 18.597500 19.393515 9.213768
v 20.691959 19.466064 7.742715
v 18.995335 19.914934 9.022814
v 13.703713 20.051680 11.744917
v 9.514315 19.805561 12.981433
v 21.355616 20.110870 7.320498
v 20.498766 20.235937 8.007514
v 19.786777 19.998543 8.494061
v 17.820154 20.326044 9.793364
v 17.154892 20.591711 10.186579
v 16.391102 20.400311 10.575662
v 15.708721 20.652979 10.921621
v 14.518740 19.987091 11.414253
v 12.738319 20.098475 12.097415
v 11.331923 20.339813 12.542130
v 9.818758 20.300827 12.923353
v 21.841402 19.435373 6.791770
v 22.366621 20.186031 6.467442
v 19.906101 20.833717 8.502548
v 19.122150 20.762600 9.024908
v 14.926422 20.899721 11.283944
v 12.142493 20.728191 12.310474
v 20.980537 20.838898 7.711950
v 14.526931 20.597740 11.440545
v 14.167608 20.957634 11.598164
v 13.508995 20.670605 11.843197
v 10.489712 20.751465 12.769814
v 16.530807 21.097988 10.540792
v 17.650251 20.916197 9.930784
v 18.362690 20.713341 9.501009
v 11.253203 20.978045 12.573618
v 17.295021 21.620892 10.157263
v 18.773752 21.454248 9.292105
v 17.716846 22.646893 9.939608
v 17.999203 21.814157 9.770487
v 18.945536 22.637379 9.219128
v 19.384726 21.886076 8.920764
v 19.883480 22.324038 8.601966
v 19.903833 21.600061 8.558507
v 20.586674 22.891800 8.122355
v 20.421566 21.994873 8.214602
v 21.276890 23.213991 7.618608
v 20.878956 21.849648 7.872029
v 21.476011 21.618456 7.393325
v 21.572435 22.524721 7.369961
v 27.297800 20.916868 0.891549
v 21.869802 23.724817 7.159776
v 21.836649 21.162939 7.059291
v 22.674021 23.981409 6.498888
v 22.166843 22.921179 6.902996
v 22.216103 22.231087 6.830706
v 22.138102 20.294195 6.688779
v 22.742872 22.006683 6.358773
v 22.895668 23.101227 6.287934
v 23.545881 24.479733 5.726664
v 23.482803 23.551361 5.772135
v 24.814178 24.916447 4.493806
v 25.163939 23.491671 4.073195
v 25.692221 24.068436 3.516828
v 25.755800 25.117340 3.483222
v 26.043709 24.797981 3.144084
v 25.561028 23.053013 3.591487
v 26.247183 23.811127 2.842875
v 26.639671 25.250948 2.443914
v 26.637627 24.124624 2.381073
v 26.136105 22.601452 2.848739
v 26.456051 21.976730 2.339673
v 27.130178 25.310890 1.825457
v 26.717388 23.298767 2.197868
v 26.372379 20.627939 2.142795
v 27.188122 24.216059 1.669537
v 27.044348 23.086258 1.730406
v 27.007124 22.189159 1.628507
v 26.483194 21.356346 2.175231
v 27.508619 23.242683 1.101340
v 27.079756 21.513781 1.378365
v 27.712837 25.435179 1.047135
v 27.763500 24.170656 0.859208
v 27.552240 22.587301 0.922810
v 27.445335 21.786652 0.905987
v 5.216257 9.602818 11.476665
v 5.871934 9.993578 11.549658
v 3.784886 9.933274 11.832900
v 2.593335 9.985413 11.952801
v 0.867926 9.829957 11.917460
v 0.010628 10.215638 12.055949
v -0.677772 9.965719 11.904057
v 4.802141 10.363983 11.903678
v 4.173702 10.532304 12.058279
v 3.196963 10.370733 12.082903
v 2.143149 10.260595 12.094229
v 1.465667 10.248669 12.101834
v 7.613827 12.997275 12.378355
v 6.868216 13.018470 12.539251
v 6.245413 13.264658 12.718004
v 4.566720 13.128456 12.899976
v 3.703952 12.981106 12.932060
v 2.895878 13.298384 13.048409
v 1.871289 13.014445 12.997210
v 0.650422 12.859558 12.928885
v 5.758852 13.589290 12.875032
v 7.783095 13.614645 12.519916
v 4.965682 13.367016 12.917755
v 4.847016 14.060019 13.088653
v 5.481525 13.930339 12.990473
v 7.066407 14.248951 12.822003
v 6.819572 13.749264 12.748126
v 7.991417 14.172082 12.620078
v 6.197401 14.566805 13.030122
v 8.980927 14.758906 12.524379
v 8.204591 15.027294 12.762276
v 7.291667 14.963474 12.930591
v 6.344762 15.251222 13.132893
v 9.259848 15.735500 12.653272
v 7.363989 15.801802 13.059338
v 7.952330 15.943901 12.974952
v 8.597910 15.864372 12.828211
v 6.679207 15.925130 13.184847
v 10.019285 16.157688 12.526765
v 11.000318 16.469206 12.294143
v 11.971355 16.909613 12.049570
v 9.129924 16.827894 12.849936
v 8.630504 16.756290 12.950062
v 7.643305 16.728144 13.135719
v 13.740927 16.702164 11.330128
v 12.865066 16.892508 11.719341
v 10.179506 16.788862 12.582861
v 14.691615 17.129116 10.987000
v 11.110781 17.141420 12.362108
v -14.428722 9.066085 10.031898
v 3.530982 9.470198 11.635507
v 1.263802 9.532165 11.783484
v 4.277101 9.597424 11.614470
v 2.878688 9.549365 11.730539
v 2.056916 9.599221 11.797903
v 0.037240 9.524857 11.754102
v -1.058864 9.560878 11.692577
v -1.189463 10.116982 11.920911
v 5.626044 10.412425 11.795172
v 3.686331 10.740852 12.195572
v 0.941182 10.442670 12.179921
v -0.976032 10.562150 12.121035
v 5.562907 10.992772 12.057813
v 2.774825 10.886401 12.320998
v 1.785591 10.860942 12.343600
v 0.600780 10.756070 12.295378
v -0.355712 10.987677 12.329681
v -1.097824 11.012406 12.271433
v 6.337711 11.495885 12.120872
v 4.303442 11.139375 12.291562
v 4.919383 11.086685 12.195035
v 3.610327 11.270118 12.407498
v 2.878546 11.309125 12.472442
v 2.200546 11.399153 12.529586
v 1.342478 11.296315 12.503975
v 0.431650 11.184890 12.441367
v 6.888107 11.495189 12.008257
v 5.646559 11.654339 12.302432
v 4.643292 11.710724 12.462636
v 0.785244 11.727412 12.631543
v -0.071321 11.485696 12.514496
v 3.067127 11.779757 12.624056
v 2.025876 11.892126 12.694221
v 0.037544 12.051363 12.690158
v -0.947395 11.627446 12.485520
v 7.230744 12.356044 12.254498
v 5.543169 12.184797 12.503723
v 4.031096 11.889497 12.587724
v 3.496075 12.317514 12.763063
v 6.386588 12.235744 12.381307
v 4.814719 12.366600 12.658530
v 4.078146 12.592729 12.798452
v 2.782178 12.475715 12.846116
v 1.584435 12.205546 12.787957
v 1.062408 12.351395 12.818514
v -0.611923 12.224022 12.684132
v 5.799372 12.693421 12.624499
v 5.339063 12.905211 12.750801
v 2.321997 12.717231 12.920784
v -0.424580 12.580701 12.790522
v -27.037483 10.398482 8.732834
v -26.868788 9.767707 8.523272
v -26.977268 10.243415 8.807971
v -26.781603 9.532412 8.552766
v -26.641033 9.097220 8.410193
v -26.589945 9.058677 8.493732
v -26.431761 9.053788 8.676217
v -26.324936 9.078978 8.752403
v -26.634773 9.786448 8.965665
v -26.859104 9.981435 8.841806
v -26.711668 9.712557 8.848570
v -26.514116 9.799923 9.034888
v -26.681761 9.144709 8.300829
v -26.639114 9.050295 1.899834
v -26.580963 8.948686 1.905558
v -26.477547 8.819337 1.893400
v -26.438354 8.778069 1.939066
v -26.345201 8.698170 1.922077
v -26.225965 8.624490 1.904651
v -26.162760 8.591077 1.930222
v -26.045172 8.545177 1.929031
v -25.810476 8.500990 1.937652
v -25.956049 8.521025 8.017196
v -26.112440 8.570473 8.125874
v -26.228094 8.622740 8.118112
v -26.334681 8.688544 8.135860
v -26.431688 8.770687 8.200506
v -26.518684 8.863718 8.242237
v -26.617657 9.016127 8.324502
v -26.529394 9.224861 1.726762
v -25.872940 8.508497 1.898392
v -25.984240 8.542722 1.866698
v -25.935730 8.574052 1.804973
v -26.140928 8.671125 1.786197
v -26.152153 8.626118 1.831720
v -26.215479 8.771488 1.757434
v -26.305370 8.716742 1.823222
v -26.299562 8.689275 1.857456
v -26.293362 8.775496 1.774203
v -26.454638 8.849627 1.816395
v -26.454945 8.931912 1.763055
v -26.431063 8.989839 1.739481
v -26.551598 8.929255 1.858209
v -26.560949 8.998288 1.801580
v -26.648689 9.116110 1.834710
v -26.570879 9.134652 1.752141
v -26.648659 9.212837 1.788624
v -26.539961 9.079783 8.590610
v -26.067459 8.573928 8.222639
v -26.081284 8.618497 8.346745
v -26.211102 8.633559 8.261761
v -26.262440 8.699004 8.382389
v -26.190153 8.720119 8.477850
v -26.326347 8.697721 8.264287
v -26.351809 8.822715 8.513247
v -26.397238 8.779158 8.371174
v -26.304735 8.861070 8.597050
v -26.503445 8.868966 8.353585
v -26.280478 8.939143 8.680171
v -26.487263 8.910773 8.472464
v -26.445845 8.966422 8.590751
v -25.613638 12.917753 0.543722
v -25.526970 12.942065 0.171460
v -25.502518 12.940640 -0.075243
v -25.462690 12.924491 0.026918
v -25.563368 12.919107 0.493271
v -25.882017 12.839468 1.053281
v -25.728998 12.871645 0.880269
v -25.642008 12.887351 0.742158
v -25.655302 12.852637 0.838306
v -25.912537 12.797520 1.180620
v -26.214573 12.742565 1.375813
v -26.093138 12.745790 1.353060
v -26.767324 12.581115 1.629004
v -26.593706 12.624099 1.601623
v -26.563704 12.608520 1.625136
v -27.186926 12.414121 1.733555
v -27.601831 12.337303 1.598428
v -27.278982 12.430659 1.670627
v -27.368851 12.380358 1.701578
v -27.690968 12.298564 1.601297
v -27.756531 12.225924 1.615690
v -28.055531 12.204391 1.377597
v -27.881018 12.234089 1.523454
v -27.919344 12.165704 1.533915
v -28.349735 12.051437 1.183225
v -28.505119 12.072990 0.877034
v -28.408752 12.085427 1.068459
v -28.553022 12.036903 0.857876
v -28.478458 12.011829 1.020465
v -28.669039 11.979222 0.644299
v -28.702095 12.015846 0.368597
v -28.685459 12.005126 0.543601
v -28.741228 11.935680 0.430936
v -28.748659 11.986408 0.268947
v -28.782497 11.951331 0.120841
v -28.778645 11.907784 0.223906
v -28.771631 11.961161 -0.214609
v -28.790194 11.908174 -0.075117
v -28.703535 12.014489 -0.385003
v -28.708439 11.977155 -0.518005
v -28.477724 12.079349 -0.934017
v -28.589111 12.008797 -0.820395
v -28.588284 11.966100 -0.833966
v -28.278074 12.138783 -1.178413
v -28.414989 12.073126 -1.077535
v -28.397352 12.030076 -1.127922
v -28.216608 12.134086 -1.288274
v -28.188105 12.094152 -1.343130
v -28.030077 12.209162 -1.404375
v -28.027544 12.170408 -1.456446
v -27.488729 12.292212 -1.704477
v -27.332035 12.415479 -1.666344
v -27.328894 12.394228 -1.703882
v -27.350578 12.345207 -1.730766
v -26.770239 12.579614 -1.633107
v -26.925638 12.520689 -1.695662
v -26.668652 12.574983 -1.663189
v -26.489386 12.661839 -1.534237
v -26.463369 12.610548 -1.606733
v -26.201117 12.705063 -1.442575
v -26.249966 12.730185 -1.410875
v -25.973038 12.797411 -1.210810
v -26.001730 12.760593 -1.285025
v -25.992712 12.725158 -1.306733
v -25.607891 12.846019 -0.772322
v -25.598907 12.921762 -0.521040
v -25.557623 12.914784 -0.506826
v -25.638283 12.885386 -0.744907
v -25.490847 12.925863 -0.247833
v -25.499104 12.919473 0.334123
v -26.285797 12.687068 1.492834
v -26.969776 12.508701 1.698920
v -27.551645 12.315290 1.669430
v -28.045055 12.173354 1.438951
v -28.231218 12.138644 1.264034
v -28.756443 11.995289 -0.029163
v -28.630007 12.026012 -0.677182
v -27.832533 12.241144 -1.556439
v -27.637896 12.308748 -1.629834
v -27.577726 12.344628 -1.604967
v -27.057505 12.451652 -1.733688
v -26.379854 12.667729 -1.534889
v -25.838854 12.850981 -1.005176
v -25.797430 12.836590 -1.022491
v -26.181044 12.753267 0.128140
v -26.239767 12.736073 0.375362
v -26.370684 12.697931 0.607356
v -27.961443 12.233310 0.517447
v -26.179317 12.753617 -0.142841
v -27.767143 12.289946 0.754918
v -28.072001 12.200829 0.225524
v -26.267374 12.728192 -0.434332
v -26.889399 12.546092 0.974841
v -27.226532 12.447865 0.997958
v -27.513340 12.364081 0.923865
v -26.545820 12.646523 0.796506
v -28.095688 12.194060 -0.080633
v -27.787745 12.283973 -0.742543
v -28.009216 12.219298 -0.423350
v -26.410303 12.686440 -0.660450
v -26.796736 12.573230 -0.940912
v -27.167160 12.465246 -1.007173
v -26.567631 12.640346 -0.808767
v -27.495369 12.369293 -0.929262
v -23.928167 5.076619 0.009826
v -23.960276 5.068125 -0.256634
v -24.076220 5.033798 -0.538097
v -24.241333 4.985794 -0.737945
v -24.445015 4.926250 -0.890850
v -24.725029 4.844163 -0.987818
v -24.982704 4.769061 -0.997984
v -25.191669 4.707839 -0.950493
v -25.384960 4.651652 -0.860154
v -25.615761 4.584075 -0.662076
v -25.790503 4.532711 -0.361316
v -25.852026 4.515462 -0.051617
v -25.824492 4.522885 0.250645
v -25.724775 4.552411 0.496405
v -25.600496 4.588366 0.676461
v -25.372108 4.655404 0.870681
v -25.093903 4.735992 0.979735
v -24.841522 4.810790 1.001305
v -24.550587 4.894840 0.940189
v -24.257320 4.981208 0.758164
v -24.068352 5.036139 0.520571
v -23.966595 5.066272 0.280103
v 11.501038 14.878213 7.723208
v 11.499456 14.877985 -7.757428
v 11.436548 14.859138 7.920593
v 11.410826 14.851611 -7.953707
v 11.363899 14.837278 -8.007789
v 11.244925 14.801561 -8.102423
v 11.085033 14.753641 -8.158678
v 11.090763 14.755368 8.157328
v 11.291464 14.815596 8.072517
v 13.182966 36.661686 -8.524470
v 13.122897 36.678432 -8.634674
v 13.077608 36.626099 -8.677338
v 12.992901 36.601940 -8.748204
v 12.919829 36.577122 -8.785947
v 12.842196 36.600384 -8.819870
v 12.750483 36.534241 -8.832454
v 13.217314 36.669365 -8.384234
v 13.216729 36.667610 8.385750
v 13.190152 36.662376 8.502017
v 13.150219 36.645664 8.583570
v 13.092047 36.628029 8.662862
v 12.994474 36.642990 8.755146
v 12.938565 36.588955 8.779064
v 12.835175 36.549263 8.814584
v 12.717780 36.503559 8.830201
v -6.613822 8.500000 7.014749
v -6.577590 8.500000 -7.021886
v -6.993527 8.500000 -6.626531
v -7.680705 34.479218 -7.218225
v -7.665719 34.480152 -7.300951
v -7.618441 34.504120 -7.423458
v -6.933275 8.500000 -6.781675
v -6.844185 8.500000 -6.895654
v -7.546878 34.502449 -7.514034
v -7.509899 34.563316 -7.557650
v -6.751708 8.500000 -6.962000
v -7.451166 34.536995 -7.597112
v -7.291098 34.581051 -7.667077
v -7.273110 34.580364 7.668412
v -7.345518 34.590973 7.650076
v -6.711000 8.500000 6.981000
v -7.394753 34.542191 7.626711
v -6.833061 8.500000 6.906610
v -7.473862 34.535576 7.581391
v -7.567321 34.502842 7.493737
v -6.963279 8.500000 6.722861
v -7.631841 34.528713 7.399038
v -7.649751 34.476898 7.349758
v -6.998686 8.500000 6.571923
v -7.680706 34.479275 7.220585
v 12.703730 36.605026 -8.846953
v 12.701727 36.735741 -8.888883
v 12.713800 36.866917 -8.961357
v -7.308691 34.897194 -7.774225
v 12.700229 36.968609 -9.050010
v 12.695693 37.037464 -9.132540
v 12.695479 37.101192 -9.230723
v -7.397190 35.206188 -8.156778
v -7.444075 35.230946 -8.259388
v 12.748918 37.161751 -9.368614
v 12.698765 37.185322 -9.522222
v -7.273334 34.687653 7.687588
v -7.296082 34.829933 7.738050
v -7.327677 34.956532 7.813671
v -7.337576 35.064995 7.915447
v -7.428630 35.129753 8.002904
v 12.696103 37.118591 9.262342
v -7.385259 35.178577 8.088961
v -7.517043 35.268959 -8.439640
v 12.887877 37.245522 -9.643757
v -7.465743 35.329056 -8.533907
v 12.844446 37.290283 -9.715920
v -7.474447 35.388191 -8.590695
v -7.469273 35.461018 -8.637503
v 12.787768 37.470886 -9.838400
v -7.481325 35.565414 -8.673120
v 12.823224 37.538948 -9.854330
v -7.895655 34.928272 -7.224886
v -8.018291 35.029007 -7.264235
v -8.293304 35.136597 -7.264294
v -8.221745 35.174454 -7.890533
v -8.065166 35.165245 -7.866895
v -7.844866 35.210739 -8.235801
v -7.478960 35.245720 -8.363181
v -7.663341 35.203125 -8.156723
v -7.924723 35.179466 -8.005807
v -8.020036 35.191940 -8.098591
v -8.330824 35.160297 -7.647048
v -8.308825 35.146984 -7.474393
v -8.159273 35.101002 -7.284939
v -7.731618 34.679405 -7.208387
v -7.702044 34.601723 -7.246614
v -7.668527 34.623886 -7.376010
v -7.615944 34.630825 -7.471546
v -7.415441 34.674324 -7.645460
v -7.292677 34.662182 -7.680085
v -8.168196 35.130428 -7.539523
v -8.028955 35.075504 -7.496130
v -7.931783 35.122753 -7.788941
v -7.765711 35.075512 -7.789856
v -7.642056 35.154022 -8.009907
v -7.485170 35.133617 -7.998086
v -7.922914 34.985260 -7.393990
v -7.908600 35.044643 -7.596519
v -7.832629 35.000542 -7.592130
v -7.623872 35.078213 -7.871472
v -7.487439 35.052601 -7.880262
v -7.337963 35.129890 -7.997811
v -7.733022 34.764175 -7.376800
v -7.648965 34.756580 -7.511982
v -7.509772 34.690422 -7.601347
v -7.514527 34.796623 -7.650451
v -7.385588 34.815266 -7.713090
v -7.290894 34.762596 -7.709199
v -7.718614 34.958748 -7.645552
v -7.595053 34.979790 -7.757195
v -7.367791 35.014706 -7.862568
v -7.839359 34.867649 -7.246240
v -7.798009 34.885220 -7.435456
v -7.699928 34.837379 -7.518738
v -7.612090 34.883816 -7.652785
v -7.460000 34.877308 -7.727013
v -7.785248 34.788021 -7.245346
v -7.895716 34.929008 7.236724
v -7.574563 35.590645 -8.663194
v -7.768835 35.570980 -8.615106
v -7.898072 35.526520 -8.559758
v -8.004904 35.553776 -8.512801
v -8.185744 35.495781 -8.387506
v -8.255233 35.521629 -8.334713
v -8.361350 35.511803 -8.230450
v -8.453381 35.473785 -8.112718
v -8.502552 35.499004 -8.047400
v -8.575253 35.494366 -7.924521
v -8.654326 35.477592 -7.735159
v -8.711278 35.479366 -7.510027
v -8.411868 35.154156 -7.376263
v -8.724940 35.463848 -7.356724
v -7.794753 35.241699 -8.346256
v -7.965568 35.228539 -8.256539
v -8.139243 35.207016 -8.099369
v -8.289308 35.193958 -7.923590
v -8.419780 35.191700 -7.721512
v -8.491408 35.177921 -7.383562
v -7.684657 35.342823 -8.524110
v -7.763036 35.288200 -8.438954
v -7.852776 35.333813 -8.467432
v -8.013512 35.275841 -8.325135
v -8.234383 35.258060 -8.142550
v -8.412441 35.304146 -8.018395
v -8.431409 35.240448 -7.863780
v -8.547823 35.263134 -7.679322
v -8.554320 35.225578 -7.499868
v -8.594465 35.240692 -7.365879
v -7.650373 35.461891 -8.616250
v -7.836425 35.425903 -8.544016
v -8.037399 35.397598 -8.436273
v -8.054944 35.333900 -8.372086
v -8.215431 35.388088 -8.307174
v -8.273989 35.328003 -8.202556
v -8.520727 35.310413 -7.851172
v -8.622661 35.340794 -7.657520
v -8.641079 35.293037 -7.422839
v -7.983184 35.460491 -8.497282
v -8.372851 35.413700 -8.176447
v -8.560316 35.397598 -7.894288
v -8.677962 35.396553 -7.565998
v -8.696976 35.376194 -7.332075
v -8.921804 37.761570 -7.552462
v -8.865549 37.747093 -7.761849
v -8.795331 37.791492 -7.921474
v -8.712359 37.802876 -8.063583
v -8.604941 37.816460 -8.203212
v -8.491407 37.813522 -8.320479
v -8.359862 37.790848 -8.426782
v -8.165727 37.853138 -8.542044
v -7.753830 37.869545 -8.670839
v -8.434988 35.157806 7.362338
v -8.539375 35.201107 7.329375
v -8.292732 35.136795 7.286993
v -8.671315 35.328571 7.308057
v -7.864743 35.208683 8.222949
v -7.795350 35.189590 8.090542
v -8.375884 35.155102 7.506322
v -8.273161 35.150158 7.578955
v -8.265715 35.170261 7.817585
v -7.998286 35.168949 7.929244
v -8.186262 35.182747 7.971034
v -8.091217 35.192738 8.077987
v -7.445483 35.224037 8.223216
v -7.650547 35.229420 8.319996
v -7.455924 35.253262 8.391903
v -8.123275 35.135151 7.647561
v -7.489896 35.048893 7.875605
v -7.687567 35.113121 7.908613
v -7.687993 35.045364 7.792785
v -7.869229 35.042294 7.637162
v -7.960254 35.085499 7.637671
v -8.031911 35.072689 7.477430
v -7.922722 34.991127 7.413776
v -8.015643 35.027828 7.266289
v -7.473485 34.936188 7.766604
v -7.595654 34.975822 7.751156
v -7.687786 34.937771 7.643034
v -7.774839 34.921856 7.526252
v -7.786673 34.860630 7.403104
v -7.404109 34.782822 7.689980
v -7.562638 34.862617 7.664816
v -7.631265 34.777832 7.547083
v -7.801773 34.817879 7.262509
v -7.476845 34.705212 7.623630
v -7.538652 34.648849 7.560607
v -7.625268 34.632912 7.460840
v -7.682097 34.715412 7.428724
v -7.735023 34.692600 7.249123
v -7.703490 34.613079 7.259036
v -7.643904 35.167767 8.048272
v -7.864964 35.117786 7.816329
v -8.162411 35.101608 7.273499
v -7.517330 35.594677 8.673183
v -7.507363 35.530121 8.661453
v -7.446554 35.465080 8.640109
v -7.491600 35.367954 8.574562
v -7.450192 35.306076 8.502016
v -7.751593 35.576954 8.620819
v -7.897579 35.529022 8.560862
v -7.988303 35.546211 8.519442
v -8.127685 35.539955 8.435949
v -8.272356 35.484165 8.313493
v -8.358274 35.516941 8.235304
v -8.474254 35.508846 8.093872
v -8.558131 35.466381 7.947873
v -8.629922 35.454174 7.785409
v -8.682927 35.479015 7.639767
v -8.707907 35.445435 7.489122
v -8.721447 35.442959 7.349635
v -7.968189 35.455063 8.503349
v -8.145518 35.414211 8.379115
v -8.446702 35.408913 8.081444
v -8.646803 35.388096 7.663703
v -7.655886 35.459343 8.613755
v -7.806868 35.426308 8.553890
v -8.016284 35.359707 8.419208
v -8.321608 35.381653 8.206474
v -8.381802 35.322479 8.081930
v -8.546004 35.334358 7.844915
v -8.602159 35.323082 7.684570
v -8.668438 35.343750 7.460721
v -7.778275 35.344265 8.502521
v -7.963967 35.281704 8.360796
v -8.218871 35.291775 8.208838
v -8.374301 35.242447 7.954653
v -8.471825 35.272495 7.869096
v -8.554144 35.264946 7.667853
v -8.613329 35.260765 7.394266
v -8.555262 35.225315 7.487984
v -7.670464 35.281136 8.447968
v -7.752546 35.245689 8.366275
v -7.943335 35.227604 8.264773
v -8.195758 35.228264 8.113338
v -8.356366 35.201588 7.862546
v -8.479499 35.201477 7.629072
v -8.377554 35.176914 7.712590
v -7.849067 37.885406 8.650684
v -7.985455 37.862301 8.615112
v -8.168892 37.837730 8.540700
v -8.362350 37.810097 8.425203
v -8.514228 37.799812 8.300744
v -8.784678 37.770603 7.944695
v -8.669721 37.769028 8.122344
v -8.872920 37.764931 7.740727
v -8.920282 37.780678 7.560787
v -8.943045 37.752949 7.411998
v -8.696202 38.122925 7.386531
v -8.638197 38.143120 -7.379714
v -8.811449 38.052742 7.376959
v -8.828186 38.036133 -7.368860
v -8.896303 37.945160 7.383683
v -8.922735 37.882950 -7.393101
v -8.936073 37.839489 7.363246
v -8.945345 37.772209 -7.371229
v -8.286304 38.168194 -8.128771
v -8.087032 38.195442 -8.226818
v -7.738544 38.168282 -8.493997
v -8.185008 38.138821 -8.319588
v -8.157445 38.087589 -8.413553
v -8.039194 38.053566 -8.512665
v -7.965171 38.173634 -8.388995
v -7.938052 38.132805 -8.473054
v -7.781913 38.211750 -8.386186
v -7.790455 38.225964 -8.299055
v -7.724822 38.046295 -8.614826
v -7.997898 37.995342 -8.570963
v -7.790127 38.096527 -8.565135
v -7.751493 37.955978 -8.653970
v -8.710134 37.922691 -8.012110
v -8.813342 37.943474 -7.771205
v -8.793649 38.014393 -7.679586
v -8.765905 38.068298 -7.564990
v -8.748557 38.096115 -7.404840
v -8.577359 38.113354 -7.900486
v -8.599672 38.060993 -8.005959
v -8.466776 38.073643 -8.167444
v -8.587487 37.995518 -8.123365
v -8.388798 37.879070 -8.393929
v -8.464253 38.159210 -7.885746
v -8.388549 38.131760 -8.137197
v -8.376788 38.044910 -8.300468
v -8.264510 38.001862 -8.425329
v -8.250770 37.912518 -8.478625
v -7.977952 37.868889 -8.617187
v -8.894252 37.879208 -7.599211
v -8.848026 37.839970 -7.783803
v -8.875517 37.974483 -7.425915
v -8.721629 37.998886 -7.898863
v -8.527827 37.931709 -8.246262
v -8.689376 38.074341 -7.795019
v -8.640795 38.129982 -7.637824
v 12.858294 37.210670 -9.567456
v 12.905010 37.200054 -9.456964
v 12.815247 37.368340 -9.788470
v 12.557769 39.960724 -9.816257
v 12.603353 39.845806 -9.853765
v 12.552196 40.041576 -9.763295
v 12.553905 40.119034 -9.677733
v 12.570062 40.164036 -9.591839
v 12.550385 40.184002 -9.499214
v 12.995909 37.567394 -9.835417
v 12.775271 39.843754 -9.838677
v 13.142544 37.587410 -9.804610
v 13.046950 39.859955 -9.765104
v 13.313702 37.573521 -9.742452
v 13.421802 37.661190 -9.692534
v 13.212577 39.922958 -9.682825
v 13.535812 37.595291 -9.622499
v 13.369673 39.908001 -9.586985
v 13.677888 37.650944 -9.517174
v 13.544806 39.941288 -9.433124
v 13.796961 37.623302 -9.399618
v 13.903090 37.665543 -9.269443
v 13.654985 39.955429 -9.302662
v 13.776941 39.947762 -9.121161
v 13.980481 37.682964 -9.144428
v 14.026596 37.666740 -9.058099
v 14.086260 37.683926 -8.911262
v 14.141339 37.675812 -8.708273
v 13.908977 39.958023 -8.772332
v 14.161187 37.684341 -8.517353
v 13.572523 40.280914 -8.498256
v 13.195813 40.245930 -9.256309
v 12.699132 40.090309 -9.720520
v 12.717446 40.016739 -9.781918
v 13.408039 40.225430 -9.237701
v 13.509518 40.262184 -8.963206
v 13.451949 40.270985 -8.889240
v 13.618422 40.234474 -8.939077
v 13.784451 40.202450 -8.562841
v 13.844193 40.148304 -8.566202
v 13.750937 40.138802 -8.958015
v 13.772449 40.180840 -8.782854
v 13.582407 40.269897 -8.767523
v 13.858436 40.080421 -8.771823
v 13.698504 40.249481 -8.610217
v 13.889804 40.086708 -8.575918
v 13.936004 39.984539 -8.561604
v 12.697302 39.930393 -9.826119
v 13.369561 40.001068 -9.555942
v 13.189157 40.069038 -9.616588
v 12.886199 40.124439 -9.661024
v 12.832906 40.202499 -9.505359
v 12.925668 40.220707 -9.404236
v 13.224059 40.235329 -9.321731
v 13.193165 40.187637 -9.464788
v 13.573314 40.090683 -9.304869
v 13.720927 40.047363 -9.146834
v 13.434755 40.171505 -9.331739
v 13.615293 40.145874 -9.179209
v 13.799608 40.066124 -8.975822
v 13.857416 39.974709 -8.932747
v 12.922542 39.942577 -9.785000
v 13.055935 39.970020 -9.733627
v 12.893266 40.043682 -9.737631
v 12.745749 40.158134 -9.623977
v 13.034934 40.097866 -9.654036
v 13.222577 40.145367 -9.519262
v 12.984271 40.184025 -9.544331
v 13.383831 40.101780 -9.467870
v 13.500520 40.065762 -9.401946
v 13.614511 40.195827 -9.079493
v 13.557697 40.280750 8.506415
v 13.648523 40.267239 8.549777
v 13.715055 40.241127 8.615920
v 13.786314 40.201115 8.562523
v 13.852715 40.137848 8.581673
v 13.911416 40.051685 8.565952
v 13.942335 39.953072 8.539556
v -8.456932 38.159363 7.906767
v -7.707988 38.233780 8.310416
v -8.538891 38.112949 7.981135
v -8.596512 38.148300 7.560259
v -7.716618 38.137486 8.539100
v -8.721359 38.051582 7.785810
v -8.624273 38.136204 7.625247
v -8.702247 38.099773 7.640069
v -8.853115 37.942669 7.648054
v -7.749336 38.051884 8.607985
v -8.809155 38.027142 7.576477
v -8.901861 37.904831 7.497268
v -7.694818 37.876171 8.676070
v -7.711901 37.963825 8.655917
v -8.322498 37.924412 8.427151
v -8.155835 38.017658 8.481760
v -8.065719 38.097301 8.456850
v -7.817503 38.175209 8.460358
v -7.821457 38.209522 8.372524
v -8.348705 38.119579 8.212949
v -8.513176 38.038017 8.162933
v -8.494040 37.978180 8.248713
v -8.654263 37.948689 8.077101
v -8.735200 37.849781 8.013090
v -8.088116 38.195446 8.221130
v -8.280543 38.167812 8.136790
v -8.663580 38.036427 7.948572
v -8.852174 37.852905 7.767664
v -7.938805 37.972874 8.601914
v -8.138760 37.920181 8.537575
v -7.900403 38.067192 8.556420
v -8.455086 37.921017 8.321638
v -8.303581 38.050911 8.354861
v -8.102904 38.153580 8.350497
v -8.592550 37.864273 8.204011
v -8.781364 37.944164 7.852068
v 12.557746 40.185078 9.492618
v 12.633711 40.181530 9.552900
v 12.560198 40.144508 9.635293
v 12.558434 40.110043 9.690763
v 12.550364 40.010353 9.787992
v 12.568533 39.883385 9.844990
v 12.615880 39.834072 9.854148
v -1.186183 38.862587 -0.139076
v -1.204301 38.860302 0.358561
v -1.225426 38.858448 -0.479778
v -1.315979 38.850052 0.855036
v -1.450363 38.836681 -1.194158
v -1.315979 38.850052 -0.855036
v -1.450277 38.836716 1.193975
v -1.620139 38.820656 1.506124
v -1.620247 38.820732 -1.506298
v 12.929778 40.221031 9.402849
v -1.856773 38.798027 1.823397
v -1.856774 38.798023 -1.823398
v -2.119731 38.772987 2.092294
v -2.404424 38.744938 -2.317644
v -2.119732 38.772987 -2.092294
v -6.797114 38.321888 0.146106
v -6.713178 38.330139 0.688496
v -6.783403 38.323738 -0.277167
v -6.581436 38.342892 1.086087
v -6.713179 38.330139 -0.688495
v -6.581436 38.342892 -1.086087
v -2.404426 38.744938 2.317646
v -2.790522 38.708469 -2.539018
v -6.298275 38.370079 1.605211
v -6.298276 38.370079 -1.605211
v -2.790522 38.708466 2.539018
v -5.952270 38.403290 2.008591
v -5.952269 38.403290 -2.008592
v -5.647276 38.433384 -2.266834
v -5.647378 38.433285 2.266757
v -3.273564 38.661835 2.716610
v -3.273561 38.661873 -2.716611
v -5.347864 38.462063 2.456361
v -3.691198 38.621368 -2.790359
v -5.348473 38.461979 -2.456027
v -3.691199 38.621368 2.790359
v -5.065770 38.488892 2.594845
v -4.674910 38.526287 2.721704
v -5.066834 38.488628 -2.594408
v -4.244863 38.568077 -2.798799
v -4.244862 38.568077 2.798799
v -4.674908 38.526287 -2.721705
v 12.772948 39.859421 9.835446
v 12.915123 39.842911 9.807971
v 13.073315 39.879131 9.752162
v 13.228373 39.887192 9.679686
v 13.404623 39.889172 9.563041
v 13.531125 39.943253 9.445864
v 13.616279 39.925518 9.359082
v 13.804245 39.946754 9.065573
v 13.866963 39.955700 8.913918
v 13.904471 39.978447 8.772487
v 12.699090 39.930248 9.825962
v 12.694400 40.093777 9.717120
v 13.449290 40.268509 8.972573
v 13.470140 40.220062 9.195902
v 13.519414 40.151546 9.283045
v 13.656226 40.093044 9.199315
v 13.683127 39.991787 9.247612
v 13.742488 39.924774 9.183743
v 13.039243 40.220715 9.429080
v 13.184964 40.196968 9.450452
v 13.185459 40.115543 9.575389
v 13.363674 39.996204 9.563001
v 12.718035 40.018276 9.780861
v 13.772449 40.180840 8.782852
v 13.579127 40.269127 8.785977
v 13.844638 40.078568 8.831570
v 13.750940 40.138798 8.958017
v 13.604055 40.240940 8.938253
v 13.782955 40.048611 9.034783
v 13.636106 40.192127 9.052219
v 13.514251 40.076180 9.380607
v 13.379258 40.218849 9.277016
v 13.300282 40.255173 9.170138
v 13.383829 40.101780 9.467872
v 13.344280 40.160221 9.421190
v 13.195516 40.006023 9.655188
v 12.984272 40.184025 9.544329
v 13.047733 39.986248 9.728092
v 13.034927 40.097866 9.654037
v 12.886194 40.124439 9.661027
v 12.893266 40.043682 9.737631
v 12.922539 39.942577 9.785001
v 12.767217 40.161640 9.616125
v 12.826464 37.219757 9.600762
v 12.804525 37.240444 9.650756
v 14.159731 37.685112 8.564168
v 14.114991 37.676517 8.822772
v 14.027419 37.672474 9.057803
v 13.954416 37.660900 9.190511
v 13.822124 37.657455 9.372538
v 13.685405 37.648380 9.510966
v 13.524722 37.628185 9.631481
v 13.149941 37.588207 9.802535
v 13.335813 37.607235 9.734044
v 12.962678 37.558109 9.841460
v 12.808170 37.550667 9.854592
v 12.834454 37.483326 9.841645
v 12.819306 37.322899 9.752550
v 12.953455 37.302921 9.709341
v 12.736634 37.175217 9.432094
v 13.762450 37.278103 -8.483178
v 13.876038 37.304451 -8.549943
v 13.633932 37.264027 -8.820144
v 13.835896 37.299675 -8.727109
v 13.669299 37.283730 -9.077530
v 13.410273 37.244190 -9.154962
v 13.499784 37.270393 -9.294769
v 13.254556 37.247910 -9.457850
v 13.087502 37.212910 -9.360054
v 13.120872 37.237377 -9.515232
v 12.890814 37.475296 -9.832623
v 13.012557 37.302574 -9.691908
v 13.001836 37.381992 -9.767346
v 13.130608 37.492565 -9.790112
v 13.197900 37.289341 -9.597526
v 13.295433 37.364819 -9.645473
v 13.233940 37.423599 -9.721244
v 13.435782 37.297516 -9.450313
v 13.449492 37.342335 -9.519577
v 13.445155 37.474510 -9.639530
v 13.613555 37.425465 -9.482703
v 13.654119 37.540661 -9.516427
v 13.615535 37.355171 -9.389310
v 13.704617 37.493622 -9.445608
v 13.741054 37.369156 -9.266008
v 13.673571 37.306545 -9.205443
v 13.830581 37.458847 -9.268643
v 13.877905 37.558666 -9.278820
v 13.837999 37.335907 -9.008601
v 13.862700 37.385395 -9.104506
v 13.930434 37.472130 -9.122750
v 13.974916 37.573845 -9.130216
v 13.856373 37.316414 -8.854897
v 13.983192 37.412380 -8.891826
v 14.016678 37.481823 -8.950069
v 14.066471 37.575386 -8.930242
v 13.928752 37.357212 -8.862465
v 14.069050 37.481319 -8.775307
v 14.017290 37.399025 -8.707626
v 14.130138 37.585373 -8.694288
v 13.955277 37.336685 -8.538637
v 14.106603 37.484989 -8.551328
v 14.039793 37.399940 -8.549177
v 14.150409 37.593216 -8.523448
v 13.314222 36.940491 -8.394404
v 13.577024 37.265289 -9.018190
v 12.947567 36.713974 -8.806003
v 13.097037 36.758873 -8.703754
v 13.193696 36.777657 -8.567837
v 13.241206 36.781067 -8.415300
v 12.988643 37.163288 -9.243876
v 13.229400 37.189796 -9.124908
v 13.448720 37.232822 -9.012372
v 13.624346 37.228035 -8.500819
v 12.998948 37.097149 -9.103296
v 12.894146 37.001732 -9.024544
v 13.156139 37.106297 -8.999263
v 13.267827 37.090542 -8.844590
v 13.399289 37.111767 -8.658641
v 13.414297 37.073196 -8.447846
v 13.538250 37.178741 -8.451295
v 12.881902 36.885735 -8.927478
v 13.048182 36.997993 -8.932668
v 13.113293 36.978195 -8.858302
v 13.245620 37.003162 -8.726695
v 13.304446 36.988552 -8.581686
v 13.393600 37.178043 -8.876396
v 13.503629 37.190262 -8.685648
v 12.851354 37.099003 -9.179797
v 12.972635 36.844353 -8.853782
v 13.090960 36.853882 -8.766945
v 13.192962 36.887215 -8.665235
v 13.265496 36.900398 -8.527408
v 12.824767 36.751389 -8.871966
v 13.700285 37.258629 8.430672
v 13.800284 37.287300 8.543637
v 13.782277 37.293556 8.855492
v 13.270559 37.248753 9.447646
v 13.138535 37.217369 9.332308
v 12.840429 37.202316 9.538167
v 13.103170 37.228458 9.481946
v 13.415000 37.257935 9.315786
v 13.509905 37.254505 9.051267
v 13.614318 37.279202 9.158229
v 13.864750 37.302498 8.630447
v 13.546726 37.184353 8.455379
v 13.459771 37.113930 8.367058
v 13.370317 37.019665 8.392158
v 13.295150 36.906590 8.408607
v 13.242359 36.776474 8.379235
v 13.646359 37.254547 8.690376
v 13.508461 37.191055 8.678884
v 13.432451 37.199234 8.878212
v 13.277227 37.191319 9.077422
v 13.050336 37.180538 9.262065
v 12.901376 37.123417 9.198923
v 13.426002 37.094856 8.484517
v 13.375857 37.109524 8.709089
v 13.210136 37.109383 8.945232
v 13.083749 37.124290 9.087168
v 12.855921 37.043037 9.091082
v 13.327557 37.013584 8.578260
v 13.268268 37.031044 8.733937
v 13.179256 36.990360 8.800909
v 13.023318 37.005119 8.958846
v 12.816069 36.941364 8.996196
v 12.710465 37.017101 9.102006
v 12.664614 36.886528 8.979508
v 13.248965 36.897610 8.567693
v 13.148865 36.886887 8.731768
v 13.001146 36.854301 8.840889
v 12.910951 36.889084 8.917649
v 12.756563 36.864021 8.951026
v 13.214278 36.775951 8.516770
v 13.150579 36.760437 8.632957
v 13.053071 36.776436 8.755483
v 12.910327 36.771755 8.848502
v 12.824540 36.717670 8.858239
v 12.690722 36.742596 8.891995
v 12.719513 36.606777 8.847372
v 12.830830 37.416821 9.816430
v 12.973121 37.379589 9.772072
v 12.994516 37.268501 9.649035
v 13.071209 37.488598 9.803823
v 13.192956 37.406025 9.725786
v 13.102076 37.252281 9.575395
v 13.235458 37.317905 9.621770
v 13.249348 37.498699 9.749247
v 13.387392 37.374222 9.601156
v 13.399575 37.544125 9.691875
v 13.427885 37.468945 9.646462
v 13.389058 37.301895 9.497036
v 13.554804 37.533264 9.592546
v 13.607979 37.436668 9.495237
v 13.586544 37.354595 9.418708
v 13.514312 37.293438 9.364295
v 13.741467 37.554726 9.441313
v 13.795698 37.461067 9.318277
v 13.718012 37.367966 9.293059
v 13.673074 37.305504 9.200455
v 13.877792 37.558723 9.278954
v 13.865337 37.415974 9.159763
v 13.826463 37.362740 9.115152
v 13.967921 37.471920 9.053281
v 13.805745 37.320858 9.015738
v 14.014567 37.577343 9.058316
v 13.958347 37.393333 8.909206
v 13.899329 37.329086 8.800294
v 14.052092 37.482296 8.845395
v 14.097481 37.577766 8.828329
v 14.104009 37.512253 8.683049
v 14.013391 37.396652 8.717294
v 14.136471 37.593407 8.665037
v 13.958220 37.338303 8.537973
v 14.042145 37.402084 8.546112
v 14.150201 37.591335 8.506367
v 14.106609 37.484703 8.551280
v -0.985650 44.748512 0.223972
v -1.033549 44.762302 0.593996
v -1.625542 44.743519 1.869047
v -1.747453 44.778309 2.020696
v -2.107988 44.743683 2.356036
v -2.914310 44.776348 2.823599
v -3.372666 44.778488 2.959831
v -3.785814 44.776138 3.017822
v -4.016869 44.779972 3.027350
v -4.419473 44.743759 2.992484
v -5.250228 44.745213 2.752672
v -5.739944 44.770763 2.474046
v -6.141855 44.773537 2.135121
v -6.325616 44.749596 1.933467
v -6.559975 44.744606 1.605321
v -6.712498 44.745026 1.332051
v -6.820679 44.780827 1.096830
v -6.887790 44.739159 0.888490
v -6.950634 44.779160 0.668098
v -6.986363 44.765461 0.476057
v -7.019357 44.740719 0.134559
v -6.988490 44.747295 -0.455171
v -6.831673 44.777225 -1.067911
v -6.713041 44.744751 -1.330824
v -6.563012 44.743656 -1.600450
v -5.947302 44.741749 -2.310686
v -5.696071 44.744427 -2.500747
v -5.418825 44.745007 -2.668509
v -5.207823 44.754559 -2.771152
v -5.040657 44.775974 -2.840761
v -3.933102 44.777061 -3.024768
v -3.552752 44.781811 -2.993116
v -3.365235 44.759514 -2.955905
v -3.218366 44.787678 -2.925610
v -2.914204 44.775013 -2.824300
v -2.551358 44.745079 -2.653687
v -2.031397 44.779922 -2.299495
v -1.626213 44.739441 -1.869430
v -1.495393 44.745335 -1.690845
v -1.330461 44.745663 -1.417174
v -1.050417 44.779873 -0.673821
v -0.990854 44.994057 -1.140278
v -1.222127 44.989784 -1.595695
v -1.083099 45.021461 -1.580717
v -1.799891 45.020866 -2.484460
v -2.149693 44.993904 -2.630227
v -2.198071 45.022308 -2.787558
v -2.590337 44.989838 -2.881788
v -2.625794 45.021175 -3.019356
v -2.893419 45.022793 -3.130039
v -3.249276 44.992153 -3.123907
v -3.458486 45.019802 -3.271695
v -3.890190 44.989670 -3.201958
v -5.328258 45.022453 -3.043753
v -5.141135 44.992481 -3.005403
v -5.582691 44.989796 -2.784984
v -5.859676 45.023769 -2.755294
v -6.012384 44.991753 -2.504437
v -6.146708 45.018341 -2.516233
v -6.380720 44.985844 -2.127837
v -6.521799 45.019173 -2.149191
v -6.595372 44.993607 -1.899129
v -6.784744 44.990200 -1.589616
v -7.126319 44.990952 -0.720388
v -7.304398 45.020844 -0.322339
v -7.200458 44.989693 -0.190361
v -7.334230 45.027901 0.087265
v -7.264119 45.018448 0.539871
v -7.185031 44.993473 0.465630
v -7.128939 45.017891 1.075793
v -7.009147 44.994057 1.140285
v -6.777894 44.990562 1.598665
v -6.200109 45.020866 2.484461
v -5.850314 44.993908 2.630224
v -5.801928 45.022308 2.787559
v -5.409659 44.989838 2.881791
v -5.374207 45.021175 3.019356
v -5.106582 45.022793 3.130038
v -4.750739 44.992153 3.123903
v -4.677924 45.018162 3.237449
v -4.109812 44.989670 3.201957
v -2.671742 45.022453 3.043752
v -2.858867 44.992481 3.005403
v -2.417308 44.989796 2.784981
v -2.178056 45.020760 2.769051
v -1.987615 44.991756 2.504438
v -1.703615 45.017155 2.383643
v -1.619288 44.985844 2.127846
v -1.404636 44.993607 1.899136
v -1.215249 44.990200 1.589602
v -1.106318 45.021065 1.620713
v -0.873680 44.990952 0.720390
v -0.695602 45.020844 0.322338
v -0.799542 44.989693 0.190359
v -1.018184 44.988968 1.162955
v -0.884920 45.014271 1.077890
v -3.522225 44.991375 3.178591
v -3.176533 45.019127 3.212356
v -3.805744 45.017258 3.299267
v -6.223461 44.991962 2.316886
v -6.546247 44.991646 1.953293
v -6.652976 45.018085 1.975595
v -6.981814 44.988968 -1.162960
v -7.115081 45.014271 -1.077884
v -4.477769 44.991375 -3.178592
v -4.823464 45.019127 -3.212357
v -1.776541 44.991962 -2.316887
v -1.453754 44.991646 -1.953295
v -1.347029 45.018089 -1.975602
v -0.871063 45.017887 -1.075787
v -0.814977 44.993473 -0.465637
v -0.735884 45.018448 -0.539868
v -0.665770 45.027901 -0.087270
v -0.938175 44.958111 -0.741174
v -0.975144 44.892796 -0.575598
v -0.924270 44.891415 0.107320
v -0.938916 44.947514 0.667214
v -1.022719 44.879158 0.746010
v -1.112913 44.861683 1.015787
v -1.996596 44.950829 2.414302
v -2.293200 44.945168 2.625546
v -2.191833 44.897263 2.501791
v -2.635225 44.883289 2.755203
v -2.432805 44.850250 2.622404
v -4.377172 44.928467 3.089312
v -4.359442 44.836220 3.024656
v -6.010445 44.950306 2.407652
v -6.229140 44.911419 2.148270
v -6.287176 44.826973 2.005987
v -7.142950 44.958912 0.230231
v -7.090786 44.916153 0.256818
v -7.075732 44.891415 -0.107326
v -6.668719 44.951851 -1.655185
v -6.544168 44.898560 -1.744010
v -6.310273 44.876701 -2.019457
v -5.191899 44.952320 -2.904679
v -4.800189 44.890480 -2.970178
v -4.575603 44.892796 -3.024856
v -2.783432 44.968601 -2.922698
v -2.599267 44.905689 -2.755818
v -2.344800 44.951855 -2.668711
v -2.274242 44.908054 -2.566057
v -2.457834 44.827065 -2.623019
v -1.230187 44.920979 -1.399088
v -1.106728 44.895042 -1.063443
v -1.097535 44.789322 -0.859966
v -0.910687 44.928463 0.377165
v -2.533701 44.775326 2.645785
v -3.769768 44.958916 3.142954
v -4.107327 44.891418 3.075732
v -6.019461 44.876698 2.310267
v -7.061830 44.958111 0.741166
v -7.038374 44.836391 0.206157
v -7.021932 44.771351 -0.118095
v -6.280143 44.777386 -1.988621
v -5.063433 44.895042 -2.893276
v -4.709944 44.776543 -2.940495
v -2.300395 44.772316 -2.501623
v -1.374460 44.945168 -1.706812
v -1.231411 44.823589 -1.256093
v -1.186891 44.773308 -1.111036
v -0.929731 44.892979 -0.239301
v -0.857048 44.958912 -0.230223
v -0.973314 44.779419 0.002480
v -6.419529 44.775982 -1.815314
v -2.968745 44.939648 -2.948296
v -0.981575 44.778519 -0.216945
v -1.075311 44.787209 0.784729
v -1.174243 44.773941 1.080826
v -2.322440 44.775673 2.517647
v -2.717300 44.775879 2.739164
v -4.710523 44.757832 2.938155
v -7.024656 44.836220 -0.359444
v -6.137629 44.773621 -2.139391
v -4.899420 44.817448 -2.902009
v -4.431489 44.775146 -2.993918
v -2.181852 44.836395 -2.441812
v -0.975344 44.836220 0.359440
v -1.051705 44.939648 1.031260
v -1.246674 44.824738 1.289492
v -1.357217 44.779018 1.475899
v -1.244183 44.905689 1.400732
v -1.379519 44.851250 1.571229
v -1.493501 44.773563 1.692864
v -1.331284 44.951855 1.655190
v -1.558188 44.836395 1.818149
v -1.433940 44.908058 1.725756
v -1.897480 44.773563 2.174482
v -1.592354 44.950306 2.010453
v -1.689731 44.876698 2.019459
v -1.994017 44.826969 2.287180
v -1.851747 44.911411 2.229149
v -2.178626 44.827915 2.436465
v -2.728467 44.952038 2.872170
v -2.936569 44.895042 2.893276
v -3.173143 44.787132 2.912346
v -3.199812 44.890480 2.970176
v -3.558033 44.780216 2.993380
v -3.424402 44.892796 3.024856
v -3.258832 44.958111 3.061828
v -3.760700 44.892975 3.070268
v -4.712272 44.821114 2.956495
v -4.575110 44.961781 3.100440
v -4.746006 44.879158 2.977283
v -5.036763 44.776737 2.842594
v -5.031268 44.939648 2.948292
v -5.015791 44.861683 2.887086
v -5.289494 44.824738 2.753326
v -5.514568 44.776978 2.619627
v -5.216572 44.968601 2.922698
v -5.400735 44.905689 2.755815
v -5.571225 44.851250 2.620484
v -5.655193 44.951855 2.668716
v -5.744008 44.898556 2.544166
v -5.954697 44.773937 2.308427
v -6.436466 44.827915 1.821375
v -6.323705 44.949520 2.112115
v -6.501788 44.897263 1.808174
v -6.610662 44.825527 1.562728
v -6.625546 44.945168 1.706801
v -6.768590 44.823589 1.256093
v -6.769813 44.920979 1.399087
v -6.902008 44.817448 0.899426
v -6.904682 44.952320 1.191895
v -6.913635 44.901234 1.021887
v -7.005605 44.894661 0.676610
v -7.012336 44.844025 0.473712
v -6.926615 44.780724 -0.773268
v -7.089310 44.928463 -0.377173
v -6.983943 44.871735 -0.699238
v -7.061086 44.947517 -0.667214
v -6.887086 44.861683 -1.015789
v -6.753329 44.824741 -1.289488
v -6.948295 44.939648 -1.031258
v -6.755814 44.905685 -1.400732
v -6.610915 44.825710 -1.562410
v -6.407638 44.950306 -2.010463
v -6.005986 44.826973 -2.287178
v -6.148270 44.911415 -2.229137
v -5.808171 44.897263 -2.501789
v -5.821365 44.827915 -2.436472
v -5.562727 44.825527 -2.610662
v -6.003389 44.950829 -2.414314
v -5.256094 44.823589 -2.768589
v -5.706801 44.945168 -2.625547
v -5.399086 44.920975 -2.769812
v -4.188625 44.774666 -3.019073
v -4.741165 44.958111 -3.061826
v -4.239300 44.892975 -3.070269
v -3.719040 44.775616 -3.011572
v -4.230229 44.958916 -3.142953
v -3.892673 44.891418 -3.075732
v -3.666929 44.861691 -3.042325
v -3.622826 44.928463 -3.089310
v -3.253984 44.879158 -2.977280
v -3.424896 44.961781 -3.100441
v -2.984215 44.861687 -2.887089
v -2.710510 44.824738 -2.753327
v -1.980537 44.876698 -2.310265
v -1.814409 44.771614 -2.090483
v -1.989547 44.950306 -2.407647
v -1.712824 44.826973 -2.005987
v -1.676296 44.949520 -2.112117
v -1.770855 44.911415 -2.148260
v -1.563533 44.827915 -1.821372
v -1.498212 44.897263 -1.808171
v -1.389338 44.825527 -1.562729
v -1.095323 44.952320 -1.191902
v -1.029824 44.890480 -0.800190
v -1.011500 44.777908 -0.468844
v -1.311579 45.018528 1.926821
v -1.366013 45.208981 -2.287939
v -1.312641 45.279114 -2.243450
v -4.733409 45.194614 -3.405135
v -4.776422 45.262695 -3.412421
v -4.479298 45.258083 -3.465774
v -7.241225 45.243599 -1.313832
v -6.633988 45.208981 2.287938
v -6.687359 45.279118 2.243451
v -3.266589 45.194614 3.405135
v -3.223575 45.262695 3.412420
v -3.520704 45.258083 3.465774
v -0.758774 45.243599 1.313829
v -0.502794 45.265438 -0.135469
v -0.528109 45.231373 -0.413561
v -0.603661 45.242004 -0.831391
v -0.660841 45.273518 -1.049044
v -0.786195 45.273773 -1.386150
v -0.941636 45.266151 -1.702708
v -1.050375 45.238407 -1.877183
v -1.176765 45.242863 -2.063955
v -1.506564 45.273724 -2.456377
v -1.784700 45.245556 -2.707495
v -2.048302 45.274929 -2.906087
v -2.320947 45.274887 -3.070740
v -2.746148 45.240696 -3.264381
v -3.045817 45.248486 -3.367120
v -3.526492 45.261402 -3.469138
v -3.934354 45.245926 -3.497844
v -4.973111 45.238220 -3.358291
v -5.109335 45.225498 -3.315209
v -5.406893 45.247665 -3.203041
v -5.918723 45.274616 -2.929028
v -6.237026 45.241322 -2.688996
v -6.479745 45.243736 -2.466421
v -6.770788 45.244301 -2.134627
v -6.924162 45.283428 -1.924658
v -7.007656 45.244041 -1.785701
v -7.340790 45.263069 -1.042385
v -7.412566 45.259155 -0.781850
v -7.489250 45.278900 -0.299755
v -7.497206 45.265438 0.135464
v -7.471890 45.231373 0.413567
v -7.396338 45.242004 0.831392
v -7.339159 45.273521 1.049047
v -7.189924 45.275166 1.443468
v -6.983230 45.245613 1.826421
v -6.823232 45.242859 2.063959
v -6.493443 45.273727 2.456370
v -6.215301 45.245556 2.707494
v -5.951701 45.274933 2.906086
v -5.679055 45.274887 3.070739
v -5.253849 45.240696 3.264382
v -4.954187 45.248486 3.367119
v -4.473504 45.261402 3.469138
v -4.065646 45.245926 3.497844
v -3.026891 45.238220 3.358292
v -2.890666 45.225494 3.315209
v -2.593108 45.247665 3.203041
v -2.081280 45.274612 2.929030
v -1.762976 45.241325 2.688997
v -1.520256 45.243732 2.466422
v -1.229213 45.244301 2.134629
v -1.075843 45.283424 1.924663
v -0.992343 45.244041 1.785700
v -0.659209 45.263069 1.042379
v -0.587435 45.259155 0.781853
v -0.510751 45.278900 0.299759
v -0.848704 45.282566 1.523129
v -2.395546 45.244102 3.108075
v -3.791823 45.258957 3.493870
v -7.151297 45.282570 -1.523128
v -5.604453 45.244102 -3.108076
v -4.208176 45.258957 -3.493870
v -0.683113 45.186287 1.051361
v -7.316888 45.186291 -1.051358
v -6.541563 45.122711 2.327307
v -1.458437 45.122711 -2.327308
v -0.609994 45.168728 0.753718
v -2.929901 45.125328 3.276995
v -6.372634 45.200172 2.552696
v -6.345286 45.113789 2.513208
v -7.390005 45.168728 -0.753723
v -5.070097 45.125328 -3.276996
v -1.627363 45.200172 -2.552693
v -1.654713 45.113785 -2.513206
v -0.616296 45.097492 0.536553
v -6.137773 45.097237 2.674955
v -7.383704 45.097492 -0.536550
v -1.862226 45.097237 -2.674955
v -2.729969 45.078297 3.160455
v -6.067746 45.153641 2.780128
v -5.270031 45.078297 -3.160455
v -1.932255 45.153641 -2.780128
v -0.533054 45.201897 0.364229
v -2.571032 45.156151 3.156897
v -6.296614 45.055717 2.480609
v -7.466946 45.201893 -0.364232
v -5.428967 45.156151 -3.156897
v -1.703388 45.055717 -2.480609
v -0.548996 45.146301 0.238492
v -0.645225 45.046612 0.254520
v -5.895867 45.215679 2.931207
v -5.927702 45.056889 2.776111
v -7.451003 45.146301 -0.238497
v -7.354776 45.046612 -0.254517
v -2.104134 45.215679 -2.931207
v -2.072296 45.056889 -2.776109
v -2.367907 45.052631 2.952749
v -5.607976 45.068439 -2.992142
v -0.512032 45.208687 0.001286
v -5.774001 45.133503 2.962234
v -2.225999 45.133499 -2.962233
v -6.924469 45.022324 1.570516
v -6.884034 45.020302 -1.634360
v -4.105688 45.020184 -3.314534
v -0.556712 45.119003 0.039587
v -0.699869 45.100971 0.922427
v -0.748758 45.042004 0.842297
v -0.887884 45.199844 1.568775
v -0.770199 45.137238 1.226765
v -0.869629 45.045547 1.235485
v -0.892115 45.110161 1.463179
v -0.988044 45.062134 1.549228
v -1.073524 45.124443 1.821467
v -1.258243 45.067638 2.003826
v -1.225637 45.169949 2.088651
v -1.544448 45.050564 2.307639
v -1.460256 45.122902 2.329559
v -1.374050 45.243923 2.310399
v -1.677279 45.122112 2.544388
v -1.901675 45.057945 2.654551
v -1.903771 45.140541 2.748494
v -2.103998 45.214870 2.930731
v -2.288812 45.100502 2.971025
v -2.215714 45.149570 2.966871
v -3.092655 45.061104 3.261963
v -3.613194 45.170269 3.451022
v -3.315864 45.123405 3.377649
v -3.899859 45.149895 3.461707
v -3.564183 45.069855 3.370144
v -3.886102 45.058872 3.380700
v -4.153315 45.024044 3.321184
v -4.237880 45.072632 3.393511
v -4.236825 45.160564 3.460072
v -4.601081 45.188782 3.429763
v -4.574281 45.068886 3.346395
v -4.651388 45.133179 3.389702
v -4.980310 45.058941 3.239579
v -4.929305 45.121056 3.316453
v -5.245347 45.111614 3.203932
v -5.104479 45.202053 3.306503
v -5.427753 45.156208 3.157528
v -5.520827 45.238850 3.149107
v -5.482732 45.052250 3.030793
v -5.630295 45.087132 3.000262
v -6.777419 45.118904 2.034669
v -6.967797 45.118103 1.745813
v -6.696803 45.046524 2.015704
v -7.018736 45.056004 1.518897
v -7.136967 45.210114 1.527006
v -7.086633 45.118382 1.527485
v -7.224039 45.162128 1.279503
v -7.217930 45.068985 1.088881
v -7.311138 45.210167 1.100776
v -7.333841 45.121578 0.871566
v -7.311452 45.055458 0.669522
v -7.408776 45.148941 0.596863
v -7.436456 45.240730 0.646598
v -7.385549 45.082352 0.412007
v -7.435954 45.121460 0.246249
v -7.443288 45.119003 -0.039586
v -7.487969 45.208687 -0.001286
v -7.300132 45.100971 -0.922427
v -7.251242 45.042004 -0.842301
v -7.112115 45.199844 -1.568778
v -7.229801 45.137238 -1.226766
v -7.130371 45.045547 -1.235488
v -7.107883 45.110161 -1.463183
v -7.011956 45.062134 -1.549228
v -6.926475 45.124443 -1.821471
v -6.741758 45.067638 -2.003825
v -6.774366 45.169949 -2.088648
v -6.455552 45.050564 -2.307640
v -6.539744 45.122902 -2.329559
v -6.625948 45.243919 -2.310401
v -6.322721 45.122112 -2.544388
v -6.194097 45.063545 -2.582447
v -6.096230 45.140541 -2.748495
v -5.884661 45.081200 -2.840102
v -5.896004 45.214870 -2.930730
v -5.784285 45.149570 -2.966872
v -4.907344 45.061104 -3.261963
v -4.386806 45.170269 -3.451022
v -4.684136 45.123405 -3.377649
v -4.100141 45.149895 -3.461707
v -4.435816 45.069855 -3.370144
v -4.113898 45.058872 -3.380700
v -3.762121 45.072632 -3.393511
v -3.763176 45.160564 -3.460072
v -3.398919 45.188782 -3.429763
v -3.425719 45.068886 -3.346395
v -3.348613 45.133179 -3.389703
v -3.019690 45.058941 -3.239579
v -3.070699 45.121056 -3.316454
v -2.754654 45.111614 -3.203932
v -2.895521 45.202053 -3.306503
v -2.572246 45.156208 -3.157528
v -2.479175 45.238850 -3.149108
v -2.517268 45.052250 -3.030793
v -2.369704 45.087132 -3.000262
v -1.222582 45.118904 -2.034670
v -1.032204 45.118099 -1.745814
v -1.303198 45.046524 -2.015706
v -0.981264 45.056004 -1.518899
v -0.863032 45.210114 -1.527002
v -0.913364 45.118382 -1.527479
v -0.775958 45.162128 -1.279499
v -0.782070 45.068985 -1.088880
v -0.688861 45.210163 -1.100772
v -0.666158 45.121578 -0.871563
v -0.688549 45.055458 -0.669522
v -0.591225 45.148937 -0.596865
v -0.563543 45.240730 -0.646589
v -0.614451 45.082352 -0.412008
v -0.564047 45.121456 -0.246251
v -0.681082 47.741589 1.106142
v -0.589521 47.736092 0.794170
v -0.498662 47.732731 -0.049025
v -0.587595 47.721172 -0.789808
v -0.718232 47.724701 -1.220451
v -0.936462 47.737785 -1.692737
v -7.501338 47.732731 0.049022
v -7.478506 47.738792 -0.384204
v -7.410480 47.736092 -0.794169
v -7.318919 47.741589 -1.106142
v -7.059193 47.740334 -1.700473
v -6.743871 47.741901 -2.174725
v -6.493198 47.725826 -2.456643
v -6.221510 47.738117 -2.703895
v -5.747515 47.746971 -3.032318
v -5.435775 47.767693 -3.188351
v -5.191265 47.736347 -3.290717
v -4.890419 47.759644 -3.381799
v -4.578838 47.720509 -3.452431
v -4.249280 47.730072 -3.492347
v -3.923110 47.730030 -3.499124
v -3.416457 47.749454 -3.449783
v -3.147359 47.761929 -3.391186
v -2.754755 47.773510 -3.265995
v -2.464745 47.743237 -3.144434
v -2.080618 47.724350 -2.928645
v -1.755074 47.718365 -2.685919
v -1.448601 47.740662 -2.396122
v -1.076087 47.716496 -1.925040
v -7.412405 47.721176 0.789807
v -7.281769 47.724697 1.220450
v -7.063534 47.737785 1.692743
v -6.923918 47.716492 1.925034
v -6.551399 47.740658 2.396124
v -6.244925 47.718365 2.685921
v -5.919385 47.724346 2.928643
v -5.535255 47.743237 3.144433
v -5.245244 47.773510 3.265996
v -4.852641 47.761929 3.391186
v -4.583541 47.749454 3.449783
v -4.369279 47.754913 3.478240
v -4.076891 47.730030 3.499124
v -3.750720 47.730072 3.492347
v -3.421158 47.720509 3.452430
v -3.109591 47.759640 3.381801
v -2.808732 47.736347 3.290715
v -2.564227 47.767693 3.188351
v -2.252485 47.746971 3.032318
v -2.006690 47.737621 2.875945
v -1.778491 47.738117 2.703896
v -1.506809 47.725826 2.456649
v -1.256125 47.741901 2.174720
v -0.767020 47.998886 -0.238564
v -0.706120 47.986462 0.116923
v -0.626794 47.945465 0.153515
v -0.558428 47.871677 0.208965
v -0.515926 47.803356 0.073099
v -0.989632 47.998856 1.202962
v -0.785963 47.993633 0.605827
v -0.659268 47.949295 0.464952
v -0.574241 47.856075 0.495213
v -0.521495 47.738792 0.384207
v -0.733790 47.876877 1.101574
v -0.907971 47.979088 1.194218
v -0.821010 47.945187 1.137459
v -0.946997 47.931438 1.486770
v -0.838185 47.860447 1.394581
v -0.778224 47.760574 1.361915
v -1.253504 47.999020 1.713049
v -1.165594 47.980770 1.712129
v -1.096284 47.937164 1.743801
v -0.976950 47.844376 1.696616
v -0.940804 47.740330 1.700467
v -1.587584 47.998642 2.166343
v -1.394884 47.956413 2.124108
v -1.146813 47.871578 1.938533
v -1.339683 47.815155 2.244822
v -1.065397 47.759079 1.901327
v -1.778416 47.917721 2.586649
v -1.757949 47.838150 2.648219
v -2.249777 47.998684 2.724943
v -1.944054 47.971622 2.621064
v -2.266603 47.979626 2.821430
v -1.994186 47.900414 2.775818
v -2.084374 47.839367 2.891936
v -2.752037 47.989040 3.040148
v -2.597888 47.954559 3.058869
v -2.358510 47.813416 3.069032
v -2.615860 47.877666 3.155310
v -2.976060 47.827137 3.321270
v -3.067272 47.999008 3.100820
v -3.365303 47.981667 3.250042
v -3.224968 47.920479 3.317846
v -4.008941 47.989784 3.285196
v -3.580649 47.944405 3.352973
v -3.650064 47.872215 3.431074
v -3.419482 47.818630 3.431005
v -3.950305 47.964264 3.344977
v -3.996191 47.927071 3.400111
v -4.065715 47.833763 3.473111
v -3.826184 47.800282 3.480857
v -4.163733 47.999317 3.238421
v -4.339478 47.875130 3.430741
v -4.572471 47.844536 3.417927
v -5.059975 47.999039 3.052730
v -4.953116 47.985287 3.158106
v -5.284568 47.973366 3.069702
v -5.122977 47.934155 3.203758
v -5.131171 47.881878 3.251403
v -5.017655 47.734760 3.349123
v -5.608646 47.998947 2.814239
v -5.534192 47.942528 3.012641
v -5.466620 47.851795 3.136139
v -5.780223 47.974247 2.810763
v -5.919797 47.936806 2.791328
v -5.904688 47.882408 2.865732
v -5.953321 47.802265 2.885059
v -6.041965 47.985458 2.587296
v -6.188073 47.900810 2.636599
v -6.258994 47.844398 2.628746
v -6.269179 47.784058 2.652905
v -6.362690 47.998764 2.217493
v -6.385369 47.974068 2.320175
v -6.318771 47.939434 2.469879
v -6.528283 47.850197 2.368507
v -6.644107 47.987522 1.956679
v -6.663151 47.951714 2.061282
v -6.711681 47.905296 2.086324
v -6.823054 47.818996 2.034689
v -6.769885 47.753300 2.135946
v -6.899158 47.947323 1.728307
v -6.954150 47.873257 1.780141
v -7.036688 47.815041 1.696826
v -6.881587 47.996147 1.529225
v -7.083126 47.965191 1.298639
v -7.062243 47.923481 1.486143
v -7.161167 47.861073 1.394984
v -7.179959 47.760975 1.453148
v -7.205727 47.984192 0.783613
v -7.337166 47.946148 0.522735
v -7.384325 47.880508 0.637660
v -7.468867 47.754414 0.452895
v -7.304336 47.977406 0.291078
v -7.379874 47.941086 0.132554
v -7.444984 47.846924 0.371989
v -7.232788 47.998913 0.239014
v -7.293880 47.986462 -0.116923
v -7.373207 47.945465 -0.153515
v -7.441573 47.871677 -0.208959
v -7.484075 47.803352 -0.073098
v -7.010368 47.998856 -1.202962
v -7.214036 47.993633 -0.605827
v -7.340732 47.949295 -0.464954
v -7.425760 47.856075 -0.495214
v -7.266212 47.876877 -1.101570
v -7.092030 47.979088 -1.194219
v -7.178989 47.945187 -1.137463
v -7.053004 47.931435 -1.486771
v -7.161816 47.860447 -1.394580
v -7.221776 47.760574 -1.361916
v -6.746365 47.998997 -1.713508
v -6.834407 47.980770 -1.712129
v -6.903715 47.937164 -1.743803
v -7.023051 47.844376 -1.696614
v -6.412415 47.998642 -2.166345
v -6.605115 47.956413 -2.124109
v -6.853187 47.871578 -1.938534
v -6.660319 47.815155 -2.244822
v -6.934608 47.759079 -1.901320
v -6.221583 47.917721 -2.586650
v -6.242052 47.838150 -2.648219
v -5.750442 47.998718 -2.724580
v -6.055945 47.971622 -2.621065
v -5.733398 47.979626 -2.821430
v -6.005817 47.900414 -2.775817
v -5.915627 47.839367 -2.891934
v -5.993314 47.737617 -2.875943
v -5.247963 47.989040 -3.040148
v -5.402113 47.954559 -3.058868
v -5.641491 47.813416 -3.069032
v -5.384141 47.877666 -3.155309
v -5.023940 47.827137 -3.321270
v -4.932702 47.998981 -3.101032
v -4.634697 47.981667 -3.250042
v -4.775033 47.920479 -3.317846
v -3.991059 47.989784 -3.285196
v -4.419352 47.944405 -3.352973
v -4.349936 47.872215 -3.431074
v -4.580518 47.818630 -3.431005
v -4.049695 47.964264 -3.344977
v -4.003809 47.927071 -3.400111
v -3.934285 47.833763 -3.473111
v -4.173817 47.800282 -3.480857
v -3.836268 47.999317 -3.238421
v -3.660522 47.875130 -3.430741
v -3.427529 47.844536 -3.417927
v -3.630721 47.754910 -3.478240
v -2.940557 47.999077 -3.052616
v -3.046884 47.985287 -3.158106
v -2.715431 47.973366 -3.069703
v -2.877023 47.934155 -3.203758
v -2.868828 47.881878 -3.251402
v -2.982343 47.734760 -3.349122
v -2.391353 47.998947 -2.814239
v -2.465806 47.942528 -3.012640
v -2.533377 47.851795 -3.136138
v -2.219777 47.974247 -2.810762
v -2.080201 47.936806 -2.791328
v -2.095309 47.882408 -2.865730
v -2.046683 47.802265 -2.885061
v -1.958038 47.985458 -2.587299
v -1.811925 47.900810 -2.636598
v -1.741007 47.844398 -2.628747
v -1.730822 47.784058 -2.652907
v -1.637309 47.998764 -2.217492
v -1.614630 47.974068 -2.320175
v -1.681229 47.939434 -2.469878
v -1.471717 47.850197 -2.368506
v -1.355896 47.987522 -1.956682
v -1.336849 47.951714 -2.061281
v -1.288318 47.905296 -2.086323
v -1.176945 47.818996 -2.034687
v -1.230117 47.753300 -2.135947
v -1.100841 47.947323 -1.728307
v -1.045850 47.873257 -1.780141
v -0.963314 47.815041 -1.696829
v -1.118413 47.996147 -1.529225
v -0.916875 47.965187 -1.298639
v -0.937757 47.923481 -1.486143
v -0.838831 47.861073 -1.394981
v -0.820041 47.760975 -1.453148
v -0.794274 47.984192 -0.783614
v -0.662835 47.946148 -0.522739
v -0.615676 47.880508 -0.637664
v -0.531132 47.754414 -0.452891
v -0.695664 47.977406 -0.291070
v -0.620127 47.941086 -0.132552
v -0.555017 47.846924 -0.371988
v -0.556095 47.877842 -0.094843
v -0.638159 47.842113 0.855108
v -0.710905 47.946655 0.761022
v -1.312400 47.917831 2.099169
v -1.659225 47.989582 2.308162
v -1.602998 47.798946 2.530712
v -1.526025 47.875946 2.398846
v -1.663246 47.951508 2.424424
v -2.228576 47.927006 2.904638
v -2.877800 47.912716 3.224928
v -3.047192 47.962780 3.207969
v -4.481564 47.951511 3.336112
v -4.581560 47.983780 3.250225
v -4.830477 47.874107 3.347423
v -5.732380 47.790085 3.027978
v -5.672724 47.876156 3.012816
v -7.288981 47.797626 1.154712
v -7.305658 47.870365 0.994755
v -7.226481 47.935852 1.042912
v -7.054741 47.998169 1.108571
v -7.384723 47.793457 0.839404
v -7.443906 47.877838 0.094846
v -7.361842 47.842113 -0.855105
v -7.289093 47.946655 -0.761028
v -6.687599 47.917831 -2.099169
v -6.340775 47.989582 -2.308163
v -6.397003 47.798946 -2.530712
v -6.473974 47.875950 -2.398847
v -6.336754 47.951508 -2.424425
v -5.771422 47.927006 -2.904638
v -5.122199 47.912716 -3.224928
v -4.952808 47.962780 -3.207970
v -3.518436 47.951511 -3.336112
v -3.418441 47.983780 -3.250225
v -3.169525 47.874107 -3.347424
v -2.267620 47.790085 -3.027978
v -2.327278 47.876156 -3.012817
v -0.711019 47.797626 -1.154712
v -0.694342 47.870365 -0.994757
v -0.773521 47.935852 -1.042915
v -0.945258 47.998169 -1.108571
v -0.615278 47.793457 -0.839407
v -5.354075 48.000000 0.648053
v -5.183625 48.000000 0.929265
v -2.495685 48.000000 0.035885
v -2.582060 48.000000 0.512147
v -2.795300 48.000000 0.898560
v -5.452823 48.000000 0.382217
v -4.830779 48.000000 1.258625
v -5.173028 48.000000 -0.947062
v -4.434030 48.000000 1.438467
v -3.525729 48.000000 1.428321
v -4.012646 48.000000 1.507707
v -5.504477 48.000000 0.014019
v -5.469739 48.000000 -0.304882
v -4.772016 48.000000 -1.295416
v -2.547205 48.000000 -0.392094
v -3.097919 48.000000 1.207328
v -5.387302 48.000000 -0.576621
v -2.695350 48.000000 -0.744718
v -4.367142 48.000000 -1.457119
v -2.952320 48.000000 -1.084327
v -3.772241 48.000000 -1.487570
v -4.090333 48.000000 -1.498361
v -3.364618 48.000000 -1.364543
v -2.495685 37.000000 -0.035885
v -2.582060 37.000000 -0.512147
v -2.795300 37.000000 -0.898560
v -3.097919 37.000000 -1.207328
v -3.525729 37.000000 -1.428321
v -4.012646 37.000000 -1.507707
v -4.434030 37.000000 -1.438467
v -4.830779 37.000000 -1.258625
v -5.183624 37.000000 -0.929266
v -5.354076 37.000000 -0.648051
v -5.452824 37.000000 -0.382217
v -5.504477 37.000000 -0.014020
v -5.469739 37.000000 0.304882
v -5.387301 37.000000 0.576622
v -5.173028 37.000000 0.947062
v -4.772016 37.000000 1.295416
v -4.367141 37.000000 1.457119
v -4.090333 37.000000 1.498361
v -3.772241 37.000000 1.487570
v -3.364619 37.000000 1.364544
v -2.952319 37.000000 1.084327
v -2.695350 37.000000 0.744718
v -2.547205 37.000000 0.392094
v -4.998715 8.500000 -3.495330
v -4.998653 8.500000 -2.094478
v -4.999399 8.500000 1.572584
v -17.128092 8.500000 5.199453
v -17.199450 8.500000 -5.128095
v -16.976225 8.500000 -5.320171
v -16.931683 8.500000 5.346786
v -16.710775 8.500000 -5.456574
v -4.998399 8.500000 3.137009
v -16.710775 8.500000 5.456574
v -16.409906 8.500000 -5.530350
v -17.456575 8.500000 -4.710769
v -17.346790 8.500000 -4.931674
v -4.999063 8.500000 4.128638
v -17.320175 8.500000 4.976220
v -17.456577 8.500000 4.710765
v -16.410379 8.500000 5.530265
v -7.000000 8.500000 5.537000
v -7.000000 8.500000 -5.537000
v -17.530350 8.500000 -4.409898
v -17.531609 8.500000 4.401989
v -7.138000 13.773000 -5.998000
v -16.832542 13.766185 -5.994103
v -16.836903 13.763232 5.993419
v -7.138000 13.773000 5.998000
v -17.039839 13.757869 -5.956678
v -17.273621 13.752871 -5.872554
v -17.504711 13.751583 -5.727624
v -17.706446 13.748956 -5.532371
v -17.872549 13.752871 -5.273630
v -17.956678 13.757860 -5.039833
v -17.993443 13.762927 -4.836632
v -7.183000 15.500000 -5.998000
v -17.987041 15.500000 -4.929184
v -17.863049 15.500000 -5.293301
v -17.726519 15.500000 -5.505296
v -17.550875 15.500000 -5.691218
v -17.293287 15.500000 -5.863056
v -16.937637 15.500001 -5.985007
v -7.183000 15.500000 5.998000
v -7.638444 32.869991 -2.086203
v -7.335508 21.333099 1.049935
v -7.643598 33.084358 -1.366168
v -7.648011 33.239880 0.019436
v -7.647248 33.213272 0.583102
v -7.639379 32.917713 1.941831
v -7.633866 32.709064 2.472060
v -7.623267 32.299828 3.238041
v -7.607531 31.704666 4.015309
v -7.333870 21.237934 0.178343
v -7.337395 21.390631 -1.333507
v -7.334756 21.280394 -0.688688
v -7.614451 31.954653 -3.714730
v -7.622510 32.273109 -3.267245
v -7.629826 32.554688 -2.787976
v -7.647268 33.211132 -0.626696
v -7.644007 33.095833 1.325863
v -7.443225 25.433031 5.723862
v -7.406874 24.047947 5.082120
v -7.424424 24.715803 5.447703
v -7.358633 22.200033 3.265199
v -7.347913 21.798450 2.527325
v -7.340834 21.515757 1.803847
v -7.372419 22.725641 3.953459
v -7.385484 23.226803 -4.461225
v -7.559400 29.851408 -5.407277
v -7.557778 29.794531 5.430202
v -7.544317 29.283983 5.644196
v -7.525096 28.557108 5.859263
v -7.395704 23.604799 4.773136
v -7.604215 31.586555 -4.137292
v -7.591220 31.073664 4.621268
v -7.503328 27.729198 5.984008
v -7.384339 23.184261 4.422602
v -7.342240 21.573904 -1.972309
v -7.373231 22.757544 -3.989610
v -7.401483 23.835772 -4.945258
v -7.421061 24.588650 -5.386950
v -7.439849 25.296865 -5.679047
v -7.540652 29.152943 -5.690095
v -7.573249 30.382217 5.116999
v -7.579163 30.607086 -4.972294
v -7.465582 26.281780 5.930624
v -7.350001 21.865627 -2.672574
v -7.594481 31.197826 -4.512259
v -7.486691 27.095627 6.000018
v -7.360950 22.296652 -3.404839
v -7.459176 26.037493 -5.882887
v -7.501542 27.648596 -5.988783
v -7.521735 28.418762 -5.888534
v -7.481536 26.896646 -5.995020
v -16.929188 15.500000 5.987041
v -17.039841 13.757866 5.956678
v -17.273619 13.752871 5.872555
v -17.293289 15.500000 5.863055
v -17.504709 13.751583 5.727624
v -17.505287 15.500000 5.726525
v -17.691221 15.500000 5.550872
v -17.706446 13.748955 5.532371
v -17.863050 15.500000 5.293296
v -17.872549 13.752870 5.273629
v -17.985006 15.500001 4.937636
v -17.956678 13.757856 5.039834
v -17.993761 13.769444 4.836736
v -7.798699 27.522924 5.998385
v -7.821792 28.410982 5.888489
v -7.840866 29.144848 5.690125
v -7.856814 29.751390 5.448436
v -7.874403 30.423496 5.086546
v -7.888018 30.937674 4.720415
v -7.900693 31.443813 4.279747
v -7.915948 32.011166 3.635359
v -7.924704 32.375744 3.090780
v -7.932260 32.641201 2.601700
v -7.938455 32.895287 1.987904
v -7.943724 33.076309 1.366360
v -7.946545 33.190506 0.721300
v -7.947910 33.235561 -0.033716
v -7.946568 33.195751 -0.665165
v -7.778979 26.779972 5.985319
v -7.759312 26.028921 5.882710
v -7.739768 25.288857 5.679043
v -7.718603 24.489828 5.344348
v -7.701862 23.840801 4.948852
v -7.690484 23.401785 4.619565
v -7.675561 22.840403 4.092279
v -7.661327 22.295815 3.414700
v -7.652294 21.956406 2.853800
v -7.646156 21.717880 2.363533
v -7.638473 21.425911 1.531253
v -7.634694 21.271385 0.677927
v -7.634002 21.235477 0.128723
v -7.634055 21.246469 -0.407398
v -7.635350 21.312075 -0.961641
v -7.639043 21.441988 -1.579879
v -7.645618 21.694311 -2.308332
v -7.651918 21.937809 -2.819603
v -7.660543 22.262089 -3.365630
v -7.672472 22.723560 -3.959910
v -7.684389 23.180519 -4.426616
v -7.695496 23.592682 -4.769159
v -7.706911 24.039938 -5.081838
v -7.724318 24.707808 -5.447702
v -7.743154 25.424875 -5.723811
v -7.765614 26.274771 -5.930728
v -7.785924 27.050447 -5.998349
v -7.802495 27.685457 -5.987740
v -7.825245 28.549301 -5.859220
v -7.844142 29.276014 -5.644182
v -7.858086 29.793146 -5.427370
v -7.870555 30.272409 -5.175330
v -7.886741 30.895533 -4.758044
v -7.903487 31.549095 -4.173600
v -7.916553 32.040249 -3.592863
v -7.925432 32.405197 -3.044630
v -7.932953 32.666687 -2.544565
v -7.938944 32.910648 -1.950631
v -7.944815 33.107273 -1.226125
v -7.908013 31.730850 -0.188700
v -7.906733 31.652292 -0.866160
v -7.905689 31.619343 1.001675
v -7.907893 31.707417 0.508639
v -7.696563 23.649487 2.727526
v -7.710681 24.172485 3.304227
v -7.721086 24.596724 3.647132
v -7.680781 23.045725 -1.651234
v -7.676456 22.865709 -1.088926
v -7.673502 22.753122 -0.453518
v -7.704162 23.937040 -3.065207
v -7.693554 23.521250 -2.549636
v -7.685682 23.239241 -2.072714
v -7.887391 30.920361 -2.579743
v -7.878053 30.559311 -3.036529
v -7.679976 23.017172 1.571606
v -7.686251 23.256258 2.113430
v -7.724735 24.719500 -3.732571
v -7.715049 24.336514 -3.445569
v -7.863347 30.002611 -3.551604
v -7.846863 29.371288 -3.964482
v -7.901627 31.478813 -1.496208
v -7.894825 31.215639 -2.103114
v -7.839129 29.089565 4.104030
v -7.854797 29.668232 3.786499
v -7.868226 30.198986 3.389773
v -7.830861 28.770933 -4.231806
v -7.814556 28.136753 -4.413187
v -7.893171 31.154047 2.215455
v -7.900944 31.457031 1.564522
v -7.674481 22.780956 0.652092
v -7.676525 22.868065 1.100242
v -7.672966 22.740294 0.244171
v -7.881841 30.707367 2.867096
v -7.822266 28.445381 4.336713
v -7.753339 25.808817 -4.271457
v -7.737149 25.204279 -4.021702
v -7.772584 26.543636 -4.454626
v -7.794673 27.389729 -4.502033
v -7.734474 25.082176 3.957908
v -7.754918 25.862600 4.294236
v -7.775965 26.682686 4.471266
v -7.793674 27.344482 4.501255
v -7.807992 27.890923 4.453742
v -5.608768 31.774380 0.468882
v -5.374895 22.843815 -0.688219
v -5.380047 23.037319 -1.475571
v -5.386686 23.301331 -2.078364
v -5.393063 23.560549 -2.513972
v -5.404476 23.966143 -3.034311
v -5.419016 24.519388 -3.547511
v -5.435058 25.155678 -3.964301
v -5.451090 25.759171 -4.233249
v -5.467910 26.393858 -4.413927
v -5.487373 27.138153 -4.502047
v -5.509896 27.982557 -4.454673
v -5.529047 28.717430 -4.271633
v -5.544319 29.320702 -4.022510
v -5.558657 29.858461 -3.698912
v -5.568686 30.225239 -3.414899
v -5.577574 30.589283 -3.065777
v -5.589093 31.004204 -2.550328
v -5.597815 31.360411 -1.931440
v -5.605149 31.624960 -1.240260
v -5.608769 31.780935 -0.392009
v -5.605231 31.632284 1.204198
v -5.600442 31.456423 1.708247
v -5.593750 31.218817 2.210330
v -5.583333 30.806311 2.813712
v -5.570219 30.295156 3.362091
v -5.556075 29.768564 3.758482
v -5.545214 29.356071 4.001314
v -5.528156 28.691319 4.284399
v -5.512098 28.045504 4.437878
v -5.495615 27.448799 4.501969
v -5.481277 26.908850 4.484114
v -5.466991 26.339605 4.402018
v -5.450013 25.718592 4.218167
v -5.436687 25.183720 3.976812
v -5.425153 24.741802 3.708478
v -5.412172 24.281296 3.348442
v -5.403209 23.926508 2.985622
v -5.394973 23.600336 2.574071
v -5.387264 23.309149 2.094604
v -5.380792 23.063412 1.542894
v -5.376191 22.888355 0.922443
v -5.373644 22.812273 0.403127
v -5.373977 22.792278 -0.046809
v -15.998000 15.500000 3.998000
v -8.995000 15.500000 3.998000
v -8.995000 15.500000 -3.998000
v -15.998000 15.500000 -3.998000
v -8.995000 6.500000 -3.998000
v -15.998000 6.500000 -3.998000
v -15.998000 6.500000 3.998000
v -8.995000 6.500000 3.998000
v -26.309999 2.788000 0.000000
v -27.364651 5.192772 -6.554279
v -27.381678 5.229499 -6.707257
v -26.132891 2.400163 -0.607020
v -26.193932 2.533123 -0.367712
v -26.219339 2.584787 -0.186099
v -25.803659 1.691863 -0.997661
v -25.890800 1.881635 -0.960870
v -25.975714 2.063468 -0.887743
v -26.044592 2.212605 -0.791464
v -25.589169 1.239350 -0.935250
v -25.689157 1.450889 -0.993440
v -25.284924 0.598159 -0.045415
v -25.000000 0.000000 0.000000
v -25.303017 0.636391 -0.271021
v -25.340591 0.714922 -0.471392
v -24.999960 -0.000000 -3.099419
v -25.402016 0.846373 -0.660542
v -25.474834 1.000539 -0.805049
v -27.440655 5.378627 -6.905161
v -27.411037 5.303682 -6.827935
v -27.514851 5.558040 -6.993419
v -27.854662 6.414382 -7.000001
v -27.961069 6.704498 -7.000000
v -28.101543 7.085923 -6.999995
v -28.286785 7.612548 -6.995700
v -28.340763 7.770610 -6.932621
v -28.365091 7.843861 -6.874273
v -28.392788 7.925166 -6.775284
v -28.416986 7.999335 -6.597149
v -28.544992 8.396293 0.001211
v -28.512058 7.968562 -6.575293
v -28.486746 7.893280 -6.778091
v -28.452955 7.789495 -6.893718
v -28.363226 7.528414 -6.999121
v -28.395147 7.620736 -6.983709
v -28.219736 7.121720 -6.999981
v -28.144009 6.911963 -7.000000
v -28.078995 6.736090 -7.000000
v -28.012184 6.557744 -6.999995
v -27.877802 6.204007 -7.000027
v -27.740999 5.856000 -7.000000
v -27.615671 5.539366 -6.995819
v -27.540504 5.356552 -6.917818
v -27.503841 5.266897 -6.827806
v -27.467638 5.178615 -6.671458
v -27.457329 5.153324 -6.531198
v -25.524990 1.103994 0.869914
v -20.000000 1.020218 0.815208
v -20.000000 1.249916 0.941480
v -25.690628 1.456522 0.990493
v -25.783287 1.651086 1.000113
v -20.000000 1.544218 1.001447
v -20.000000 2.026642 0.909025
v -20.000000 2.602062 -0.059725
v -20.000000 2.577379 0.219629
v -26.224390 2.599767 0.063931
v -26.209984 2.568260 0.258174
v -20.000000 2.516942 0.402131
v -26.147476 2.432838 0.556338
v -19.999996 2.416059 0.579125
v -26.184217 2.511611 0.413426
v -26.055166 2.233510 0.776753
v -20.000000 2.247001 0.766967
v -26.113821 2.359940 0.650331
v -25.969801 2.049195 0.897890
v -25.839365 1.770259 0.988298
v -19.999998 1.788588 0.984348
v -25.604601 1.273636 0.946496
v -25.454994 0.956980 0.770883
v -20.000000 0.847469 0.662240
v -25.363764 0.765386 0.556392
v -19.999992 0.686814 0.415990
v -25.307802 0.647246 0.311312
v -20.000004 0.638379 0.279375
v -25.294882 0.620160 0.205676
v -20.000000 0.602556 0.077668
v -20.000000 0.606885 -0.141649
v -20.000000 0.661802 -0.349474
v -20.000000 0.760838 -0.546983
v -20.000000 0.977046 -0.789652
v -20.000000 1.183947 -0.914147
v -20.000000 1.448928 -0.992182
v -20.000000 1.749821 -0.990925
v -20.000000 2.037125 -0.904409
v -20.000000 2.259082 -0.753429
v -20.000000 2.433925 -0.560215
v -20.000002 2.543050 -0.333999
v -28.387690 7.598706 6.993021
v -28.276937 7.581830 6.997839
v -28.323509 7.720674 6.962502
v -28.452269 7.789133 6.893403
v -28.375446 7.874288 6.845607
v -28.474560 7.856958 6.823396
v -28.398544 7.947803 6.737436
v -28.494841 7.916666 6.730852
v -28.511494 7.967530 6.585159
v -28.416290 7.996616 6.596103
v -27.936190 6.630928 6.999998
v -27.522753 5.577757 6.997089
v -28.166410 7.268875 7.000000
v -27.465307 5.435540 6.942569
v -27.430494 5.352195 6.880004
v -27.405050 5.288618 6.810373
v -27.376192 5.218482 6.681705
v -27.364874 5.192474 6.550468
v -25.000364 -0.000003 2.297248
v -27.637745 5.589318 6.999859
v -28.199219 7.059448 7.000000
v -28.270000 7.265000 7.000000
v -27.458479 5.157651 6.584793
v -27.457001 5.153000 3.250000
v -27.484221 5.219460 6.760567
v -27.531097 5.331794 6.896774
v -27.592762 5.485043 6.981353
v 12.152018 23.143368 6.327587
v 12.151952 23.142023 -6.316621
v 13.125981 35.516323 6.579384
v 13.134778 35.625183 6.344699
v 13.134635 35.622719 -6.358367
v 13.126294 35.520741 -6.570147
v 13.107152 35.273586 6.736429
v 13.115199 35.380116 -6.684566
v 13.103453 35.226425 -6.744288
v 12.180330 23.496454 -6.736537
v 12.158300 23.213375 6.521139
v 12.167130 23.332378 6.646050
v 12.166584 23.325541 -6.640637
v 12.157590 23.204163 -6.505729
v 12.181524 23.512184 6.740362
v 12.452005 23.127195 -6.384555
v 13.406093 35.249306 -6.736610
v 13.433507 35.598995 6.358630
v 12.479372 23.472431 6.736440
v 13.424236 35.482689 6.591210
v 13.404917 35.233601 6.740423
v 12.459758 23.227785 6.576910
v 12.451273 23.120792 6.345286
v 12.462330 23.261412 -6.609189
v 12.480537 23.487091 -6.740099
v 13.425107 35.493221 -6.579328
v 13.433701 35.601387 -6.345444
v 12.569309 24.619970 -4.874305
v 12.569201 24.616081 4.833576
v 13.315578 34.103863 -4.857929
v 13.315557 34.103035 4.871460
v 12.573360 24.670773 4.992352
v 13.306092 33.977150 5.097703
v 12.579662 24.746132 -5.098572
v 12.584269 24.805956 5.151439
v 13.306820 33.986427 -5.091535
v 12.600534 25.015913 5.244270
v 13.288488 33.753029 5.236519
v 12.596931 24.970242 -5.236686
v 13.287233 33.737946 -5.240242
v 11.008655 34.103851 4.857968
v 11.008561 34.103027 -4.871490
v 10.262203 24.616081 -4.833580
v 10.262303 24.619970 4.874310
v 10.266258 24.670755 -4.992322
v 10.999104 33.977245 -5.097605
v 10.999915 33.986485 5.091477
v 10.272671 24.746042 5.098478
v 10.277304 24.806087 -5.151538
v 10.980346 33.737900 5.240252
v 10.289916 24.970245 5.236689
v 10.293527 25.015919 -5.244270
v 10.981528 33.752991 -5.236531
v -3.034739 -0.000000 -3.145900
v 5.203493 -0.000000 -4.389851
v 7.601000 0.000000 -3.847250
v -3.480000 0.000000 2.275000
v -14.054834 -0.000000 2.273562
v -12.964643 0.000000 2.228523
v 6.904326 -0.000003 6.741476
v 2.795000 0.000000 -3.847250
v -1.014000 0.000000 -3.847250
v -3.480000 0.000000 -3.847250
v -1.938750 0.000000 3.514750
v 8.169191 0.000000 0.695563
v 8.163888 0.000000 1.348563
v 11.209381 0.000000 -2.976019
v 8.300984 0.000000 -3.068784
v 11.048394 0.000000 1.470559
v 11.182844 0.000000 1.362373
v 8.142737 0.000000 -2.946348
v 8.087222 0.000000 0.842096
v 10.906303 0.000000 -3.076737
v 8.085670 0.000000 1.207270
v 11.222732 0.000000 -2.241125
v 11.332606 0.000000 -2.798092
v 8.282161 0.000000 1.439358
v 11.311351 0.000000 -2.345986
v 11.259289 0.000000 1.184702
v 8.314119 0.000000 0.604515
v 11.073481 0.000000 -2.157734
v 11.367940 0.000000 -2.556864
v 8.058809 0.000000 1.005424
v 8.020202 0.000000 -2.516756
v 8.045904 0.000000 -2.316489
v 8.498414 0.000000 1.501697
v 11.285816 0.000000 0.957850
v 8.961441 0.000000 -3.075549
v 8.038054 0.000000 -2.705438
v 11.240167 0.000000 0.698285
v 10.828240 0.000000 -2.103787
v 8.821399 0.000000 1.520357
v 8.545944 0.000000 0.545491
v 10.841289 0.000000 1.517607
v 8.196527 0.000000 -1.976594
v 9.737144 0.000000 -2.135543
v 11.084558 0.000000 0.392990
v 10.424173 0.000000 -2.080380
v 9.634367 0.000000 -1.655640
v 9.108721 0.000000 0.517478
v 9.847568 0.000000 0.313844
v 9.515267 0.000000 -1.880484
v 9.536234 0.000000 -2.099852
v 9.488586 0.000000 -2.012670
v 9.911003 0.000000 0.543165
v 9.734816 0.000000 0.581358
v 9.918300 0.000000 0.448410
v 8.515587 -0.000000 -3.106524
v 3.134681 0.000000 -4.873842
v 3.280794 0.000000 -4.729107
v 3.352415 0.000000 -5.538050
v 3.229584 0.000000 -5.413155
v 3.512525 0.000000 -5.608958
v 3.111506 0.000000 -5.134445
v 3.790109 0.000000 -4.587681
v 3.826281 0.000000 -5.615666
v 4.792518 0.000000 -5.128005
v 4.598262 0.000000 -5.310531
v 4.972248 0.000000 -4.871038
v 4.308327 0.000000 -5.471597
v -16.892773 0.000000 -2.672722
v -14.156882 0.000000 2.129863
v -18.595575 0.000000 2.033482
v -16.068052 0.000000 -2.750990
v -16.809607 0.000000 -2.796541
v -16.193600 0.000000 -2.857557
v -18.442646 0.000000 1.965747
v -18.707022 0.000000 2.168420
v -19.829483 0.000000 2.069421
v -16.919413 0.000000 -2.481607
v -16.634401 0.000000 -2.887169
v -18.215416 0.000000 1.957587
v -14.364870 0.000000 2.029091
v -16.388161 0.000000 -2.911659
v -15.967442 0.000000 -2.559606
v -16.894653 0.000000 0.881131
v -15.926114 0.000000 -2.249001
v -16.877415 0.000000 -1.997531
v -17.743584 0.000000 2.024235
v -16.883711 0.000000 0.210022
v -14.920107 0.000000 1.986592
v -17.446899 0.000000 2.032894
v -16.856380 0.000000 1.384065
v -17.275757 0.000000 2.000656
v -16.870768 0.000000 1.599426
v -17.069746 0.000000 1.905733
v -15.945928 0.000000 1.675410
v -15.947849 0.000000 -1.706497
v -16.929470 0.000000 1.747855
v -15.566020 0.000000 2.019529
v -15.890200 0.000000 1.887708
v -15.771577 0.000000 1.983005
v -14.139115 0.000000 2.857791
v -14.061409 0.000000 2.743931
v -18.732624 0.000000 2.711391
v -18.633430 0.000000 2.864637
v -18.467346 0.000000 2.966717
v -14.257169 0.000000 2.929486
v -18.781393 0.000000 2.516267
v -14.016020 0.000000 2.522528
v -14.453645 0.000000 2.960383
v -18.765560 0.000000 2.330482
v -18.240137 0.000000 2.988780
v -17.747099 0.000000 2.945257
v -14.917428 0.000000 2.950260
v -7.779633 0.000000 -2.897579
v -8.786000 0.000000 -3.175500
v -7.934086 0.000000 -2.787443
v -4.940897 0.000000 -2.656185
v -8.031922 0.000000 -2.553161
v -4.621873 0.000000 -2.469846
v -7.592147 0.000000 -2.919538
v -5.379623 0.000000 -2.792978
v -8.064082 0.000000 -2.309602
v -4.078306 0.000000 -1.925978
v -4.360555 0.000000 -2.255840
v -6.075045 0.000000 -2.882595
v -8.051506 0.000000 1.426160
v -8.786000 0.000000 3.314750
v -4.124050 0.000000 2.103203
v -8.047482 0.000000 -1.786495
v -3.846982 0.000000 -1.516074
v -8.039133 0.000000 1.987983
v -8.081841 -0.000000 2.423781
v -7.106593 0.000000 -2.871176
v -3.907693 0.000000 1.752552
v -3.723593 0.000000 1.312150
v -3.674733 0.000000 -1.014411
v -3.574142 0.000000 -0.427818
v -3.598068 0.000000 0.735699
v -3.554486 0.000000 0.160480
v -8.071371 0.000000 2.651309
v -8.004704 0.000000 2.777789
v -7.888824 0.000000 2.871416
v -4.924758 0.000000 2.738043
v -4.602983 0.000000 2.566535
v -7.677207 0.000000 2.945138
v -4.338907 -0.000000 2.346388
v -7.414307 0.000000 2.968198
v -6.942226 0.000000 2.949216
v -5.328047 0.000000 2.857524
v -6.039618 0.000000 2.949130
v 2.158537 0.000000 1.504607
v 2.470612 0.000000 -2.878853
v 2.354827 0.000000 -3.010212
v 1.895064 0.000000 -3.080388
v -0.029744 0.000000 -3.069040
v -0.190135 0.000000 -3.081538
v 2.463701 0.000000 1.099096
v -0.537714 0.000000 -2.844526
v -0.581655 0.000000 -2.687753
v -0.495809 0.000000 1.232681
v 1.808537 0.000000 1.437930
v 1.998430 0.000000 1.515792
v 2.121675 -0.000000 -3.101703
v 0.124024 0.000000 1.486304
v 2.424829 0.000000 1.244765
v 2.521498 0.000000 -2.674184
v -0.049326 0.000000 1.523346
v -0.386891 0.000000 1.391435
v 2.327025 0.000000 1.387908
v -0.406634 0.000000 -2.993725
v 2.496974 0.000000 -2.457472
v -0.499942 0.000000 0.996092
v -0.230241 0.000000 1.484588
v 1.852466 0.000000 -1.306920
v 2.428652 0.000000 0.888093
v 1.742900 0.000000 -2.987189
v 0.160304 0.000000 -2.939358
v 1.618160 0.000000 -2.830921
v 0.334860 0.000000 1.326663
v 1.612680 0.000000 -0.612530
v 1.620849 0.000000 -0.889361
v 1.705409 0.000000 -0.334868
v 2.018969 0.000000 0.170965
v 1.546370 0.000000 1.173711
v 2.411549 0.000000 -2.240734
v 1.298579 0.000000 -2.278400
v 0.536166 0.000000 -2.388267
v -0.535399 0.000000 -2.446894
v 0.034249 0.000000 -1.426053
v 0.354339 0.000000 -0.984101
v 2.176883 0.000000 -1.873465
v 1.391850 0.000000 0.908156
v -0.405669 0.000000 -2.175698
v -0.379096 0.000000 0.677422
v 0.109583 0.000000 -0.189123
v 0.580669 0.000000 0.967966
v 1.255077 0.000000 0.581175
v 0.378197 0.000000 -0.590590
v 0.927888 0.000000 -1.706377
v 0.865117 0.000000 -1.729860
v 1.033999 0.000000 -1.781645
v 0.774133 0.000000 -1.859298
v 0.864633 0.000000 0.404584
v 1.103573 0.000000 0.301509
v 0.426715 0.000000 -0.789259
v 0.975319 0.000000 0.273525
v 1.038187 0.000000 0.260241
v -19.864115 0.000000 -1.793428
v -19.801920 0.000000 -1.981922
v -19.881157 0.000000 -2.217524
v -20.018970 0.000000 -2.430999
v -19.857151 -0.000000 2.270553
v -20.218504 0.000000 -2.646188
v -23.113686 0.000000 -0.100925
v -20.733540 0.000000 -1.683660
v -23.101913 0.000000 0.406788
v -20.010567 0.000000 1.712026
v -20.138924 0.000000 1.631152
v -23.070139 0.000000 -0.641803
v -20.607218 0.000000 -1.585122
v -23.045464 0.000000 0.845996
v -20.521267 0.000000 -2.841245
v -22.931086 0.000000 1.239193
v -22.961435 0.000000 -1.093400
v -22.742338 0.000000 1.592938
v -20.921747 0.000000 -2.992392
v -22.297140 0.000000 1.970601
v -22.511038 0.000000 1.830960
v -21.978773 0.000000 2.095673
v -20.036772 0.000000 -1.628582
v -20.274525 0.000000 1.598106
v -19.892275 0.000000 1.871741
v -22.953367 0.000000 -2.679291
v -21.187342 0.000000 -2.011770
v -21.489466 0.000000 -2.061617
v -21.554073 0.000000 2.133154
v -20.437197 0.000000 -1.539957
v -21.214760 0.000000 2.040230
v -20.461040 0.000000 1.624685
v -22.501013 0.000000 -2.904850
v -20.971146 0.000000 -1.924016
v -20.266184 0.000000 -1.547650
v -21.808376 0.000000 -2.053944
v -22.813656 0.000000 -1.410727
v -20.690969 0.000000 1.719147
v -23.338308 0.000000 -2.360626
v -20.831570 0.000000 -1.818817
v -22.105967 0.000000 -3.012571
v -22.156437 0.000000 -1.964319
v -23.754833 0.000000 1.847962
v -23.499947 0.000000 2.246412
v -23.650702 0.000000 -1.967185
v -21.576490 0.000000 -3.061089
v -22.417595 0.000000 -1.827295
v -23.879122 0.000000 -1.499448
v -22.641630 0.000000 -1.642490
v -23.961695 0.000000 1.321164
v -24.076893 0.000000 0.706478
v -24.051189 0.000000 -0.856826
v -24.119150 0.000000 0.026847
v -20.012651 0.000000 2.529467
v -20.970116 -0.000001 3.071824
v -20.606058 0.000000 2.949542
v -20.341707 0.000000 2.803435
v -21.938766 0.000000 3.112260
v -21.398285 0.000000 3.125838
v -22.732014 0.000000 2.874529
v -23.149799 0.000000 2.606485
v -22.357788 0.000000 3.021896
v 3.665237 0.000000 1.447589
v 3.553917 0.000000 1.249523
v 6.476960 0.000000 1.426368
v 6.692640 0.000000 1.523517
v 6.881148 0.000000 1.460917
v 3.541285 0.000000 0.992048
v 3.851893 0.000000 1.514518
v 4.287402 0.000000 1.418569
v 7.156121 0.000000 1.053822
v 7.121682 0.000000 0.755410
v 3.612053 0.000000 0.619277
v 4.047833 0.000000 1.508950
v 7.039341 0.000000 1.311218
v 4.444171 0.000000 1.262853
v 4.541469 0.000000 1.044900
v 6.628791 0.000000 -0.507829
v 4.581776 0.000000 -1.903590
v 6.859529 0.000000 0.191021
v 4.807961 0.000000 -2.401890
v 6.282321 0.000000 1.170361
v 5.657123 0.000000 -3.230467
v 4.849508 0.000000 -2.913114
v 3.889991 0.000000 -0.046710
v 4.874095 0.000000 -2.646808
v 5.564610 0.000000 -0.897480
v 5.195619 0.000000 -0.803759
v 6.137525 0.000000 0.865229
v 5.756284 0.000000 -0.236072
v 4.915656 0.000000 -0.062516
v 4.673435 0.000000 0.533292
v 5.963276 0.000000 0.324375
v 5.352629 0.000000 -1.049376
v 5.487946 0.000000 -1.048867
v 5.432351 0.000000 -1.085061
v 4.598252 0.000000 -3.447737
v 4.364863 0.000000 -4.069495
v 4.171209 0.000000 -4.343845
v 3.982596 -0.000000 -4.494015
v -12.198503 0.000000 -0.019275
v -12.971396 0.000000 -2.079518
v -12.909542 0.000000 -1.888868
v -12.171685 0.000000 0.653935
v -12.488447 0.000000 1.774904
v -12.280777 0.000000 0.133366
v -12.262643 0.000000 0.464099
v -12.295142 0.000000 0.285546
v -12.669083 0.000000 1.820097
v -9.931440 0.000000 0.900282
v -12.304553 0.000000 1.832308
v -11.396078 0.000000 0.912429
v -12.032434 0.000000 0.778896
v -12.865344 0.000000 2.010540
v -9.805230 0.000000 1.099819
v -12.737305 0.000000 -1.739871
v -9.741464 0.000000 2.181937
v -12.843928 0.000000 -2.577482
v -11.857056 0.000000 0.838679
v -12.959430 0.000000 -2.324525
v -9.932886 0.000000 0.136123
v -10.153476 0.000000 0.735120
v -9.730267 0.000000 1.406780
v -12.489048 0.000000 -1.682491
v -11.307948 0.000000 -0.263832
v -12.074275 0.000000 -1.781844
v -11.560274 0.000000 -0.187940
v -11.563944 0.000000 2.218855
v -11.102265 0.000000 1.073153
v -9.707195 0.000000 1.922775
v -12.281680 0.000000 -1.702925
v -11.027586 0.000000 -0.425516
v -11.858048 0.000000 2.126282
v -10.813556 0.000000 -0.632053
v -11.666661 0.000000 -2.088469
v -10.174238 0.000000 0.268384
v -11.988205 0.000000 -0.115458
v -10.915377 0.000000 1.302805
v -11.370534 0.000000 2.221678
v -9.779568 0.000000 -0.047468
v -10.672298 0.000000 -0.838398
v -12.662918 0.000000 -2.758046
v -10.562224 0.000000 -1.115444
v -10.839199 0.000000 1.640901
v -10.875730 0.000000 1.817193
v -10.953207 0.000000 1.978117
v -11.152503 0.000000 2.164407
v -9.460513 0.000000 -1.167425
v -10.992039 0.000000 -2.070678
v -9.681553 0.000000 -0.255511
v -11.245572 0.000000 -2.162124
v -10.853845 0.000000 1.476313
v -9.523593 0.000000 -0.782591
v -9.939683 0.000000 -2.457134
v -10.144591 0.000000 -2.655606
v -10.576841 0.000000 -1.548562
v -10.659665 0.000000 -2.942818
v -12.321422 0.000000 -2.934957
v -10.674765 0.000000 -1.768152
v -10.546102 0.000000 -1.340221
v -10.687532 0.000000 0.453094
v -11.471105 0.000000 -2.165129
v -10.667217 0.000000 0.499922
v -10.621947 0.000000 0.409532
v -9.487874 0.000000 -1.519592
v -9.756742 0.000000 -2.215361
v -10.386363 0.000000 -2.816849
v -10.796605 0.000000 -1.922575
v -11.081409 0.000000 -3.040274
v -9.576756 0.000000 -1.849429
v -11.742543 0.000000 -3.051163
v -9.847806 0.000000 2.446599
v -9.998405 0.000000 2.645801
v -10.185451 0.000000 2.816012
v -10.518132 0.000000 2.996233
v -10.922873 0.000001 3.094459
v -11.949556 -0.000001 3.085296
v -11.387844 0.000000 3.133517
v -12.970210 0.000000 2.396851
v -12.912889 0.000000 2.549999
v -12.758939 0.000000 2.725886
v -12.518947 0.000000 2.886333
v -12.226675 0.000000 3.013741
v -3.401416 0.000000 -2.242311
v -3.191865 0.000000 -2.986380
v -3.404606 0.000000 -2.471390
v -3.326241 0.000000 -2.770544
v -2.612561 0.000000 -1.380833
v -2.265296 0.000000 -1.370044
v -1.411783 0.000000 -2.483629
v -3.321069 0.000000 -1.939852
v -3.088115 0.000000 -1.625707
v -1.974354 0.000000 -1.459698
v -1.715938 0.000000 -1.635230
v -1.531344 0.000000 -1.877421
v -1.420493 0.000000 -2.175718
v -2.860465 0.000000 -1.471246
v -1.477661 0.000000 -2.738379
v -1.611030 0.000000 -2.973155
v -1.990226 -0.000000 -3.277977
v -2.507213 0.000000 -3.359996
v -2.764091 -0.000000 -3.303793
v -2.280195 0.000000 -3.358781
v -1.766589 -0.000000 -3.133807
v -16.242836 0.300000 -2.881505
v -16.073080 0.300000 -2.759739
v -15.962264 0.300000 -2.542737
v -15.926007 0.300000 -2.228886
v -15.947663 0.300000 -1.690002
v -15.945823 0.300000 1.685655
v -15.903154 0.300000 1.857324
v -15.815915 0.300000 1.962700
v -15.586436 0.300000 2.019986
v -14.888936 0.300000 1.986571
v -14.346240 0.300000 2.033879
v -14.164831 0.300000 2.125104
v -14.073420 0.300000 2.234281
v -14.020755 0.300000 2.419390
v -14.038105 0.300000 2.682964
v -14.121556 0.300000 2.839607
v -14.232630 0.300000 2.920037
v -14.436357 0.300000 2.960527
v -14.948810 0.300000 2.951001
v -17.123262 0.300000 2.955144
v -17.737209 0.300000 2.942276
v -18.255634 0.300000 2.989333
v -18.480461 0.300000 2.962326
v -18.662109 0.300000 2.836012
v -18.775063 0.300000 2.583614
v -18.765032 0.300000 2.319542
v -18.650352 0.300000 2.078488
v -18.453049 0.300000 1.966348
v -18.200888 0.300000 1.959036
v -17.559200 0.300000 2.039915
v -17.278757 0.300000 2.002604
v -17.056118 0.300000 1.895693
v -16.923161 0.300000 1.737260
v -16.868082 0.300000 1.585470
v -16.856924 0.300000 1.368726
v -16.894798 0.300000 0.869769
v -16.883469 0.300000 0.114444
v -16.876528 0.300000 -2.006382
v -16.919546 0.300000 -2.495761
v -16.882223 0.300000 -2.703650
v -16.768847 0.300000 -2.827033
v -16.528461 0.300000 -2.910964
v -4.267214 0.300000 -2.161101
v -3.995511 0.300000 -1.799387
v -3.784189 0.300000 -1.363483
v -3.667106 0.300000 -0.972343
v -3.585337 0.300000 -0.529041
v -3.552292 0.300000 0.123111
v -3.596339 0.300000 0.711638
v -3.685204 0.300000 1.173928
v -3.897928 0.300000 1.746154
v -4.225181 0.300002 2.229654
v -4.500121 0.300000 2.489459
v -4.822469 0.300000 2.694959
v -5.299495 0.300000 2.853156
v -6.040174 0.300000 2.947483
v -6.947353 0.300000 2.948947
v -7.509611 0.300000 2.968252
v -7.830706 0.300000 2.901655
v -8.001616 0.300000 2.783311
v -8.074239 0.300000 2.640079
v -8.081125 0.300000 2.418744
v -8.039827 0.300001 2.010243
v -8.051387 0.300000 1.460764
v -8.047324 0.300000 -1.770555
v -8.064720 0.300000 -2.267750
v -8.027485 0.300000 -2.583006
v -7.922694 0.300000 -2.795751
v -7.788065 0.300000 -2.896354
v -7.575444 0.300000 -2.918851
v -7.106054 0.300000 -2.871875
v -6.353312 0.300000 -2.886775
v -5.652066 0.300000 -2.842797
v -5.081563 0.300000 -2.712138
v -4.613639 0.300000 -2.471003
v 0.941790 0.300000 -1.703996
v 1.069505 0.300000 -1.841570
v 1.293032 0.300000 -2.269236
v 1.679249 0.300000 -2.925628
v 1.886864 0.300000 -3.079427
v 2.082618 0.300000 -3.101591
v 2.306009 0.300000 -3.042718
v 2.454133 0.300000 -2.906687
v 2.518024 0.300000 -2.718492
v 2.501508 0.300000 -2.469387
v 2.403613 0.300000 -2.226572
v 2.172035 0.300000 -1.864856
v 1.929742 0.300000 -1.427069
v 1.666522 0.300000 -1.002970
v 1.600846 0.300000 -0.744502
v 1.641668 0.300000 -0.497002
v 1.741351 0.300000 -0.269778
v 2.022993 0.300000 0.178306
v 2.391387 0.300000 0.814362
v 2.458935 0.300000 1.003043
v 2.443516 0.300000 1.209845
v 2.334731 0.300000 1.377896
v 2.208272 0.300000 1.480356
v 2.089096 0.300000 1.517252
v 1.954566 0.300000 1.508395
v 1.745226 0.300000 1.385322
v 1.512242 0.300000 1.128341
v 1.254721 0.300000 0.592228
v 1.183736 0.300000 0.430083
v 1.085602 0.300000 0.281774
v 1.006488 0.300000 0.259384
v 0.892405 0.300000 0.355994
v 0.569300 0.300000 0.988445
v 0.393084 0.300000 1.251309
v 0.232237 0.300000 1.419238
v 0.021806 0.300000 1.521797
v -0.200864 0.300000 1.495480
v -0.349496 0.300000 1.419692
v -0.461211 0.300000 1.303187
v -0.508608 0.300000 1.155611
v -0.473089 0.300000 0.887685
v -0.225092 0.300000 0.409422
v 0.118134 0.300000 -0.203487
v 0.344572 0.300000 -0.536460
v 0.418290 0.300000 -0.704243
v 0.413866 0.300000 -0.852230
v 0.331052 0.300000 -1.017330
v 0.068325 0.300000 -1.363907
v -0.175677 0.300000 -1.798659
v -0.471479 0.300000 -2.295138
v -0.582554 0.300000 -2.633850
v -0.542487 0.300000 -2.838599
v -0.392743 0.300000 -3.003336
v -0.178683 0.300000 -3.083095
v -0.056265 0.300000 -3.074514
v 0.064724 0.300000 -3.019437
v 0.214385 0.300000 -2.870628
v 0.534944 0.300000 -2.388045
v 0.755898 0.300000 -1.895750
v 0.851981 0.300000 -1.742137
v -20.736753 0.300000 -1.688465
v -20.839394 0.300000 -1.826830
v -20.982586 0.300000 -1.930500
v -21.208855 0.300000 -2.017648
v -21.513727 0.300000 -2.063099
v -21.788361 0.300000 -2.054933
v -22.102304 0.300000 -1.984350
v -22.341904 0.300000 -1.872833
v -22.580723 0.300000 -1.704596
v -22.785511 0.300000 -1.456157
v -22.940044 0.300000 -1.152114
v -23.057293 0.300000 -0.718377
v -23.114273 0.300000 -0.138806
v -23.099594 0.300000 0.438387
v -23.039455 0.300000 0.875570
v -22.936138 0.300000 1.222740
v -22.814314 0.300000 1.477069
v -22.620531 0.300000 1.736985
v -22.279434 0.300000 1.983966
v -21.910963 0.300000 2.108706
v -21.668058 0.300000 2.132853
v -21.432110 0.300000 2.114379
v -21.174925 0.300000 2.016891
v -20.729006 0.300000 1.740245
v -20.435057 0.300000 1.614532
v -20.191822 0.300000 1.608615
v -19.999569 0.300000 1.722328
v -19.886395 0.300000 1.882994
v -19.836565 0.300000 2.037699
v -19.840887 0.300000 2.222475
v -19.963945 0.300000 2.466529
v -20.216677 0.300000 2.712375
v -20.544224 0.300000 2.923994
v -20.979963 0.299998 3.073302
v -21.550571 0.300000 3.133418
v -22.144705 0.299998 3.076345
v -22.515503 0.300000 2.968019
v -22.857426 0.300000 2.806343
v -23.177469 0.300000 2.578761
v -23.428085 0.300000 2.329455
v -23.649000 0.300000 2.034403
v -23.843767 0.300000 1.652034
v -24.006496 0.300000 1.145178
v -24.103588 0.300000 0.436847
v -24.109291 0.300000 -0.275739
v -24.013136 0.300000 -1.052104
v -23.822432 0.300000 -1.638946
v -23.630136 0.300000 -1.992972
v -23.387945 0.300000 -2.308366
v -23.097168 0.300000 -2.572711
v -22.735355 0.300000 -2.805119
v -22.291361 0.300000 -2.970428
v -21.873470 0.300000 -3.045763
v -21.263960 0.300000 -3.046182
v -20.799196 0.300000 -2.954459
v -20.453335 0.300000 -2.806344
v -20.132687 0.300000 -2.567234
v -19.905161 0.300000 -2.262991
v -19.808508 0.300000 -2.027823
v -19.814407 0.300000 -1.907702
v -19.886351 0.300000 -1.765086
v -20.006788 0.300000 -1.652208
v -20.203556 0.300000 -1.560278
v -20.406786 0.300000 -1.537839
v -20.601374 0.300000 -1.580438
v 9.927181 0.300000 0.473493
v 9.838142 0.300000 0.300746
v 8.335084 0.300000 -1.781705
v 8.149605 0.300000 -2.065051
v 8.041195 0.300000 -2.335231
v 8.021698 0.300000 -2.625209
v 8.110132 0.300000 -2.894497
v 8.255198 0.300000 -3.048013
v 8.478966 0.300000 -3.105790
v 8.963226 0.300000 -3.074966
v 10.825874 0.300000 -3.080461
v 11.077969 0.300000 -3.036521
v 11.217486 0.300000 -2.964713
v 11.330367 0.300000 -2.809513
v 11.367061 0.300000 -2.542281
v 11.307057 0.300000 -2.338512
v 11.214425 0.300000 -2.234642
v 11.003814 0.300000 -2.132289
v 10.444184 0.300000 -2.078515
v 9.800693 0.300000 -2.131597
v 9.604819 0.300000 -2.123495
v 9.510259 0.300000 -2.075216
v 9.491171 0.300000 -1.942319
v 9.644614 0.300000 -1.641152
v 11.096188 0.300000 0.410596
v 11.254045 0.300000 0.738042
v 11.284217 0.300000 1.013200
v 11.242033 0.300000 1.248807
v 11.137263 0.300000 1.411836
v 10.991276 0.300000 1.491678
v 10.781391 0.300000 1.520209
v 8.845380 0.300000 1.519913
v 8.481863 0.300000 1.499158
v 8.270930 0.300000 1.433711
v 8.157177 0.300000 1.340624
v 8.081016 0.300000 1.192090
v 8.059475 0.300000 0.990091
v 8.091496 0.300000 0.829841
v 8.166249 0.300000 0.701053
v 8.353282 0.300000 0.584427
v 9.003604 0.300000 0.510371
v 9.716846 0.300000 0.579687
v 9.895541 0.300000 0.554895
v 4.879747 0.300000 -2.762036
v 4.797951 0.300000 -3.037999
v 4.591234 0.300000 -3.464488
v 4.371616 0.300000 -4.051934
v 4.218960 0.300000 -4.288569
v 4.028370 0.300000 -4.465976
v 3.804514 0.300000 -4.582369
v 3.390703 0.300000 -4.691643
v 3.194213 0.300000 -4.788359
v 3.114314 0.300000 -4.945035
v 3.117049 0.300000 -5.133774
v 3.197102 0.300000 -5.365107
v 3.333582 0.300000 -5.523983
v 3.481198 0.300000 -5.600712
v 3.705102 0.300000 -5.623735
v 3.976365 0.300000 -5.580214
v 4.426373 0.300000 -5.420919
v 4.709592 0.300000 -5.215617
v 4.909510 0.300000 -4.976056
v 5.177547 0.300000 -4.453436
v 5.661884 0.300000 -3.218935
v 6.632625 0.300000 -0.498056
v 6.868148 0.300000 0.212191
v 7.127006 0.300000 0.771605
v 7.153229 0.300000 1.070109
v 7.029943 0.300000 1.323518
v 6.890310 0.300000 1.453218
v 6.734995 0.300000 1.519395
v 6.594622 0.300000 1.495602
v 6.441615 0.300000 1.389530
v 6.271000 0.300000 1.150561
v 6.128763 0.300000 0.841742
v 5.955921 0.300000 0.302945
v 5.750498 0.300000 -0.253926
v 5.571851 0.300000 -0.873597
v 5.491193 0.300000 -1.046737
v 5.427455 0.300000 -1.085268
v 5.347048 0.300000 -1.044048
v 5.186250 0.300000 -0.782655
v 4.666665 0.300000 0.557898
v 4.536296 0.300000 1.061014
v 4.436449 0.300000 1.274296
v 4.275025 0.300000 1.425960
v 4.088583 0.300000 1.497530
v 3.907282 0.300000 1.520575
v 3.722841 0.300000 1.478955
v 3.608911 0.300000 1.378786
v 3.535851 0.300000 1.148774
v 3.579637 0.300000 0.748332
v 3.683562 0.300000 0.434748
v 3.893931 0.300000 -0.057684
v 4.584061 0.300000 -1.911206
v 4.832114 0.300000 -2.463430
v -12.290069 0.300000 -2.945581
v -11.759748 0.300000 -3.048059
v -11.163496 0.300000 -3.046389
v -10.760659 0.300000 -2.976832
v -10.405786 0.300000 -2.828832
v -10.154583 0.300000 -2.661942
v -9.948112 0.300000 -2.467942
v -9.742249 0.300000 -2.192040
v -9.585217 0.300000 -1.867574
v -9.489815 0.300000 -1.537855
v -9.462064 0.300000 -1.143536
v -9.529688 0.300000 -0.758310
v -9.706328 0.300000 -0.187639
v -9.829792 0.300000 0.024653
v -9.969985 0.300000 0.162317
v -10.194298 0.300000 0.276046
v -10.630523 0.300000 0.413193
v -10.691073 0.300000 0.460600
v -10.636405 0.300000 0.518368
v -10.174903 0.300000 0.725333
v -9.936118 0.300000 0.892468
v -9.810356 0.300000 1.090990
v -9.730621 0.300000 1.386767
v -9.711254 0.300000 2.018683
v -9.807739 0.300000 2.375357
v -10.014754 0.300000 2.667151
v -10.313281 0.300000 2.901399
v -10.696809 0.299999 3.050170
v -11.087502 0.300000 3.116810
v -11.494830 0.300000 3.130996
v -11.950520 0.299998 3.085632
v -12.382442 0.300000 2.956476
v -12.724125 0.300000 2.754577
v -12.879882 0.300000 2.596748
v -12.961741 0.300000 2.439471
v -12.970478 0.300000 2.257905
v -10.872455 0.300000 -1.989605
v -11.045888 0.300000 -2.096066
v -11.262405 0.300000 -2.164968
v -11.484455 0.300000 -2.162486
v -11.646941 0.300000 -2.097711
v -12.080234 0.300000 -1.777631
v -12.294347 0.300000 -1.699955
v -12.506600 0.300000 -1.683430
v -12.699859 0.300000 -1.726976
v -12.841232 0.300000 -1.811098
v -12.955186 0.300000 -1.988628
v -12.970565 0.300000 -2.256316
v -12.868542 0.300000 -2.547957
v -12.646662 0.300000 -2.769646
v -12.911919 0.300000 2.094394
v -12.812139 0.300000 1.942619
v -12.613706 0.300000 1.792807
v -12.435140 0.300000 1.782654
v -12.271823 0.300000 1.853179
v -11.855747 0.300000 2.129033
v -11.574780 0.300000 2.215817
v -11.379889 0.300000 2.223523
v -11.213040 0.300000 2.185406
v -11.077074 0.300000 2.109299
v -10.960141 0.300000 1.985404
v -10.878543 0.300000 1.828338
v -10.841177 0.300000 1.649885
v -10.856075 0.300000 1.455382
v -10.928174 0.300000 1.285557
v -11.047188 0.300000 1.127080
v -11.283884 0.300000 0.956331
v -11.505204 0.300000 0.891468
v -11.967580 0.300000 0.812391
v -12.150118 0.300000 0.681513
v -12.260106 0.300000 0.476958
v -12.295795 0.300000 0.180430
v -12.189753 0.300000 -0.026714
v -11.972176 0.300000 -0.119335
v -11.424141 0.300000 -0.217213
v -11.068912 0.300000 -0.395107
v -10.791033 0.300000 -0.654166
v -10.628100 0.300000 -0.928349
v -10.546974 0.300000 -1.202443
v -10.572286 0.300000 -1.539055
v -10.706523 0.300000 -1.819035
v -3.123812 0.299999 -3.072432
v -2.830151 0.300000 -3.273295
v -2.487658 0.300000 -3.368550
v -2.052614 0.300001 -3.307588
v -1.716687 0.300001 -3.093871
v -1.529890 0.300000 -2.848576
v -1.420493 0.300000 -2.553282
v -1.411783 0.300000 -2.245372
v -1.476979 0.300000 -1.992485
v -1.582699 0.300000 -1.796597
v -1.758663 0.300000 -1.597135
v -2.019804 0.300000 -1.439397
v -2.322131 0.300000 -1.363607
v -2.628660 0.300000 -1.386607
v -2.880428 0.300000 -1.479962
v -3.100348 0.300000 -1.640141
v -3.266631 0.300000 -1.847313
v -3.397702 0.300000 -2.177789
v -3.401434 0.300000 -2.486571
v -3.336026 0.300000 -2.747285
v -7.014073 0.300000 1.835014
v -6.942461 0.300000 1.901806
v -6.895269 0.300000 -1.853013
v -7.064880 0.300000 -1.570262
v -7.001448 0.300000 -1.748755
v -7.047054 0.300000 -1.223907
v -6.763011 0.300000 -1.899129
v -7.050163 0.300000 1.718369
v -5.254665 0.300000 1.789281
v -5.229032 0.300000 -1.675407
v -6.726492 0.300000 1.955624
v -5.008931 0.300000 1.609266
v -5.026276 0.300000 -1.510318
v -5.486830 0.300000 1.867568
v -5.895034 0.300000 1.932686
v -4.822339 0.300000 -1.238507
v -5.560511 0.300000 -1.813782
v -6.077482 0.300000 -1.876778
v -6.452709 0.300000 -1.878184
v -4.829438 0.300000 1.358396
v -4.656455 0.300000 -0.814387
v -4.581784 0.300000 0.570043
v -4.693416 0.300000 1.051592
v -4.580190 0.300000 -0.412573
v -4.553573 0.300000 0.012679
v -5.023215 0.000000 1.623656
v -4.841061 0.000000 1.378668
v -4.686155 0.000000 1.035295
v -4.571930 0.000000 0.489697
v -4.563365 0.000000 -0.306194
v -4.661840 0.000000 -0.828763
v -4.809625 0.000000 -1.215387
v -5.010232 0.000000 -1.493526
v -5.211989 0.000000 -1.664854
v -5.536948 0.000000 -1.808130
v -6.052986 0.000000 -1.875733
v -6.436402 0.000000 -1.877580
v -6.773429 0.000000 -1.899696
v -6.931968 0.000000 -1.828002
v -7.015532 0.000000 -1.719919
v -7.063855 0.000000 -1.578021
v -7.046907 0.000000 -1.232433
v -7.050201 0.000000 1.711829
v -7.007325 0.000000 1.849143
v -6.921208 0.000000 1.910008
v -6.743069 0.000000 1.954315
v -5.927078 0.000000 1.935385
v -5.508168 0.000000 1.872493
v -5.271280 0.000000 1.797406
v -27.742794 5.858999 5.665875
v -27.740999 5.856000 0.000000
v -28.177521 7.007360 1.782000
v -28.179001 7.007000 4.254000
v -28.143999 6.912000 4.254000
v -28.454021 7.793974 0.000099
v -28.156874 6.947721 0.286239
v -28.133369 6.883235 0.260066
v -28.143677 6.908634 4.045025
v -27.770256 5.928323 3.766656
v -27.747225 5.869390 4.125155
v -27.755939 5.892543 4.076277
v -27.776892 5.944675 4.047248
v -27.878729 6.206310 4.045043
v -27.853178 6.139070 3.195369
v -27.832338 6.087011 3.255749
v -27.823565 6.064177 3.371372
v -27.821884 6.059338 3.701760
v -27.804077 6.013356 3.756958
v -27.778391 5.948520 2.586610
v -27.750206 5.878215 3.277168
v -27.762684 5.908647 3.166088
v -27.783592 5.961617 3.081304
v -27.821484 6.059653 3.001069
v -27.868153 6.180010 2.961270
v -27.761963 5.907108 2.566996
v -27.808119 6.023585 5.724781
v -28.105247 6.801717 5.057208
v -27.780384 5.953492 5.059018
v -27.756012 5.894174 5.028227
v -27.749243 5.874382 4.996152
v -27.750809 5.879578 3.709388
v -27.746038 5.867668 3.646333
v -27.748093 5.871768 2.520041
v -27.748039 5.872614 1.640535
v -27.750288 5.878816 0.534498
v -27.774937 5.939649 0.369862
v -27.801361 6.008725 0.303525
v -27.833891 6.090157 0.264269
v -27.846840 6.123389 -0.147338
v -27.890574 6.235955 -0.087806
v -27.856186 6.147661 0.470245
v -27.879005 6.206975 1.574001
v -27.827459 6.074644 0.569492
v -27.839308 6.103874 0.512112
v -27.823057 6.062205 1.138664
v -27.814558 6.042621 1.186818
v -27.798666 5.999827 1.222980
v -27.775574 5.941887 1.223989
v -27.771299 5.931277 1.578015
v -27.762733 5.908608 1.208793
v -27.748642 5.873672 1.156068
v -27.749464 5.876257 2.435993
v -27.765907 5.917561 1.769194
v -27.748070 5.871820 1.715994
v -27.746796 5.868873 4.926630
v -27.768965 5.924859 4.859443
v -27.777403 5.946928 4.253095
v -27.782536 5.957648 4.851456
v -27.755802 5.894022 4.219197
v -27.748367 5.872361 4.185873
v -27.883410 6.218206 3.168147
v -28.113169 6.827299 3.164931
v -28.208824 7.089982 3.772029
v -28.208096 7.088143 4.045000
v -28.180799 7.012509 3.703963
v -28.178877 7.005854 3.365835
v -28.171095 6.985048 3.263899
v -28.150827 6.928866 3.194593
v -28.272524 7.268449 -0.148222
v -28.216656 7.111580 1.575972
v -28.238600 7.174243 0.914696
v -28.218258 7.114924 1.017163
v -28.215021 7.105978 0.418065
v -28.217598 7.114801 -0.173226
v -28.241211 7.180874 0.562400
v -28.250656 7.206896 0.717637
v -28.237064 7.167091 1.597808
v -28.248055 7.198774 1.681856
v -28.248070 7.199809 2.219340
v -28.270996 7.263999 4.045000
v -28.242987 7.187001 2.302143
v -28.231430 7.152494 2.398013
v -28.219982 7.120924 2.448776
v -28.247149 7.196229 3.284786
v -28.248890 7.201447 3.680004
v -28.210001 7.093011 2.482215
v -28.224617 7.133871 3.113452
v -28.241579 7.180790 3.216542
v -28.237495 7.170172 3.746478
v -28.184706 7.023911 2.534718
v -28.201632 7.070462 3.041011
v -28.132673 6.880771 2.575800
v -28.166492 6.973774 2.984877
v -28.114077 6.828095 2.955250
v -28.079628 6.735738 2.585192
v -28.181356 7.014403 1.122094
v -28.144407 6.916301 1.177136
v -28.143576 6.907851 1.574009
v -28.183084 7.018639 0.334017
v -28.079000 6.735000 0.000000
v -27.887384 6.227352 0.236107
v -27.933537 6.349358 -0.059170
v -27.983301 6.478220 -0.057547
v -28.096111 6.780786 0.234274
v -27.982988 6.478421 1.573988
v -27.974543 6.457876 1.179891
v -27.968557 6.440574 1.118733
v -27.968000 6.439000 0.441000
v -27.910994 6.290630 0.442535
v -28.073065 6.719540 1.220843
v -27.988512 6.492890 1.206399
v -28.115948 6.834445 1.203556
v -28.428612 7.722427 4.079729
v -28.437994 7.745724 4.114288
v -28.438049 7.746580 4.179578
v -28.432312 7.730222 4.216368
v -28.412754 7.671823 4.251675
v -28.208858 7.088979 5.322632
v -28.210056 7.092871 4.948022
v -28.223486 7.131073 4.901972
v -28.223314 7.131333 5.323548
v -28.271393 7.264568 4.253990
v -28.249001 7.203000 4.254000
v -28.246042 7.194535 4.752954
v -28.246655 7.195065 5.371742
v -28.248802 7.202844 5.464646
v -28.246109 7.193780 6.171280
v -28.234489 7.161974 5.513920
v -28.235146 7.163812 6.139531
v -28.250732 7.207785 6.223495
v -28.241686 7.182485 6.298609
v -28.218515 7.116072 6.333859
v -27.987577 6.488356 6.112633
v -27.733192 5.834683 5.873262
v -27.613478 5.534785 5.761790
v -27.526670 5.321980 5.387183
v -27.559383 5.403381 5.684073
v -27.526623 5.322723 5.560534
v -27.543972 5.363166 5.330708
v -27.569170 5.427149 5.322727
v -27.590117 5.478180 5.363808
v -28.299337 7.346526 -0.158913
v -28.337860 7.455334 -0.190470
v -28.410950 7.667675 4.045687
v -28.381613 7.579877 -0.263215
v -28.078873 6.734973 4.253999
v -28.111917 6.822417 4.847615
v -28.138210 6.896410 4.827536
v -28.162802 6.962396 4.778388
v -28.175816 7.001218 4.666623
v -28.075069 6.724631 5.456951
v -28.142773 6.907294 5.043328
v -28.177729 7.005306 5.013065
v -28.078581 6.734313 1.781999
v -27.775551 5.940641 2.380418
v -27.781824 5.957940 1.781568
v -28.111759 6.821840 2.373495
v -28.151489 6.932141 2.332545
v -28.178356 7.005787 2.148709
v -28.171144 6.985389 2.257245
v -28.123390 6.852769 6.031506
v -27.910870 6.282277 5.832809
v -27.606243 5.517850 5.517401
v -27.623081 5.559608 5.558262
v -28.340826 7.772217 4.212637
v -28.316887 7.700456 4.045313
v -28.315504 7.696149 4.254467
v -28.345966 7.787507 4.124312
v -28.334713 7.757208 4.073542
v -28.156755 7.242106 4.254001
v -28.109295 7.109736 4.970809
v -28.131603 7.170809 4.899052
v -28.153915 7.232537 4.755514
v -28.145529 7.210162 4.045001
v -28.084265 7.039201 4.665662
v -28.070368 7.002131 4.776372
v -28.066618 6.992712 5.034944
v -28.045000 6.932325 4.828858
v -28.013756 6.845848 4.849419
v -27.686691 5.988839 5.058453
v -27.679970 5.969735 4.855005
v -27.657661 5.914035 4.907700
v -27.655502 5.909466 4.989312
v -27.666096 5.931941 5.027616
v -28.012304 6.839375 5.057124
v -27.682838 5.978383 4.046736
v -27.934967 6.632363 4.045001
v -28.085768 7.044976 4.254000
v -27.687239 5.987349 4.253280
v -27.661858 5.925535 4.084514
v -27.660637 5.922211 4.208154
v -27.653473 5.905601 4.150556
v -27.670416 5.946143 4.233154
v -27.989162 6.780586 2.378614
v -28.035683 6.908877 2.360235
v -28.056677 6.964040 2.337009
v -28.070293 7.000891 2.300904
v -28.141960 7.198317 1.594029
v -28.086058 7.044903 1.782000
v -28.118469 7.127968 1.574169
v -28.155531 7.238326 2.214958
v -28.154276 7.235826 1.661633
v -28.084608 7.041697 2.186861
v -28.151564 7.225778 2.300396
v -28.130470 7.168448 2.441281
v -28.094061 7.067125 2.532587
v -28.045349 6.935472 2.572002
v -27.656788 5.911996 1.637161
v -27.655437 5.910151 1.715124
v -27.670614 5.947317 1.762398
v -27.682278 5.975981 1.575281
v -27.687271 5.986988 1.781201
v -27.988096 6.774811 2.586029
v -27.685606 5.985923 2.586368
v -27.683058 5.977876 2.380823
v -27.658625 5.917365 2.535646
v -27.660027 5.921477 2.424775
v -27.653225 5.904984 2.471739
v -27.670584 5.946686 2.567624
v -27.528673 5.593072 5.556426
v -27.513050 5.555367 5.513467
v -27.509344 5.544148 5.750309
v -27.462122 5.426779 5.668635
v -27.434944 5.362208 5.560852
v -27.498631 5.518143 5.368104
v -27.431332 5.353323 5.437859
v -27.483137 5.479711 5.327075
v -27.453493 5.407264 5.328471
v -27.440937 5.373940 5.357318
v -27.835930 6.369802 6.055480
v -27.715281 6.062382 5.724591
v -28.053015 6.945292 6.050047
v -27.816000 6.320000 5.833000
v -27.917439 6.591730 5.734989
v -27.915085 6.589420 5.522259
v -28.141596 7.197984 5.515718
v -28.115850 7.126678 5.323034
v -28.156143 7.239974 5.465830
v -28.154940 7.235560 5.376895
v -28.135122 7.180996 5.325087
v -28.124422 7.153856 6.334502
v -28.140923 7.197343 6.316482
v -28.156796 7.241953 6.259245
v -28.154869 7.237695 6.179906
v -28.145298 7.207788 6.142637
v -27.896566 6.531982 1.206768
v -28.106165 7.100661 1.081746
v -28.072813 7.008525 1.151110
v -28.040728 6.922350 1.187055
v -27.992970 6.788276 1.218562
v -28.142307 7.200795 0.934881
v -28.155901 7.238858 0.812818
v -28.126074 7.155198 1.013933
v -28.124077 7.149597 0.424963
v -28.152079 7.227845 0.586555
v -28.089186 7.054722 0.331643
v -28.005959 6.825184 0.235594
v -28.042107 6.922657 0.260158
v -27.792915 6.260654 0.236759
v -27.913437 6.577985 0.233002
v -27.731567 6.103414 0.271963
v -27.705387 6.035394 0.308554
v -27.676235 5.963611 0.397002
v -27.660339 5.919110 0.527432
v -27.654606 5.908354 0.699157
v -27.656429 5.912455 1.157778
v -27.674143 5.957148 1.217664
v -27.709629 6.046019 1.220188
v -27.729401 6.097209 1.160354
v -27.732140 6.105010 0.634537
v -27.758574 6.172975 0.479551
v -27.745758 6.141046 0.513372
v -27.737400 6.119535 0.561624
v -27.802052 6.285726 0.446044
v -27.875999 6.478000 0.441000
v -27.884764 6.501110 1.183829
v -27.878532 6.484605 1.152814
v -27.912081 6.574019 2.953996
v -28.035635 6.906509 3.169353
v -28.042448 6.923613 2.960882
v -28.101471 7.088379 3.023704
v -28.060335 6.973634 3.200640
v -28.134062 7.176745 3.120562
v -28.078028 7.023638 3.263937
v -28.154724 7.235446 3.288309
v -28.149038 7.218616 3.214874
v -28.085381 7.043708 3.353840
v -28.088428 7.051383 3.702340
v -28.138700 7.190158 3.760514
v -28.111807 7.115760 3.768028
v -28.156855 7.241865 3.679799
v -27.786900 6.244362 3.171393
v -27.792776 6.261308 2.956969
v -27.912258 6.574337 3.163000
v -27.656740 5.913305 3.703331
v -27.731031 6.102073 3.384995
v -27.676947 5.965697 3.764435
v -27.695803 6.012232 3.770871
v -27.713383 6.058193 3.751676
v -27.730007 6.098243 3.695244
v -27.737253 6.117755 3.280483
v -27.657743 5.915586 3.267415
v -27.671223 5.950931 3.158632
v -27.692223 6.002866 3.078135
v -27.731651 6.100506 2.998390
v -27.759447 6.172824 3.196667
v -28.002399 6.815896 1.003190
v -27.949080 6.673022 1.011710
v -27.948999 6.673000 0.441000
v -28.000273 6.809874 0.446382
v -28.025690 6.876706 0.464591
v -28.050127 6.946122 0.501635
v -28.073933 7.010462 0.570578
v -28.086979 7.047321 0.692691
v -28.082230 7.033180 0.839057
v -28.053225 6.953998 0.947181
v -28.042078 6.638350 0.440898
v -28.093357 6.773387 0.447670
v -28.180075 7.010586 0.767377
v -28.160877 6.959338 0.905380
v -28.116516 6.837717 0.988466
v -28.168308 6.978576 0.579365
v -28.146063 6.917808 0.509409
v -28.114943 6.832840 0.461771
v -28.041714 6.634210 1.011447
v -28.086357 6.759144 1.003202
v -28.246878 7.197119 -3.423848
v -27.780483 5.953966 -2.946543
v -27.748682 5.874948 -4.377862
v -27.767416 5.922411 -4.435612
v -27.824993 6.067514 -5.128522
v -27.803394 6.012026 -4.434014
v -27.879002 6.206967 -5.099977
v -27.811096 6.031846 -5.156904
v -27.821688 6.059419 -4.374605
v -27.844271 6.116505 -3.750175
v -27.868088 6.180791 -3.686399
v -27.825617 6.070083 -3.871835
v -27.804859 6.015670 -5.189394
v -27.805803 6.018034 -5.264330
v -27.815132 6.042957 -5.301347
v -27.834757 6.090462 -5.328647
v -27.825483 6.068749 -5.588030
v -27.877022 6.201409 -5.560978
v -27.807262 6.023472 -5.627311
v -27.747000 5.870000 -1.156000
v -27.751886 5.882576 -1.217834
v -27.747000 5.870000 -2.293000
v -27.803335 6.013991 -0.248799
v -27.774876 5.939866 -0.371747
v -27.762018 5.907562 -0.464518
v -27.749119 5.876062 -0.601999
v -27.747000 5.870000 -1.138000
v -27.747000 5.870000 -1.145000
v -27.747000 5.870000 -3.963000
v -27.747000 5.870000 -2.826000
v -27.747000 5.870000 -2.819000
v -27.805096 6.016766 -5.724808
v -27.747000 5.870000 -2.837000
v -27.749897 5.876656 -2.880993
v -27.747000 5.870000 -2.273000
v -27.747000 5.870000 -3.944000
v -27.749842 5.875560 -2.135262
v -27.822765 6.061627 -5.776247
v -27.767031 5.917960 -1.252611
v -27.862219 6.162738 -1.748997
v -27.912878 6.286407 -1.266002
v -27.780373 5.954278 -1.264208
v -27.815273 6.043723 -1.807141
v -27.768579 5.923862 -1.954364
v -27.760263 5.902403 -2.922220
v -27.750559 5.877846 -3.831111
v -27.793379 5.987068 -3.585388
v -27.773289 5.936640 -3.655074
v -27.977224 6.463440 -3.621324
v -27.991190 6.498835 -4.760615
v -28.015381 6.563778 -3.636042
v -27.918999 6.311172 -3.633793
v -27.972561 6.449250 -4.821211
v -27.969999 6.446000 -5.055000
v -28.044001 6.640000 -5.018000
v -28.079000 6.735000 -5.000000
v -28.043024 6.638844 -4.834308
v -28.032440 6.608380 -4.778884
v -28.018738 6.574110 -4.755783
v -28.054417 6.672353 -3.681465
v -28.102448 6.797322 -4.164091
v -28.080738 6.739875 -3.759450
v -28.098564 6.786901 -3.885638
v -28.116400 6.835752 -4.212556
v -28.139366 6.897822 -4.755638
v -28.134403 6.884355 -4.230368
v -28.138000 6.896000 -4.970000
v -28.150928 6.931077 -4.222240
v -28.188604 7.036573 -4.678436
v -28.160669 6.959538 -4.676829
v -28.145660 6.916546 -4.712350
v -28.169840 6.982846 -4.160181
v -28.174099 6.994973 -3.873237
v -28.201077 7.067528 -3.723914
v -28.271000 7.264000 -4.901000
v -28.209793 7.092144 -4.933395
v -28.208406 7.088073 -4.742774
v -28.224325 7.136292 -3.663476
v -28.266548 7.252226 -3.629761
v -28.303574 7.356320 -3.637522
v -28.347755 7.483730 -5.528832
v -28.360270 7.521938 -5.488734
v -28.364902 7.534202 -5.431197
v -28.393770 7.617770 -4.439181
v -28.354033 7.503106 -5.354839
v -28.329775 7.432920 -5.334217
v -28.347013 7.482368 -5.069980
v -28.362425 7.526870 -5.019567
v -28.363382 7.528483 -4.940411
v -28.350752 7.492428 -4.888581
v -28.371401 7.551893 -4.355385
v -28.347748 7.484419 -3.720670
v -28.362558 7.526215 -3.817427
v -28.370169 7.547832 -3.927266
v -28.381857 7.579057 -4.412094
v -28.331371 7.436358 -4.873496
v -28.209999 7.092000 -5.144000
v -28.209793 7.092144 -5.393395
v -28.207666 7.087610 -5.844058
v -28.271011 7.263788 -5.572168
v -28.209999 7.092000 -5.604000
v -28.140394 6.900429 -5.845021
v -28.157249 6.948431 -5.905900
v -28.190144 7.038324 -5.905508
v -28.079000 6.735000 -5.671000
v -28.138000 6.896000 -5.641000
v -28.022627 6.585614 -5.986452
v -28.042568 6.636821 -5.923221
v -28.044001 6.640000 -5.689000
v -27.972416 6.453583 -5.936719
v -27.845837 6.123961 -5.787246
v -27.970108 6.445949 -5.725899
v -27.993563 6.506886 -5.989072
v -27.970139 6.445936 -5.265899
v -27.969999 6.446000 -5.515000
v -28.386940 7.595719 -1.825993
v -28.406425 7.654910 -1.266345
v -28.431875 7.728416 -2.057202
v -28.414402 7.675107 -1.925227
v -28.427925 7.716536 -1.240643
v -28.437443 7.744722 -2.201692
v -28.403404 7.647100 -2.946785
v -28.394131 7.618194 -3.574143
v -28.418343 7.688678 -3.674214
v -28.436739 7.742206 -3.872732
v -28.418016 7.688101 -2.937823
v -28.436010 7.740398 -2.892960
v -28.421032 7.696589 -4.433503
v -28.436823 7.744833 -4.371040
v -28.437616 7.745183 -1.187512
v -28.437710 7.746685 -0.651271
v -28.428577 7.720430 -0.470969
v -28.408451 7.660086 -0.352063
v -27.854650 6.147102 -3.469608
v -27.879787 6.209197 -2.945999
v -28.024885 6.589604 -2.945995
v -27.999395 6.522823 -3.413930
v -27.913244 6.295930 -3.426335
v -28.137333 6.897562 -3.616602
v -28.148333 6.922472 -2.945982
v -28.108534 6.813972 -3.524358
v -28.065323 6.699289 -3.454189
v -28.184752 7.023491 -3.492410
v -28.302467 7.354150 -3.427150
v -28.315838 7.392639 -2.946006
v -28.369295 7.544816 -3.506988
v -28.330603 7.432040 -3.449635
v -28.341417 7.465054 -1.753536
v -28.306988 7.366922 -1.266000
v -28.290291 7.317224 -1.731348
v -27.914654 6.295802 -1.730814
v -28.040678 6.631460 -0.095154
v -28.138685 6.896249 -0.298750
v -28.081284 6.738067 -0.153773
v -28.174803 6.996622 -0.224903
v -28.106237 7.100749 -0.191279
v -28.153345 7.232059 -0.155760
v -28.071457 7.007102 -0.246062
v -28.246058 7.494073 -0.190816
v -28.268223 7.560135 -0.225355
v -28.202957 7.371938 -0.155470
v -28.309807 7.683030 -0.330291
v -28.344625 7.784578 -0.636330
v -28.336174 7.757343 -0.470026
v -28.337946 7.762716 -1.234310
v -28.344940 7.784837 -1.183481
v -28.317162 7.701760 -1.265397
v -28.013561 6.844316 -1.266000
v -27.680481 5.969822 -1.262721
v -27.656900 5.912338 -0.617106
v -27.656221 5.911712 -1.194056
v -27.669399 5.945317 -0.464699
v -27.680571 5.972845 -0.383255
v -27.710014 6.045245 -0.256433
v -27.889969 6.514652 -0.057002
v -27.825478 6.345438 -0.066543
v -27.761862 6.180731 -0.132590
v -28.043839 6.932898 -0.298576
v -28.005239 6.823384 -0.189882
v -27.950283 6.675329 -0.098302
v -27.920038 6.594515 -0.071143
v -28.232473 7.456406 -3.443779
v -28.266958 7.556954 -3.493506
v -28.184187 7.318256 -3.419656
v -28.186146 7.324494 -3.628816
v -28.126013 7.153800 -3.444960
v -28.159040 7.248445 -3.635035
v -28.129869 7.167314 -3.669037
v -28.112629 7.116748 -3.712472
v -28.030216 6.893332 -4.223705
v -28.046196 6.935372 -3.618553
v -28.017395 6.856174 -4.195714
v -28.092081 7.060584 -3.795121
v -28.063599 6.984514 -3.559485
v -28.094826 7.069726 -3.488175
v -28.080122 7.028340 -3.929684
v -28.077332 7.021685 -4.160991
v -28.055801 6.962577 -4.224568
v -28.008307 6.832032 -4.142086
v -28.006800 6.828190 -3.910541
v -27.994724 6.794827 -3.786015
v -27.963530 6.708997 -3.680681
v -28.019140 6.860126 -3.529397
v -27.972383 6.734306 -3.452834
v -27.921154 6.597704 -3.634010
v -27.904310 6.552720 -3.413153
v -27.864960 6.450259 -3.621258
v -27.794739 6.264579 -3.439903
v -27.818613 6.326818 -3.640525
v -27.767189 6.196214 -3.701650
v -27.742798 6.132415 -3.788281
v -27.674170 5.955861 -3.696034
v -27.690140 5.999011 -3.622143
v -27.739285 6.123907 -3.503766
v -27.656202 5.912284 -3.852731
v -27.731833 6.104327 -3.924680
v -27.730352 6.099750 -4.360433
v -27.715565 6.063247 -4.424211
v -27.703653 6.032594 -4.439301
v -27.680025 5.972484 -4.439117
v -27.665207 5.937536 -4.411594
v -27.655361 5.909377 -4.357891
v -28.261543 7.542050 -3.755348
v -28.243587 7.492130 -3.689175
v -28.207277 7.386258 -3.637591
v -28.279959 7.592356 -4.367167
v -28.345163 7.783226 -4.370326
v -28.329296 7.736444 -4.432653
v -28.301727 7.655315 -4.438663
v -28.289631 7.624260 -4.416978
v -28.344919 7.783341 -3.910231
v -28.277828 7.587236 -3.935461
v -28.335711 7.757460 -3.761787
v -28.270819 7.566801 -3.826104
v -28.301275 7.655094 -3.571929
v -28.319899 7.712034 -3.647086
v -28.320532 7.711707 -2.945309
v -28.343575 7.780048 -2.889099
v -28.007212 6.824298 -2.946000
v -27.691036 5.999344 -2.947559
v -27.663223 5.930841 -2.913521
v -27.654993 5.908607 -2.849168
v -27.656260 5.912463 -2.144190
v -27.671398 5.949981 -1.985502
v -27.698471 6.019093 -1.869898
v -27.824291 6.339919 -1.730633
v -27.780663 6.229983 -1.744665
v -27.736563 6.114830 -1.786353
v -28.206772 7.383811 -1.732085
v -28.299623 7.649807 -1.843417
v -28.322071 7.717945 -1.930211
v -28.263557 7.545075 -1.768094
v -28.344866 7.783456 -2.202725
v -28.339689 7.766919 -2.063636
v -27.728754 6.096738 -5.316588
v -27.712912 6.054708 -5.259468
v -27.726540 6.088250 -5.135328
v -27.714170 6.058401 -5.174050
v -27.878252 6.483860 -5.054975
v -27.879028 6.487593 -4.822151
v -27.894163 6.526922 -4.765072
v -27.938589 6.649843 -4.779397
v -27.927641 6.614012 -4.756490
v -27.950792 6.677645 -4.837647
v -27.951101 6.678964 -5.018521
v -28.046000 6.934999 -4.970000
v -28.047419 6.938948 -4.741087
v -28.065229 6.987927 -4.680610
v -28.105482 7.098980 -4.698708
v -28.091129 7.059338 -4.674057
v -28.116318 7.128436 -4.752585
v -28.117006 7.130043 -4.933514
v -28.222502 7.429159 -4.877487
v -28.256155 7.523978 -4.884413
v -28.270084 7.564071 -4.930587
v -28.257669 7.529837 -5.065637
v -28.270555 7.567884 -5.011014
v -28.116997 7.130004 -5.143930
v -28.117006 7.130043 -5.393514
v -28.213324 7.401558 -5.341623
v -28.254162 7.517794 -5.340829
v -28.270084 7.564071 -5.390587
v -28.257669 7.529837 -5.525637
v -28.270555 7.567884 -5.471014
v -28.116997 7.130004 -5.603930
v -28.115465 7.125867 -5.846308
v -28.096207 7.072622 -5.906836
v -28.075853 7.015979 -5.913056
v -28.057966 6.968298 -5.891722
v -28.046255 6.935887 -5.826850
v -28.046093 6.934955 -5.641463
v -27.951000 6.679000 -5.689000
v -27.950554 6.676946 -5.917093
v -27.914980 6.580250 -5.994565
v -27.933086 6.629478 -5.983409
v -27.896744 6.533000 -5.982727
v -27.881025 6.491649 -5.937119
v -27.878378 6.483811 -5.725767
v -27.755241 6.164390 -5.787353
v -27.731737 6.103736 -5.777500
v -27.712839 6.055768 -5.723370
v -27.726633 6.088424 -5.595129
v -27.714182 6.058472 -5.633762
v -27.878252 6.483860 -5.514975
v -27.878378 6.483811 -5.265766
v -27.755226 6.164182 -5.327687
v -27.951103 6.678968 -5.478457
v -27.951000 6.679000 -5.229000
v -28.046000 6.935000 -5.430000
v -28.046091 6.934949 -5.181388
v -28.138000 6.896000 -5.181000
v -28.138000 6.896000 -5.430000
v -28.044001 6.640000 -5.478000
v -28.044001 6.640000 -5.229000
v -28.278891 7.589056 -2.737999
v -28.275509 7.580830 -2.138576
v -28.268036 7.558438 -2.082626
v -27.731924 6.104469 -2.179402
v -27.730970 6.102018 -2.738000
v -28.008871 6.830446 -2.738000
v -27.784641 6.240645 -1.967440
v -27.747381 6.144727 -2.051093
v -27.840248 6.382418 -1.940230
v -28.248135 7.499367 -2.000294
v -28.197613 7.357641 -1.944007
v -28.370667 7.548442 -2.191252
v -28.361376 7.524692 -2.088142
v -28.267498 7.251209 -1.940057
v -28.249067 7.201687 -2.738005
v -28.300793 7.348795 -1.952305
v -27.826857 6.061640 -2.738000
v -27.889036 6.231666 -1.958377
v -27.825556 6.068641 -2.154307
v -27.848202 6.128089 -2.020401
v -27.930681 6.342224 -1.940370
v -28.339228 7.458745 -1.998548
v -28.306063 7.363724 -2.738000
v -28.371000 7.551000 -2.738000
v -27.841286 6.387803 -0.274180
v -27.807076 6.297499 -0.312453
v -27.766384 6.191844 -0.397558
v -27.741350 6.129866 -0.518305
v -27.732004 6.104501 -0.631880
v -27.731792 6.101963 -1.057995
v -27.926050 6.611284 -0.296674
v -27.890343 6.515545 -0.266196
v -28.004747 6.824224 -0.474934
v -27.963264 6.711967 -0.360271
v -28.007000 6.829000 -1.058000
v -28.100016 7.083596 -0.436392
v -28.079105 7.024967 -0.482960
v -28.078844 7.025069 -1.058000
v -28.134634 7.180365 -0.380257
v -28.256519 7.525008 -0.474890
v -28.238035 7.474556 -0.423143
v -28.211079 7.393812 -0.375372
v -28.183672 7.317013 -0.359691
v -28.279074 7.588894 -1.057999
v -28.277334 7.587478 -0.664372
v -28.272238 7.570891 -0.572551
v -28.171000 6.986000 -1.058000
v -28.271240 7.266025 -1.058060
v -28.369799 7.551281 -1.057986
v -28.303999 7.357684 -0.373507
v -28.332319 7.440070 -0.424757
v -28.354109 7.501501 -0.498435
v -28.369505 7.545400 -0.622682
v -28.171040 6.986029 -0.483325
v -28.208218 7.087125 -0.405625
v -28.261007 7.235470 -0.360133
v -27.823000 6.063001 -1.058000
v -27.961884 6.423475 -1.058092
v -28.100000 6.791000 -1.058000
v -27.966223 6.434339 -0.260033
v -28.024040 6.587322 -0.302491
v -28.059114 6.683148 -0.368581
v -28.098545 6.786157 -0.476755
v -27.824385 6.067001 -0.629416
v -27.838066 6.100057 -0.491116
v -27.866282 6.174927 -0.377199
v -27.914104 6.298236 -0.290611
v -5.706599 35.509045 -3.884117
v -5.715674 35.854908 -2.885283
v -5.723503 35.492310 -2.882984
v -5.710564 35.660400 -2.168209
v -5.714540 35.818394 -1.415070
v -5.702780 35.367577 -0.564845
v -5.702993 35.374985 -0.606406
v -5.702995 35.364735 0.633146
v -5.703541 35.392067 0.481795
v -5.722318 35.813099 1.780003
v -5.711831 35.715786 4.003445
v -5.715829 35.861637 4.251370
v -5.713956 35.787144 4.326008
v -5.712002 35.721649 2.540824
v -5.713536 35.775894 -1.166373
v -5.702910 35.367908 -0.933322
v -5.714915 35.834236 -4.278929
v -5.704239 35.411388 -4.286193
v -5.702963 35.363804 -4.216961
v -5.707002 35.528408 -4.328976
v -5.711988 35.711823 -4.325709
v -5.702974 35.365231 -3.484560
v -5.702962 35.365776 -3.005987
v -5.702976 35.366310 1.317093
v -5.702987 35.365025 1.962004
v -5.702990 35.365356 2.183194
v -5.702971 35.365482 2.473628
v -5.702846 35.367664 2.867303
v -5.702970 35.365402 3.485931
v -5.704403 35.429337 4.319432
v -5.703545 35.392025 -3.937306
v -5.702936 35.360531 -3.973594
v -5.703582 35.389458 -4.002481
v -5.704042 35.428734 -3.974245
v -5.711489 35.699177 -4.084267
v -5.706395 35.501190 -4.089272
v -5.703339 35.385639 -4.149224
v -5.715754 35.860504 -3.076688
v -5.713685 35.796787 -3.372962
v -5.716061 35.867432 -3.702547
v -5.715986 35.860569 -3.303869
v -5.704601 35.440075 -3.372351
v -5.702901 35.375019 -3.076077
v -5.703000 35.366001 -3.103000
v -5.702731 35.370083 -3.309932
v -5.715769 35.860481 -1.645688
v -5.716000 35.866001 -1.967000
v -5.715781 35.859745 -1.843493
v -5.714336 35.803692 -1.904459
v -5.712066 35.719208 -1.921810
v -5.707841 35.564499 -1.937937
v -5.703000 35.366001 -1.672000
v -5.702903 35.375019 -1.645080
v -5.703000 35.365002 -1.531000
v -5.703000 35.365002 -1.967000
v -5.705508 35.467613 -1.940413
v -5.702870 35.372166 -1.855136
v -5.709807 35.640896 -1.884621
v -5.713742 35.787018 -0.854629
v -5.715866 35.862682 -0.932134
v -5.704552 35.429745 -0.860935
v -5.702956 35.368038 -1.245543
v -5.702793 35.370083 -1.102322
v -5.704725 35.429947 -1.173208
v -5.704080 35.413765 -1.098701
v -5.703989 35.421764 -0.941360
v -5.705126 35.463718 -0.907181
v -5.716160 35.861595 -1.098943
v -5.716060 35.864479 -1.265370
v -5.715033 35.838444 -1.205333
v -5.714886 35.818417 -1.102516
v -5.714126 35.810020 -0.946408
v -5.713553 35.776310 -0.908087
v -5.702958 35.363400 -0.056469
v -5.711923 35.716019 -0.272569
v -5.711994 35.722015 -0.065675
v -5.711149 35.677448 -0.145582
v -5.705316 35.464382 -0.169924
v -5.702980 35.374924 -0.267083
v -5.703512 35.398102 -0.133124
v -5.709201 35.605221 -0.171002
v -5.703184 35.385132 0.030342
v -5.703000 35.365002 0.110000
v -5.711904 35.702347 0.033188
v -5.711990 35.712399 0.136264
v -5.704864 35.444366 0.080021
v -5.709260 35.622826 0.083391
v -5.702927 35.360531 0.445406
v -5.703000 35.365002 0.378000
v -5.703685 35.389469 0.416516
v -5.714915 35.851383 0.436698
v -5.703988 35.428738 0.444756
v -5.702945 35.363400 1.138534
v -5.703012 35.364964 0.844573
v -5.703000 35.365002 0.812000
v -5.703941 35.400917 0.834535
v -5.712000 35.722000 0.812000
v -5.704854 35.432030 0.878263
v -5.715921 35.862984 0.887448
v -5.715137 35.854450 0.931818
v -5.715949 35.860889 1.662948
v -5.712000 35.722000 1.317000
v -5.712028 35.719830 1.104706
v -5.703959 35.397392 0.923660
v -5.703500 35.398087 1.061894
v -5.710181 35.644810 1.029151
v -5.705353 35.464245 1.025110
v -5.712026 35.719769 1.434568
v -5.703511 35.398106 1.391875
v -5.702958 35.363400 1.468531
v -5.705321 35.464409 1.355067
v -5.710221 35.644764 1.359120
v -5.714598 35.818428 1.659972
v -5.703197 35.385754 1.555639
v -5.702922 35.368313 1.785430
v -5.704863 35.444378 1.605028
v -5.709255 35.622818 1.608393
v -5.711904 35.702347 1.558189
v -5.702757 35.375843 2.601977
v -5.711641 35.706280 2.498690
v -5.724321 35.468674 2.624959
v -5.702926 35.366249 2.641337
v -5.702948 35.375263 2.825515
v -5.712010 35.723240 2.712079
v -5.712235 35.719330 2.828660
v -5.711456 35.704605 2.751745
v -5.716014 35.871876 2.828382
v -5.715100 35.834885 2.816662
v -5.714969 35.813747 2.858727
v -5.711831 35.718266 2.942581
v -5.715811 35.861305 2.878205
v -5.712172 35.711746 2.870495
v -5.702955 35.367580 4.001244
v -5.709974 35.622528 3.841565
v -5.703220 35.374855 3.959763
v -5.703000 35.365002 3.785000
v -5.712000 35.722000 3.785000
v -5.712114 35.717705 3.853749
v -5.710745 35.666019 3.874961
v -5.725545 35.669025 3.956017
v -5.709941 35.636337 3.803328
v -5.702909 35.368042 4.247475
v -5.704080 35.413479 4.081449
v -5.702815 35.370041 4.078136
v -5.703965 35.421375 4.238264
v -5.705052 35.458607 4.272022
v -5.716002 35.861401 4.081310
v -5.714904 35.818386 4.077950
v -5.714140 35.810177 4.233385
v -5.713611 35.779564 4.271815
v -5.716063 35.867271 -4.195179
v -5.715553 35.843128 -3.742409
v -5.714582 35.819077 -4.124576
v -5.706985 35.521770 3.525084
v -5.702816 35.381783 3.515362
v -5.712119 35.716087 3.443655
v -5.711517 35.697346 3.560359
v -5.704038 35.413616 3.523668
v -5.702997 35.366142 3.532656
v -5.708724 35.610054 3.516435
v -5.703056 35.372524 3.715506
v -5.712070 35.722729 3.672098
v -5.724813 35.517582 3.712523
v -5.704262 35.426620 3.700663
v -5.710207 35.644733 3.757072
v -5.704614 35.436859 3.760466
v -5.715968 35.862835 3.080519
v -5.721992 35.720837 3.088006
v -5.711969 35.718620 3.128962
v -5.702855 35.374847 3.084811
v -5.703049 35.371513 3.208008
v -5.710933 35.675663 3.133588
v -5.727001 35.669014 3.088000
v -5.710851 35.674210 2.938504
v -5.702830 35.368011 3.042021
v -5.725288 35.669048 3.036011
v -5.715790 35.856434 3.038292
v -5.721992 35.720787 3.036000
v -5.725768 36.236263 2.895186
v -5.706945 35.523018 2.204416
v -5.712069 35.721058 2.290762
v -5.712000 35.722000 2.183000
v -5.704051 35.411121 2.202348
v -5.702959 35.368328 2.207133
v -5.710618 35.658104 2.211795
v -5.703043 35.372124 2.397241
v -5.711673 35.700256 2.399861
v -5.720324 35.518135 2.394979
v -5.704358 35.425533 2.380853
v -5.709391 35.621437 2.445150
v -5.704544 35.433388 2.442849
v -5.714827 35.817337 1.950245
v -5.715837 35.859764 1.953305
v -5.724907 35.813107 1.833000
v -5.702814 35.372780 1.829255
v -5.703195 35.385750 1.225639
v -5.704865 35.444336 1.275002
v -5.709270 35.622837 1.278387
v -5.711904 35.702351 1.228186
v -5.705094 35.454262 0.770670
v -5.703471 35.387650 0.759685
v -5.704063 35.428780 0.792235
v -5.708530 35.576408 0.765494
v -5.710449 35.652199 0.779393
v -5.711970 35.708847 0.736135
v -5.703732 35.411949 0.647709
v -5.705658 35.478718 0.602336
v -5.704610 35.437252 0.593235
v -5.709897 35.651787 0.584218
v -5.712124 35.718102 0.599610
v -5.710892 35.672691 0.557258
v -5.706587 35.510117 0.558979
v -5.703812 35.417496 0.540418
v -5.710978 35.670364 0.698045
v -5.709604 35.615601 0.730093
v -5.702804 35.367508 -0.455153
v -5.702814 35.374874 -0.413184
v -5.702775 35.368027 -0.309977
v -5.727001 35.669014 -0.410000
v -5.725998 35.669006 -0.315947
v -5.711068 35.669853 -0.462244
v -5.710091 35.654308 -0.548632
v -5.712072 35.714596 -0.556438
v -5.710456 35.657990 -0.606518
v -5.704079 35.413471 -1.411561
v -5.702831 35.370022 -1.414832
v -5.703965 35.421375 -1.254736
v -5.705052 35.458607 -1.220978
v -5.716089 35.861412 -1.411667
v -5.714122 35.810005 -1.259385
v -5.713528 35.776310 -1.220533
v -5.716037 35.865620 -2.310143
v -5.715301 35.847012 -2.350701
v -5.716058 35.867088 -2.021272
v -5.715095 35.844547 -1.986355
v -5.702793 35.374844 -2.145194
v -5.716466 35.609276 -2.141958
v -5.702874 35.368008 -2.187977
v -5.703000 35.365002 -2.355000
v -5.716474 35.609016 -2.194142
v -5.715636 35.853477 -2.633490
v -5.715985 35.865681 -2.669707
v -5.703004 35.367424 -2.638374
v -5.702935 35.371174 -2.893371
v -5.702909 35.375793 -2.680031
v -5.712785 35.745140 -2.683008
v -5.703115 35.368244 -2.927330
v -5.715932 35.863056 -2.929484
v -5.705534 35.469761 -3.590125
v -5.702807 35.368156 -3.772938
v -5.719280 35.460892 -3.767010
v -5.709834 35.626308 -3.770782
v -5.722988 35.512829 -3.650964
v -5.722996 35.512932 -3.767000
v -5.705517 35.466312 -3.887745
v -5.709981 35.629627 -3.813414
v -5.702821 35.375919 -3.815678
v -5.721282 35.512913 -3.819027
v -5.718326 35.460869 -3.818973
v -5.706820 35.528625 -2.369789
v -5.707051 35.532650 -2.561646
v -5.708054 35.571915 -2.366480
v -5.708014 35.574036 -2.550796
v -5.703006 35.368511 0.145405
v -5.703883 35.408264 0.135927
v -5.702975 35.368305 0.267839
v -5.712142 35.717365 0.274956
v -5.704137 35.420002 0.331948
v -5.710124 35.659954 0.334551
v -5.704533 35.427032 0.275584
v -5.710249 35.658672 0.278986
v -5.710838 35.671982 0.147358
v -5.707059 35.532642 1.967365
v -5.706829 35.528618 2.159198
v -5.708063 35.571918 2.162506
v -5.708012 35.574036 1.978203
v -5.711023 35.676521 3.446543
v -5.711756 35.715462 3.249909
v -5.704070 35.414547 3.441238
v -5.705611 35.484699 3.458600
v -5.708007 35.565136 3.402039
v -5.702879 35.370602 3.390199
v -5.710236 35.644474 3.204711
v -5.725632 35.572163 3.253739
v -5.710452 35.660297 3.265163
v -5.723971 35.424641 -3.955881
v -5.722879 35.373749 -3.944160
v -5.722871 35.363468 -3.981987
v -5.724185 35.400345 -4.002853
v -5.735731 35.859386 -3.077583
v -5.722796 35.370075 -3.077294
v -5.722890 35.366894 -3.290704
v -5.724373 35.422844 -3.369277
v -5.733830 35.791721 -3.372896
v -5.735737 35.858681 -3.311218
v -5.728232 35.569458 -2.364451
v -5.726956 35.526871 -2.371944
v -5.728011 35.572968 -2.553035
v -5.726980 35.531216 -2.559404
v -5.734252 35.774967 -1.919755
v -5.735635 35.860615 -1.839504
v -5.735768 35.859383 -1.646580
v -5.722836 35.370071 -1.646298
v -5.723042 35.372810 -1.858770
v -5.725268 35.463074 -1.937571
v -5.727257 35.548477 -1.942291
v -5.729909 35.640408 -1.887729
v -5.733628 35.770073 -0.853112
v -5.734242 35.810650 -0.952030
v -5.735497 35.857761 -0.913565
v -5.724088 35.422955 -0.937792
v -5.722862 35.367428 -0.936846
v -5.724005 35.413731 -1.097644
v -5.735950 35.861080 -1.098382
v -5.724688 35.428185 -0.860464
v -5.725246 35.466106 -0.906616
v -5.733966 35.779404 -0.909595
v -5.722750 35.370705 -1.103802
v -5.734771 35.819992 -1.104733
v -5.722934 35.368576 0.005502
v -5.722724 35.373062 -0.097149
v -5.724780 35.444012 -0.167462
v -5.729209 35.609642 -0.170371
v -5.731160 35.680664 -0.143047
v -5.731984 35.720348 -0.068440
v -5.732349 35.713326 0.008897
v -5.729901 35.641006 0.081055
v -5.724716 35.443356 0.079305
v -5.723971 35.424641 0.463119
v -5.722879 35.373749 0.474840
v -5.722871 35.363468 0.437013
v -5.724185 35.400345 0.416147
v -5.722899 35.361000 0.857851
v -5.724800 35.433098 0.878962
v -5.724718 35.416443 0.930082
v -5.735837 35.856407 0.930222
v -5.723537 35.397926 0.832417
v -5.736191 35.861034 0.888024
v -5.722777 35.364765 1.444091
v -5.723171 35.380718 1.548526
v -5.724780 35.444012 1.357538
v -5.730384 35.645489 1.360147
v -5.732224 35.717617 1.434346
v -5.732349 35.713326 1.533897
v -5.729903 35.641010 1.606055
v -5.724716 35.443356 1.604305
v -5.728231 35.569462 2.164549
v -5.728011 35.572968 1.975965
v -5.726956 35.526871 2.157056
v -5.726980 35.531216 1.969596
v -5.731892 35.714771 2.500828
v -5.722901 35.373703 2.646318
v -5.722721 35.364517 2.608646
v -5.731415 35.702141 2.751913
v -5.731939 35.723804 2.714923
v -5.732165 35.715084 2.545950
v -5.722769 35.368610 2.867255
v -5.722826 35.373756 2.825704
v -5.732136 35.712219 2.870333
v -5.732233 35.717369 2.828700
v -5.725322 35.461220 3.463515
v -5.722836 35.371063 3.395888
v -5.722789 35.372154 3.207121
v -5.730723 35.667660 3.209777
v -5.732087 35.717533 3.270045
v -5.732018 35.716717 3.442848
v -5.730792 35.674625 3.444732
v -5.730535 35.659477 3.267137
v -5.727980 35.562782 3.405874
v -5.730774 35.665569 3.874671
v -5.731910 35.714272 4.003878
v -5.722822 35.373791 3.959606
v -5.722767 35.368568 4.001218
v -5.729560 35.621754 3.840960
v -5.729959 35.634209 3.804971
v -5.732144 35.716923 3.849070
v -5.733619 35.769653 4.327532
v -5.734251 35.810780 4.227999
v -5.735486 35.857597 4.266293
v -5.724067 35.422325 4.241120
v -5.722859 35.367554 4.243675
v -5.724031 35.415474 4.088324
v -5.735997 35.862698 4.086703
v -5.724691 35.427959 4.320018
v -5.725161 35.461109 4.272865
v -5.734023 35.781887 4.270282
v -5.722996 35.365730 4.091127
v -5.723026 35.389812 4.070618
v -5.734852 35.823235 4.071950
v -5.732450 35.747387 -4.093705
v -5.727674 35.556133 -4.076970
v -5.724349 35.420044 -4.120649
v -5.722929 35.365856 -4.182570
v -5.722334 35.373375 -4.246214
v -5.725855 35.468571 -4.315296
v -5.731544 35.694870 -4.329362
v -5.734622 35.810684 -4.291547
v -5.736136 35.863922 -4.228775
v -5.735482 35.853844 -4.157742
v -5.726961 35.521675 3.523968
v -5.729049 35.617767 3.517363
v -5.731557 35.700333 3.565418
v -5.732180 35.720631 3.678808
v -5.730240 35.638863 3.758814
v -5.724504 35.432446 3.759643
v -5.722907 35.370808 3.712323
v -5.722829 35.371708 3.518562
v -5.724051 35.413914 3.525428
v -5.724352 35.424515 3.695162
v -5.736150 35.860153 3.040182
v -5.735818 35.855671 3.084434
v -5.731036 35.671646 3.127772
v -5.732028 35.714405 3.134187
v -5.722877 35.374737 3.038224
v -5.722737 35.368607 3.081254
v -5.732006 35.716030 2.939437
v -5.731019 35.673359 2.940827
v -5.734793 35.831833 2.880204
v -5.736045 35.877998 2.851396
v -5.735817 35.858582 2.820601
v -5.735014 35.817902 2.827826
v -5.726993 35.522957 2.203710
v -5.730621 35.662113 2.214746
v -5.732109 35.723892 2.307063
v -5.731713 35.701885 2.391543
v -5.730188 35.636398 2.443284
v -5.724388 35.427410 2.441514
v -5.722894 35.370518 2.394385
v -5.722778 35.371670 2.201655
v -5.724015 35.413952 2.208258
v -5.724360 35.426857 2.383303
v -5.734860 35.823421 1.653947
v -5.735996 35.863323 1.669626
v -5.735921 35.857964 1.954484
v -5.722828 35.374756 1.782217
v -5.722671 35.368591 1.827901
v -5.735053 35.816002 1.949065
v -5.722777 35.364765 1.114091
v -5.723171 35.380718 1.218526
v -5.724782 35.444012 1.027538
v -5.730384 35.645485 1.030147
v -5.732226 35.717693 1.104516
v -5.732349 35.713326 1.203897
v -5.729903 35.641010 1.276055
v -5.724716 35.443356 1.274305
v -5.729702 35.615746 0.782836
v -5.724688 35.426929 0.541233
v -5.723996 35.418896 0.609881
v -5.725508 35.470627 0.593820
v -5.726629 35.507629 0.555153
v -5.722961 35.374676 0.592377
v -5.732004 35.720478 0.637361
v -5.731838 35.705177 0.746726
v -5.731130 35.670815 0.668907
v -5.730058 35.644016 0.729648
v -5.722923 35.365612 0.691211
v -5.724898 35.451374 0.772716
v -5.724082 35.414673 0.792378
v -5.729092 35.602116 0.715397
v -5.728104 35.557941 0.743581
v -5.731590 35.693737 0.562459
v -5.730440 35.652664 0.569754
v -5.724225 35.412926 0.329550
v -5.723762 35.406483 0.133820
v -5.724446 35.428394 0.277505
v -5.730785 35.677601 0.138108
v -5.732015 35.717533 0.144694
v -5.730423 35.659931 0.277676
v -5.732128 35.715454 0.279285
v -5.722979 35.367371 0.263010
v -5.730200 35.655788 0.335289
v -5.722964 35.366714 0.149531
v -5.722769 35.368610 -0.416745
v -5.722819 35.373707 -0.458791
v -5.730238 35.650715 -0.550786
v -5.730657 35.662533 -0.605069
v -5.731855 35.714024 -0.271277
v -5.722856 35.374737 -0.313774
v -5.722767 35.368618 -0.270732
v -5.732139 35.716282 -0.549722
v -5.731030 35.669983 -0.462501
v -5.722829 35.373795 -0.606396
v -5.722767 35.368568 -0.564783
v -5.734257 35.786449 -1.168701
v -5.734028 35.808220 -1.251616
v -5.735491 35.860291 -1.238612
v -5.724067 35.422325 -1.251880
v -5.722859 35.367554 -1.249325
v -5.724031 35.415474 -1.404677
v -5.735997 35.862698 -1.406297
v -5.724693 35.428028 -1.172924
v -5.725161 35.461109 -1.220135
v -5.733557 35.767563 -1.220055
v -5.722996 35.365730 -1.401873
v -5.723026 35.389812 -1.422382
v -5.734852 35.823235 -1.421050
v -5.735281 35.847893 -2.351277
v -5.722911 35.368530 -2.148851
v -5.731000 35.659000 -2.168000
v -5.736116 35.863827 -2.308509
v -5.722922 35.374702 -2.191746
v -5.736084 35.866676 -2.021641
v -5.735045 35.841499 -1.986336
v -5.735390 35.842346 -2.632287
v -5.723081 35.380447 -2.681339
v -5.722660 35.364368 -2.640802
v -5.735631 35.850060 -2.884706
v -5.733000 35.744999 -2.683000
v -5.722796 35.360477 -2.904669
v -5.736046 35.868992 -2.660565
v -5.723602 35.387669 -2.933717
v -5.736321 35.865349 -2.925612
v -5.735758 35.857620 -3.741344
v -5.725430 35.468632 -3.589951
v -5.729922 35.628204 -3.771565
v -5.722873 35.374489 -3.815516
v -5.722786 35.369087 -3.772899
v -5.726703 35.509972 -3.881845
v -5.729994 35.626488 -3.814184
v -5.725543 35.467091 -3.889150
v -5.735800 35.857944 -3.696877
v -5.726480 35.572094 3.714763
v -5.724368 35.570148 3.568978
v -5.730863 35.665730 3.607568
v -5.729767 35.625076 3.573693
v -5.730638 35.659576 3.682832
v -5.709933 35.641315 3.701612
v -5.711001 35.671097 3.645341
v -5.710261 35.649368 3.583495
v -5.724004 35.570053 2.394990
v -5.724368 35.570145 2.251977
v -5.730154 35.644463 2.264367
v -5.729484 35.623363 2.390074
v -5.731067 35.670563 2.344934
v -5.709899 35.640404 2.385913
v -5.711000 35.671005 2.328965
v -5.710276 35.649990 2.268157
v -5.726965 35.515690 3.371336
v -5.721145 35.419075 3.253964
v -5.720331 35.520012 3.254036
v -5.725762 35.466965 3.405259
v -5.723940 35.420952 3.365381
v -5.703974 35.420525 3.360502
v -5.705618 35.462086 3.404599
v -5.706860 35.514931 3.375567
v -5.724189 35.422112 -3.287791
v -5.718000 35.417217 -3.125041
v -5.728332 35.813057 -3.124856
v -5.734099 35.807083 -3.291582
v -5.733273 35.759087 -3.322637
v -5.725666 35.469013 -3.323189
v -5.714021 35.808544 -3.289876
v -5.713367 35.765297 -3.321347
v -5.704361 35.423988 -3.291933
v -5.705645 35.472122 -3.323606
v -5.725313 35.468498 0.029397
v -5.723783 35.411537 -0.033962
v -5.725352 35.455692 -0.111987
v -5.730909 35.662872 -0.006710
v -5.729321 35.614330 0.030354
v -5.729195 35.603817 -0.117730
v -5.730720 35.663254 -0.085292
v -5.711612 35.675343 -0.038830
v -5.709923 35.629818 -0.112443
v -5.709597 35.621181 0.029713
v -5.705357 35.464653 0.028143
v -5.703966 35.418354 -0.018217
v -5.704788 35.441689 -0.107592
v -5.725313 35.468498 1.554397
v -5.723784 35.411537 1.491038
v -5.725393 35.457409 1.411872
v -5.731019 35.667175 1.512141
v -5.729243 35.610889 1.555899
v -5.729737 35.624695 1.410658
v -5.731111 35.664188 1.448931
v -5.711078 35.669277 1.461223
v -5.709923 35.629818 1.412557
v -5.708850 35.596256 1.557540
v -5.705357 35.464653 1.553143
v -5.705348 35.462807 1.410076
v -5.703966 35.418354 1.506783
v -5.703938 35.423786 1.446766
v -5.710532 35.656700 1.530379
v -5.724107 35.419491 -4.186688
v -5.734622 35.810505 -4.225066
v -5.734158 35.802948 -4.175499
v -5.726523 35.497780 -4.140926
v -5.732598 35.732124 -4.271094
v -5.730961 35.685326 -4.132474
v -5.724483 35.426689 -4.236152
v -5.727551 35.543358 -4.279521
v -5.713033 35.745861 -4.267323
v -5.707699 35.554874 -4.280499
v -5.710577 35.676331 -4.131523
v -5.706184 35.482483 -4.145433
v -5.714069 35.798454 -4.171123
v -5.704498 35.431866 -4.240293
v -5.714869 35.813213 -4.220407
v -5.703979 35.417892 -4.190286
v -5.725313 35.468498 1.224396
v -5.723784 35.411537 1.161038
v -5.725396 35.457642 1.081317
v -5.729911 35.638462 1.218784
v -5.729737 35.624695 1.080657
v -5.731143 35.671452 1.135556
v -5.711078 35.669277 1.131223
v -5.709923 35.629818 1.082557
v -5.708948 35.599655 1.226440
v -5.705355 35.464653 1.223142
v -5.705348 35.462639 1.079697
v -5.703966 35.418354 1.176783
v -5.703938 35.423786 1.116766
v -5.710532 35.656700 1.200379
v -5.725665 35.611126 -1.693965
v -5.719000 35.417286 -1.694022
v -5.726349 35.663242 -1.836864
v -5.733839 35.780472 -1.857195
v -5.732141 35.813007 -1.693948
v -5.722993 35.663338 -1.693843
v -5.729552 35.606682 -1.846122
v -5.726350 35.509087 -1.896960
v -5.724317 35.423073 -1.834001
v -5.731583 35.712006 -1.867321
v -5.734717 35.811150 -1.805735
v -5.714897 35.811649 -1.804600
v -5.712002 35.717175 -1.868205
v -5.714178 35.784584 -1.854548
v -5.709629 35.609978 -1.843434
v -5.704358 35.425484 -1.838806
v -5.706936 35.516167 -1.896955
s 1
f 2 3 1
f 4 3 2
f 5 4 2
f 6 5 2
f 7 6 2
f 8 7 2
f 9 8 2
f 2 10 9
f 11 10 2
f 13 14 2
f 2 14 12
f 15 13 2
f 16 15 2
f 2 17 16
f 2 18 17
f 19 18 2
f 20 19 2
f 21 20 2
f 2 22 21
f 1 22 2
f 23 24 1
f 1 24 22
f 24 25 22
f 22 25 21
f 25 26 21
f 26 27 21
f 21 27 20
f 20 27 19
f 27 28 19
f 28 29 19
f 19 29 18
f 29 30 18
f 18 30 17
f 30 31 17
f 17 31 16
f 31 32 16
f 32 33 16
f 16 33 15
f 33 34 15
f 15 34 13
f 13 34 14
f 34 35 14
f 14 35 12
f 35 36 12
f 12 36 2
f 36 37 2
f 2 37 11
f 37 38 11
f 11 38 10
f 38 39 10
f 10 39 9
f 39 40 9
f 40 41 9
f 9 41 8
f 8 41 7
f 41 42 7
f 42 43 7
f 7 43 6
f 43 44 6
f 6 44 5
f 5 44 4
f 44 45 4
f 4 45 3
f 45 46 3
f 46 23 3
f 3 23 1
f 30 29 47
f 47 48 30
f 41 49 42
f 50 47 29
f 28 51 29
f 51 50 29
f 55 52 43
f 43 52 44
f 43 56 55
f 49 56 42
f 42 56 43
f 41 57 49
f 40 58 41
f 58 57 41
f 61 60 32
f 53 61 31
f 31 61 32
f 27 62 28
f 62 51 28
f 26 63 27
f 27 63 54
f 64 65 44
f 30 48 31
f 48 53 31
f 54 62 27
f 52 64 44
f 59 58 40
f 39 67 40
f 40 67 59
f 32 60 33
f 60 68 33
f 24 69 25
f 23 70 24
f 24 70 69
f 44 65 45
f 45 65 66
f 38 75 39
f 75 67 39
f 25 71 26
f 71 63 26
f 69 71 25
f 23 72 70
f 45 73 46
f 66 74 45
f 45 74 73
f 73 77 46
f 46 77 23
f 77 72 23
f 34 78 35
f 33 68 34
f 68 76 34
f 38 79 75
f 84 80 36
f 36 80 37
f 76 81 34
f 34 81 78
f 37 82 38
f 38 82 79
f 83 82 37
f 80 83 37
f 85 84 35
f 35 84 36
f 78 85 35
f 86 47 87
f 47 50 87
f 47 86 48
f 86 88 48
f 88 89 48
f 48 89 53
f 89 90 53
f 53 90 61
f 90 91 61
f 91 92 61
f 61 92 60
f 92 93 60
f 60 93 68
f 93 94 68
f 68 94 76
f 94 95 76
f 76 95 81
f 95 96 81
f 81 96 78
f 96 97 78
f 78 97 85
f 97 98 85
f 85 98 84
f 98 99 84
f 84 99 80
f 99 100 80
f 80 100 83
f 100 101 83
f 83 101 82
f 101 102 82
f 82 102 79
f 102 103 79
f 79 103 75
f 103 104 75
f 75 104 67
f 104 105 67
f 67 105 59
f 105 106 59
f 59 106 58
f 106 107 58
f 107 108 58
f 58 108 57
f 108 109 57
f 57 109 49
f 109 110 49
f 110 111 49
f 49 111 56
f 111 112 56
f 56 112 55
f 112 113 55
f 55 113 52
f 52 113 64
f 113 114 64
f 64 114 65
f 114 115 65
f 115 116 65
f 65 116 66
f 66 116 74
f 116 117 74
f 74 117 73
f 117 118 73
f 73 118 77
f 118 119 77
f 77 119 72
f 119 120 72
f 72 120 70
f 120 121 70
f 70 121 69
f 121 122 69
f 122 123 69
f 69 123 71
f 123 124 71
f 71 124 63
f 124 125 63
f 63 125 54
f 125 126 54
f 54 126 62
f 62 126 51
f 126 127 51
f 51 127 50
f 127 87 50
f 103 128 104
f 128 129 104
f 104 129 105
f 110 141 111
f 141 130 111
f 129 131 105
f 105 131 106
f 131 132 106
f 123 133 124
f 133 134 124
f 135 136 113
f 113 136 114
f 136 137 114
f 130 138 111
f 111 138 112
f 138 139 112
f 139 135 112
f 112 135 113
f 108 140 109
f 109 140 110
f 140 141 110
f 90 142 91
f 142 143 91
f 91 143 92
f 88 146 89
f 146 144 89
f 89 144 90
f 144 142 90
f 87 145 86
f 86 145 88
f 145 146 88
f 150 147 126
f 147 148 126
f 126 148 127
f 134 149 124
f 124 149 125
f 149 150 125
f 125 150 126
f 151 152 116
f 116 152 117
f 117 152 118
f 137 153 114
f 114 153 115
f 153 154 115
f 115 154 116
f 154 151 116
f 106 132 107
f 132 155 107
f 155 156 107
f 107 156 108
f 108 156 140
f 92 143 93
f 143 157 93
f 127 148 87
f 148 158 87
f 87 158 145
f 95 167 96
f 167 159 96
f 96 159 97
f 172 160 121
f 121 160 122
f 122 160 123
f 160 133 123
f 162 163 102
f 102 163 103
f 163 128 103
f 164 165 100
f 100 165 101
f 165 162 101
f 101 162 102
f 157 166 93
f 93 166 94
f 166 167 94
f 94 167 95
f 152 168 118
f 118 168 119
f 168 169 119
f 119 169 161
f 98 170 99
f 170 171 99
f 99 171 100
f 171 164 100
f 119 161 120
f 120 161 121
f 161 172 121
f 159 173 97
f 173 174 97
f 97 174 98
f 174 170 98
f 172 161 176
f 176 161 177
f 161 169 177
f 177 169 178
f 169 168 178
f 178 168 179
f 179 168 180
f 168 152 180
f 180 152 181
f 152 151 181
f 151 154 181
f 181 154 182
f 154 153 182
f 153 137 182
f 182 137 183
f 183 137 184
f 137 136 184
f 136 135 184
f 184 135 185
f 135 139 185
f 139 138 185
f 185 138 186
f 138 130 186
f 186 130 187
f 130 141 187
f 187 141 188
f 141 140 188
f 188 140 189
f 140 156 189
f 189 156 190
f 156 155 190
f 190 155 191
f 155 132 191
f 132 131 191
f 191 131 192
f 131 129 192
f 192 129 193
f 129 128 193
f 193 128 194
f 128 163 194
f 194 163 195
f 163 162 195
f 195 162 196
f 162 165 196
f 196 165 197
f 165 164 197
f 164 171 197
f 197 171 198
f 171 170 198
f 198 170 199
f 170 174 199
f 176 175 172
f 175 202 172
f 172 202 160
f 202 203 160
f 203 204 160
f 160 204 133
f 204 205 133
f 133 205 134
f 205 206 134
f 134 206 149
f 149 206 150
f 206 207 150
f 150 207 147
f 207 208 147
f 147 208 148
f 208 209 148
f 209 210 148
f 148 210 158
f 158 210 145
f 210 211 145
f 211 212 145
f 145 212 146
f 212 213 146
f 146 213 144
f 213 214 144
f 144 214 142
f 214 215 142
f 215 216 142
f 142 216 143
f 216 217 143
f 217 218 143
f 143 218 157
f 218 219 157
f 157 219 166
f 166 219 167
f 219 220 167
f 220 221 167
f 167 221 159
f 159 221 173
f 221 200 173
f 173 200 174
f 200 201 174
f 201 199 174
f 207 216 215
f 202 175 200
f 215 214 207
f 207 206 200
f 217 216 207
f 206 205 200
f 205 204 200
f 220 219 207
f 219 218 207
f 218 217 207
f 210 209 213
f 209 208 213
f 213 208 207
f 214 213 207
f 207 200 221
f 200 204 203
f 200 203 202
f 207 221 220
f 212 211 210
f 213 212 210
f 222 201 223
f 201 200 223
f 223 200 224
f 200 175 224
f 224 175 225
f 175 176 225
f 199 201 222
f 194 195 227
f 182 226 181
f 226 180 181
f 226 184 185
f 187 188 226
f 193 194 227
f 177 225 176
f 191 192 227
f 182 183 226
f 226 183 184
f 185 186 226
f 186 187 226
f 192 193 227
f 195 196 227
f 222 197 198
f 177 178 225
f 178 179 225
f 225 179 226
f 226 179 180
f 226 188 227
f 188 189 227
f 196 197 227
f 227 197 222
f 222 198 199
f 190 191 227
f 189 190 227
f 232 228 229
f 230 231 229
f 239 232 229
f 233 234 235
f 237 238 233
f 229 231 236
f 236 239 229
f 228 240 229
f 241 242 233
f 242 237 233
f 238 234 233
f 243 230 229
f 226 246 225
f 246 243 225
f 225 243 224
f 224 243 229
f 240 247 229
f 247 248 229
f 229 241 233
f 249 233 235
f 229 248 241
f 233 249 245
f 249 250 245
f 245 250 251
f 253 254 244
f 254 245 244
f 245 252 255
f 245 251 252
f 245 255 244
f 229 233 256
f 256 233 257
f 243 258 230
f 258 259 230
f 230 259 231
f 259 260 231
f 231 260 236
f 260 261 236
f 261 262 236
f 236 262 239
f 262 263 239
f 239 263 232
f 263 264 232
f 264 265 232
f 232 265 228
f 265 266 228
f 228 266 240
f 266 267 240
f 240 267 247
f 267 268 247
f 247 268 248
f 268 269 248
f 248 269 241
f 269 270 241
f 270 271 241
f 241 271 242
f 242 271 237
f 271 272 237
f 272 273 237
f 237 273 238
f 238 273 234
f 273 274 234
f 234 274 235
f 274 275 235
f 275 276 235
f 235 276 249
f 249 276 250
f 276 277 250
f 277 278 250
f 250 278 251
f 278 279 251
f 251 279 252
f 279 280 252
f 252 280 255
f 280 281 255
f 255 281 244
f 281 282 244
f 258 243 283
f 243 246 283
f 284 253 282
f 253 244 282
f 286 285 227
f 222 286 227
f 288 289 256
f 289 293 256
f 294 295 256
f 292 296 291
f 295 297 256
f 297 298 256
f 296 299 291
f 306 300 257
f 300 301 257
f 301 302 257
f 303 304 291
f 304 305 291
f 291 290 292
f 291 299 257
f 299 287 257
f 287 306 257
f 293 307 256
f 256 307 308
f 309 294 256
f 298 310 256
f 291 311 290
f 302 312 257
f 257 312 256
f 256 308 309
f 222 223 286
f 223 256 286
f 286 256 310
f 291 305 311
f 312 288 256
f 305 313 311
f 313 314 311
f 311 314 290
f 314 315 290
f 315 316 290
f 290 316 292
f 316 317 292
f 292 317 296
f 317 318 296
f 296 318 299
f 318 319 299
f 299 319 287
f 319 320 287
f 287 320 306
f 320 321 306
f 306 321 300
f 321 322 300
f 300 322 301
f 322 323 301
f 301 323 302
f 323 324 302
f 302 324 312
f 324 325 312
f 312 325 288
f 325 326 288
f 288 326 289
f 326 327 289
f 289 327 293
f 327 328 293
f 293 328 307
f 328 329 307
f 307 329 308
f 329 330 308
f 308 330 309
f 330 331 309
f 309 331 294
f 331 332 294
f 294 332 295
f 332 333 295
f 295 333 297
f 333 334 297
f 297 334 298
f 298 334 310
f 334 335 310
f 310 335 286
f 335 336 286
f 313 305 337
f 305 304 337
f 338 285 336
f 285 286 336
f 347 339 323
f 323 339 324
f 339 340 324
f 324 340 325
f 329 341 330
f 330 341 331
f 341 342 331
f 331 342 332
f 327 343 328
f 343 344 328
f 328 344 329
f 329 344 341
f 321 345 322
f 345 346 322
f 322 346 323
f 346 347 323
f 348 349 336
f 337 350 313
f 350 351 313
f 355 352 336
f 336 352 348
f 353 354 334
f 334 354 335
f 354 355 335
f 335 355 336
f 342 356 332
f 332 356 333
f 356 357 333
f 333 357 334
f 357 353 334
f 358 359 319
f 319 359 320
f 320 359 321
f 359 345 321
f 317 363 318
f 363 360 318
f 318 360 319
f 360 358 319
f 315 361 316
f 361 362 316
f 316 362 317
f 362 363 317
f 313 351 314
f 351 364 314
f 364 365 314
f 314 365 315
f 365 361 315
f 340 367 325
f 325 367 326
f 367 368 326
f 326 368 327
f 368 343 327
f 366 369 336
f 336 369 338
f 336 349 366
f 348 352 370
f 352 395 370
f 371 372 351
f 351 372 364
f 364 372 365
f 372 373 365
f 365 373 361
f 361 373 362
f 373 374 362
f 362 374 363
f 374 375 363
f 363 375 360
f 375 376 360
f 360 376 358
f 376 377 358
f 358 377 359
f 377 378 359
f 378 379 359
f 359 379 345
f 379 380 345
f 345 380 346
f 380 381 346
f 346 381 347
f 381 382 347
f 347 382 339
f 339 382 340
f 382 383 340
f 383 384 340
f 340 384 367
f 384 385 367
f 367 385 368
f 385 386 368
f 368 386 343
f 386 387 343
f 343 387 344
f 387 388 344
f 344 388 341
f 388 389 341
f 341 389 342
f 389 390 342
f 342 390 356
f 356 390 357
f 390 391 357
f 391 392 357
f 357 392 353
f 392 393 353
f 353 393 354
f 354 393 355
f 393 394 355
f 394 395 355
f 355 395 352
f 371 351 396
f 351 350 396
f 401 397 349
f 397 418 349
f 349 418 366
f 418 398 366
f 399 366 398
f 399 400 366
f 366 400 369
f 412 369 400
f 412 405 369
f 369 405 411
f 349 348 401
f 370 402 469
f 403 404 402
f 370 469 348
f 404 469 402
f 469 401 348
f 399 426 400
f 426 412 400
f 422 399 398
f 406 410 421
f 421 410 420
f 420 423 422
f 422 423 426
f 420 422 421
f 421 397 406
f 406 397 471
f 425 408 424
f 424 408 419
f 426 423 414
f 413 426 414
f 425 409 408
f 412 426 413
f 423 420 424
f 420 425 424
f 420 410 425
f 425 410 409
f 426 399 422
f 398 418 421
f 416 424 417
f 417 424 419
f 416 415 424
f 415 414 423
f 415 423 424
f 413 411 405
f 401 471 397
f 397 421 418
f 421 422 398
f 412 413 405
f 427 428 402
f 402 428 403
f 429 430 427
f 430 428 427
f 431 430 429
f 433 431 432
f 432 431 429
f 479 438 437
f 439 441 440
f 440 441 6063
f 449 440 450
f 440 451 450
f 453 444 454
f 497 449 500
f 500 449 457
f 449 450 457
f 450 451 458
f 451 452 458
f 458 452 459
f 459 452 453
f 453 454 460
f 454 455 460
f 455 456 408
f 461 462 463
f 462 464 463
f 465 466 467
f 466 410 467
f 403 509 404
f 509 468 404
f 468 469 404
f 470 471 401
f 407 419 448
f 419 456 448
f 448 456 447
f 456 455 447
f 455 454 447
f 447 454 446
f 446 454 445
f 454 444 445
f 444 453 443
f 453 452 443
f 443 452 442
f 452 451 442
f 442 451 6063
f 451 440 6063
f 440 449 439
f 439 449 434
f 449 497 434
f 434 497 435
f 456 419 408
f 409 466 408
f 408 466 455
f 466 460 455
f 460 472 453
f 472 459 453
f 458 473 450
f 473 457 450
f 457 474 500
f 474 502 500
f 474 457 473
f 473 458 462
f 458 459 462
f 462 459 472
f 472 460 475
f 460 466 475
f 410 466 409
f 466 465 475
f 465 464 475
f 475 464 472
f 472 464 462
f 462 461 473
f 461 436 473
f 473 436 474
f 436 505 474
f 474 505 502
f 410 406 467
f 467 476 465
f 465 476 464
f 476 477 464
f 464 477 463
f 477 478 463
f 463 478 461
f 478 479 461
f 461 479 436
f 479 437 436
f 436 437 505
f 406 480 467
f 467 480 476
f 476 481 477
f 481 478 477
f 478 482 479
f 471 480 406
f 480 483 476
f 476 483 481
f 481 468 478
f 478 468 482
f 482 438 479
f 471 470 480
f 480 470 483
f 470 469 483
f 483 469 481
f 469 468 481
f 468 509 482
f 482 509 438
f 469 470 401
f 484 492 493
f 496 495 497
f 498 496 499
f 496 500 499
f 499 500 501
f 501 500 502
f 487 488 503
f 488 499 503
f 503 499 504
f 499 501 504
f 501 502 504
f 504 502 505
f 506 507 430
f 507 508 430
f 430 508 509
f 508 438 509
f 435 497 494
f 497 495 494
f 494 495 493
f 495 485 493
f 493 485 484
f 500 496 497
f 496 498 495
f 495 498 485
f 498 486 485
f 499 488 498
f 498 488 486
f 487 503 489
f 489 503 510
f 503 504 510
f 510 504 511
f 504 505 511
f 511 505 437
f 489 510 490
f 490 510 507
f 510 511 507
f 507 511 508
f 511 437 508
f 508 437 438
f 491 490 506
f 490 507 506
f 433 491 431
f 491 506 431
f 431 506 430
f 430 509 428
f 428 509 403
f 519 518 558
f 484 523 521
f 522 521 523
f 535 536 537
f 538 537 536
f 537 538 539
f 538 540 539
f 545 547 546
f 546 547 548
f 550 551 520
f 520 519 550
f 519 552 550
f 550 552 549
f 552 553 549
f 549 553 548
f 553 554 548
f 554 555 548
f 548 555 546
f 546 556 545
f 545 556 544
f 556 557 544
f 544 557 433
f 557 491 433
f 519 558 552
f 558 559 552
f 559 560 552
f 552 560 553
f 560 561 553
f 561 554 553
f 554 562 555
f 555 563 546
f 546 563 556
f 564 560 559
f 561 565 554
f 565 562 554
f 562 566 555
f 566 567 555
f 567 563 555
f 563 568 556
f 568 569 556
f 556 569 557
f 557 569 491
f 569 490 491
f 518 517 558
f 517 570 558
f 558 570 559
f 570 564 559
f 564 571 560
f 571 572 560
f 560 572 561
f 561 572 565
f 565 573 562
f 562 573 566
f 567 574 563
f 574 568 563
f 568 575 569
f 575 576 569
f 569 576 490
f 576 489 490
f 517 516 570
f 571 577 572
f 577 578 572
f 572 578 565
f 578 579 565
f 565 579 573
f 573 580 566
f 566 580 567
f 574 581 568
f 581 575 568
f 517 515 516
f 516 582 570
f 570 582 564
f 582 583 564
f 564 583 571
f 571 583 577
f 579 584 573
f 573 584 580
f 584 585 580
f 580 585 567
f 585 586 567
f 567 586 574
f 574 586 581
f 581 587 575
f 575 587 576
f 587 588 576
f 576 588 489
f 588 487 489
f 583 589 577
f 577 589 578
f 589 590 578
f 578 590 579
f 590 591 579
f 579 591 584
f 585 592 586
f 592 593 586
f 586 593 581
f 593 594 581
f 581 594 587
f 515 514 516
f 514 595 516
f 516 595 582
f 595 596 582
f 582 596 583
f 596 597 583
f 583 597 589
f 597 598 589
f 589 598 590
f 590 599 591
f 591 599 584
f 599 600 584
f 584 600 585
f 600 592 585
f 592 601 593
f 601 602 593
f 593 602 594
f 594 603 587
f 587 603 588
f 603 488 588
f 588 488 487
f 514 513 595
f 597 604 598
f 598 605 590
f 590 605 599
f 600 606 592
f 606 607 592
f 592 607 601
f 602 608 594
f 608 603 594
f 603 609 488
f 609 486 488
f 513 610 595
f 595 610 596
f 610 611 596
f 596 611 597
f 597 611 604
f 604 612 598
f 612 613 598
f 598 613 605
f 613 614 605
f 605 615 599
f 599 615 600
f 615 606 600
f 607 616 601
f 601 616 602
f 616 608 602
f 608 617 603
f 617 609 603
f 513 512 610
f 611 612 604
f 614 618 605
f 605 618 615
f 618 619 615
f 615 619 606
f 619 620 606
f 606 620 607
f 620 621 607
f 607 621 616
f 621 622 616
f 616 623 608
f 608 623 617
f 623 624 617
f 617 624 609
f 624 625 609
f 609 625 486
f 625 485 486
f 513 692 512
f 512 543 610
f 543 626 610
f 610 626 611
f 611 538 612
f 538 536 612
f 536 535 612
f 612 535 613
f 613 535 614
f 535 533 614
f 614 533 618
f 616 622 623
f 624 523 625
f 625 523 485
f 692 758 512
f 758 543 512
f 543 542 626
f 542 541 626
f 541 540 626
f 626 540 611
f 611 540 538
f 535 534 533
f 533 532 618
f 618 532 619
f 532 531 619
f 531 530 619
f 619 530 620
f 530 529 620
f 620 529 621
f 529 528 621
f 621 528 622
f 528 527 622
f 527 526 622
f 622 526 623
f 526 525 623
f 525 524 623
f 623 524 624
f 524 522 624
f 624 522 523
f 523 484 485
f 635 636 637
f 637 636 638
f 638 639 640
f 640 642 641
f 641 642 643
f 674 645 644
f 644 645 646
f 645 647 646
f 646 647 648
f 647 411 648
f 648 411 413
f 632 678 643
f 678 649 643
f 643 649 641
f 641 650 640
f 650 651 640
f 640 651 638
f 651 637 638
f 637 652 635
f 635 652 634
f 652 633 634
f 633 419 407
f 678 631 649
f 649 650 641
f 652 417 633
f 633 417 419
f 631 630 649
f 649 630 650
f 630 653 650
f 653 654 650
f 650 654 651
f 654 655 651
f 651 655 637
f 655 652 637
f 653 656 654
f 654 656 655
f 655 657 652
f 652 657 417
f 657 416 417
f 675 629 630
f 629 658 630
f 630 658 653
f 653 658 656
f 656 659 655
f 655 659 657
f 657 415 416
f 675 627 629
f 658 660 656
f 656 660 659
f 659 661 657
f 657 661 415
f 627 662 629
f 629 662 658
f 662 660 658
f 660 663 659
f 659 663 661
f 664 414 661
f 661 414 415
f 662 665 660
f 660 665 663
f 661 663 664
f 628 644 627
f 627 644 662
f 644 665 662
f 665 648 663
f 663 648 664
f 648 413 664
f 664 413 414
f 644 646 665
f 665 646 648
f 674 6356 6354
f 667 668 666
f 672 6079 671
f 6354 645 674
f 6356 674 666
f 666 674 628
f 666 628 667
f 668 669 6363
f 669 627 675
f 670 6363 676
f 676 675 630
f 670 676 671
f 671 676 677
f 677 631 678
f 671 679 672
f 672 679 673
f 673 679 632
f 679 678 632
f 674 644 628
f 628 627 667
f 627 669 667
f 669 668 667
f 675 676 669
f 676 6363 669
f 630 631 676
f 631 677 676
f 678 679 677
f 679 671 677
f 832 685 680
f 685 686 680
f 710 689 688
f 693 758 692
f 691 693 692
f 704 695 691
f 520 551 519
f 519 551 694
f 519 694 696
f 519 696 518
f 518 696 697
f 701 698 703
f 703 698 702
f 698 695 702
f 517 518 697
f 697 696 700
f 517 697 515
f 699 701 703
f 515 697 699
f 514 515 702
f 702 515 703
f 703 515 699
f 697 700 699
f 513 514 702
f 699 700 690
f 699 705 701
f 513 702 704
f 513 704 692
f 692 704 691
f 704 702 695
f 699 690 705
f 689 705 690
f 700 696 706
f 706 696 694
f 689 690 688
f 690 700 707
f 707 700 706
f 706 694 708
f 688 690 709
f 709 690 711
f 690 707 711
f 707 706 712
f 712 706 708
f 714 710 688
f 708 694 713
f 712 711 707
f 715 714 688
f 716 688 709
f 715 688 716
f 686 714 687
f 687 714 715
f 716 709 711
f 711 712 718
f 716 711 717
f 712 708 719
f 715 716 720
f 718 712 719
f 719 708 713
f 717 711 718
f 686 687 680
f 687 715 720
f 720 716 717
f 717 718 721
f 680 687 722
f 687 720 681
f 722 687 681
f 681 720 682
f 682 720 717
f 721 718 684
f 725 726 721
f 721 726 717
f 717 726 682
f 724 723 719
f 719 723 683
f 719 683 684
f 713 724 719
f 719 684 718
f 684 725 721
f 832 680 738
f 684 683 739
f 725 684 739
f 726 725 741
f 725 739 741
f 741 739 745
f 741 745 742
f 743 729 723
f 682 726 744
f 726 741 744
f 744 741 742
f 682 744 681
f 681 744 746
f 744 742 746
f 746 742 747
f 681 746 748
f 742 745 750
f 745 729 750
f 722 681 748
f 748 746 751
f 746 747 751
f 751 747 752
f 742 750 753
f 751 752 728
f 749 728 727
f 680 722 738
f 722 748 738
f 738 748 740
f 748 751 740
f 740 751 749
f 749 751 728
f 750 729 996
f 739 683 729
f 729 683 723
f 729 743 737
f 732 752 733
f 752 754 733
f 754 753 735
f 735 753 734
f 753 750 734
f 996 729 736
f 729 737 736
f 747 742 753
f 745 739 729
f 1065 737 743
f 754 735 730
f 734 750 997
f 750 996 997
f 731 727 732
f 727 728 732
f 732 728 752
f 752 747 754
f 754 747 753
f 733 754 730
f 844 759 758
f 759 844 760
f 760 757 759
f 760 845 761
f 760 761 757
f 762 763 845
f 845 763 761
f 762 766 763
f 763 766 765
f 764 765 766
f 766 767 764
f 764 767 768
f 767 770 768
f 768 770 769
f 769 770 771
f 770 772 771
f 774 773 772
f 773 771 772
f 775 773 774
f 774 777 775
f 775 777 778
f 777 779 778
f 778 779 776
f 778 776 780
f 776 781 780
f 780 781 782
f 783 782 784
f 784 782 781
f 784 785 783
f 783 785 786
f 787 786 785
f 786 787 788
f 788 787 789
f 787 790 789
f 794 789 791
f 791 789 790
f 791 792 793
f 794 791 793
f 792 795 793
f 793 795 796
f 797 796 798
f 796 795 798
f 801 797 799
f 798 799 797
f 803 801 800
f 800 801 799
f 803 800 802
f 802 804 803
f 804 806 803
f 805 806 804
f 807 806 805
f 807 805 808
f 807 808 809
f 808 811 809
f 810 756 811
f 756 809 811
f 812 814 810
f 810 814 756
f 813 815 814
f 813 814 812
f 816 815 817
f 817 815 813
f 818 816 755
f 816 817 755
f 755 819 818
f 818 819 820
f 819 821 820
f 820 821 822
f 822 821 823
f 821 824 823
f 824 825 823
f 823 825 826
f 825 827 826
f 826 827 828
f 827 829 828
f 830 828 829
f 829 831 830
f 830 831 832
f 831 833 832
f 685 832 833
f 833 686 685
f 833 834 686
f 714 686 834
f 835 714 834
f 710 714 835
f 836 710 835
f 837 689 836
f 836 689 710
f 838 689 837
f 689 838 705
f 838 839 705
f 840 701 839
f 839 701 705
f 698 701 840
f 840 841 698
f 841 695 698
f 841 842 695
f 691 695 842
f 842 843 691
f 693 691 843
f 843 844 758
f 758 693 843
f 848 846 849
f 847 848 849
f 859 858 920
f 866 865 811
f 869 870 868
f 919 871 869
f 872 871 919
f 792 876 875
f 877 876 792
f 878 880 879
f 881 879 880
f 882 881 855
f 883 855 917
f 762 897 852
f 910 909 921
f 777 774 916
f 781 776 917
f 880 787 785
f 792 791 918
f 800 799 919
f 812 810 863
f 921 831 829
f 922 834 833
f 836 835 922
f 922 837 836
f 839 838 924
f 924 838 837
f 849 760 844
f 767 766 923
f 888 887 889
f 889 916 890
f 781 917 784
f 884 917 887
f 917 776 887
f 887 776 779
f 779 777 916
f 916 774 772
f 884 885 917
f 785 784 880
f 784 917 880
f 917 885 883
f 855 880 917
f 880 790 787
f 791 790 918
f 790 880 918
f 873 795 875
f 795 792 875
f 918 880 878
f 880 855 881
f 873 875 874
f 792 918 877
f 857 920 858
f 813 812 863
f 863 810 811
f 859 861 860
f 920 856 859
f 859 856 861
f 920 813 856
f 813 863 856
f 856 863 862
f 868 919 869
f 873 798 795
f 867 919 868
f 872 919 873
f 919 799 873
f 873 799 798
f 866 811 867
f 867 805 919
f 805 804 919
f 804 802 919
f 802 800 919
f 864 863 811
f 813 920 817
f 920 755 817
f 805 867 808
f 808 867 811
f 811 865 864
f 837 922 924
f 835 834 922
f 922 905 924
f 840 839 924
f 922 906 905
f 906 922 907
f 833 831 921
f 829 827 921
f 833 921 922
f 921 908 922
f 922 908 907
f 908 921 909
f 824 821 920
f 821 819 920
f 912 827 913
f 913 827 914
f 827 825 914
f 914 825 915
f 915 825 853
f 825 824 853
f 853 824 857
f 857 824 920
f 910 921 911
f 911 921 912
f 921 827 912
f 920 819 755
f 898 897 762
f 851 898 760
f 760 898 845
f 898 762 845
f 762 852 923
f 844 843 849
f 849 840 847
f 847 840 899
f 899 924 900
f 900 924 901
f 901 924 902
f 924 903 902
f 843 842 849
f 842 841 849
f 849 841 840
f 840 924 899
f 924 905 903
f 903 905 904
f 846 850 849
f 850 851 849
f 849 851 760
f 762 923 766
f 852 896 923
f 890 772 892
f 772 770 892
f 892 770 893
f 770 854 893
f 893 854 894
f 890 892 891
f 767 895 854
f 896 895 923
f 895 767 923
f 854 770 767
f 886 884 887
f 887 779 889
f 889 779 916
f 890 916 772
f 984 983 915
f 857 858 927
f 926 857 927
f 858 859 927
f 859 860 927
f 927 860 928
f 860 861 928
f 928 861 929
f 861 856 929
f 929 856 930
f 930 856 931
f 856 862 931
f 862 863 931
f 931 863 932
f 863 864 932
f 933 932 864
f 933 864 934
f 864 865 934
f 865 866 934
f 934 866 935
f 866 867 935
f 935 867 936
f 936 867 937
f 867 868 937
f 938 937 868
f 868 870 938
f 938 870 939
f 870 869 939
f 869 871 939
f 871 872 939
f 939 872 940
f 940 872 941
f 872 873 941
f 873 874 941
f 875 942 941
f 941 874 875
f 875 876 942
f 942 876 943
f 876 877 943
f 943 877 925
f 877 918 925
f 925 918 944
f 918 878 944
f 878 879 944
f 879 881 944
f 944 881 945
f 881 882 945
f 945 882 946
f 882 855 946
f 946 855 947
f 947 855 883
f 883 885 947
f 947 885 948
f 885 884 948
f 949 948 884
f 886 949 884
f 887 950 886
f 949 886 950
f 950 887 951
f 887 888 951
f 889 952 953
f 951 888 953
f 888 889 953
f 952 889 954
f 889 890 954
f 890 891 954
f 954 891 955
f 955 891 956
f 956 891 892
f 956 892 957
f 892 893 957
f 893 894 957
f 957 894 958
f 894 854 958
f 958 854 959
f 854 895 959
f 959 895 960
f 895 896 960
f 896 852 960
f 960 852 961
f 852 897 961
f 961 897 962
f 897 898 962
f 962 898 963
f 898 851 963
f 963 851 964
f 850 964 851
f 964 850 965
f 850 846 965
f 966 965 846
f 967 966 848
f 846 848 966
f 848 847 967
f 967 847 968
f 968 847 969
f 969 899 970
f 847 899 969
f 899 900 970
f 970 900 971
f 971 900 973
f 900 901 973
f 972 973 901
f 901 902 972
f 902 903 972
f 972 903 974
f 974 903 975
f 903 904 975
f 904 905 975
f 975 905 976
f 976 905 906
f 976 906 977
f 906 907 977
f 907 908 977
f 977 908 978
f 909 978 908
f 978 909 979
f 909 910 979
f 980 979 910
f 910 911 980
f 911 912 980
f 980 912 981
f 981 912 982
f 912 913 982
f 913 914 982
f 982 914 983
f 914 915 983
f 915 853 984
f 853 857 984
f 984 857 926
f 989 990 994
f 991 992 990
f 990 992 995
f 992 993 995
f 993 985 986
f 998 999 735
f 999 1000 735
f 1001 1002 1003
f 735 1000 730
f 730 1000 733
f 1000 1001 733
f 733 1001 732
f 1001 1003 732
f 732 1003 731
f 988 989 994
f 995 993 1004
f 993 986 1004
f 736 987 988
f 994 990 999
f 990 995 999
f 999 995 1005
f 995 1004 1005
f 1002 1005 1004
f 998 997 994
f 994 997 988
f 1002 1001 1005
f 1001 1000 1005
f 1005 1000 999
f 999 998 994
f 997 996 988
f 996 736 988
f 1002 1006 1003
f 735 734 998
f 734 997 998
f 1043 1680 1022
f 731 1003 1048
f 1002 1004 1035
f 985 1009 986
f 986 1009 1024
f 1009 1011 1024
f 1011 1013 1024
f 1024 1013 1025
f 1025 1013 1015
f 1015 1016 1018
f 1018 1020 1026
f 1020 1021 1026
f 1026 1021 1695
f 1695 1021 1023
f 1695 1027 1026
f 1026 1028 1018
f 1018 1028 1015
f 1015 1028 1025
f 1695 1696 1027
f 1027 1029 1026
f 1029 1030 1026
f 1026 1030 1028
f 1030 1031 1028
f 1031 1032 1028
f 1028 1032 1025
f 1032 1033 1025
f 1025 1033 1024
f 1033 1034 1024
f 1034 1035 1024
f 1024 1035 986
f 1035 1004 986
f 1696 1036 1027
f 1036 1029 1027
f 1036 1037 1029
f 1029 1037 1030
f 1037 1038 1030
f 1030 1038 1031
f 1038 1039 1031
f 1031 1039 1032
f 1039 1033 1032
f 1034 1040 1035
f 1040 1006 1035
f 1035 1006 1002
f 1036 1041 1037
f 1039 1042 1033
f 1033 1042 1034
f 1042 1040 1034
f 1041 1043 1037
f 1043 1044 1037
f 1037 1044 1038
f 1044 1045 1038
f 1038 1045 1039
f 1045 1046 1039
f 1046 1042 1039
f 1042 1047 1040
f 1047 1048 1040
f 1040 1048 1006
f 1006 1048 1003
f 1043 1022 1044
f 1022 1007 1044
f 1007 1019 1044
f 1044 1019 1045
f 1019 1017 1045
f 1017 1008 1045
f 1045 1008 1046
f 1008 1014 1046
f 1046 1014 1042
f 1042 1014 1047
f 1014 1012 1047
f 1047 1012 1048
f 1012 1010 1048
f 1048 1010 731
f 1049 1086 1057
f 1060 1058 1059
f 1059 1061 1060
f 1055 1054 1062
f 1054 1063 1062
f 1063 1064 1062
f 1064 987 1062
f 1062 987 736
f 1062 736 1065
f 1065 736 737
f 1055 1062 1056
f 1056 1062 1065
f 1049 1057 1066
f 1057 1058 1066
f 1066 1058 1060
f 1060 1061 1067
f 1061 985 1067
f 1067 985 993
f 1050 1049 1066
f 1066 1060 1068
f 1068 1060 1069
f 1060 1067 1069
f 1067 993 1069
f 1069 993 992
f 1050 1066 1051
f 1051 1066 1070
f 1066 1068 1070
f 1070 1068 1071
f 1068 1069 1071
f 1071 1069 991
f 1069 992 991
f 1051 1070 1052
f 1052 1070 1072
f 1072 1070 1073
f 1070 1071 1073
f 1073 1071 1074
f 1071 991 1074
f 1074 991 990
f 1074 990 989
f 1052 1072 1053
f 1053 1072 1075
f 1072 1073 1075
f 1075 1073 1076
f 1073 1074 1076
f 1076 1074 989
f 1053 1075 1054
f 1054 1075 1063
f 1075 1076 1063
f 1063 1076 1064
f 1076 989 1064
f 1064 989 988
f 1064 988 987
f 1085 1086 1049
f 1084 1085 1050
f 1083 1084 1112
f 1116 1081 1082
f 1089 1090 1088
f 1121 1091 1090
f 1055 1056 1092
f 1096 1095 1094
f 1092 1093 1096
f 1091 1122 1101
f 1054 1055 1097
f 1055 1092 1097
f 1097 1092 1098
f 1092 1096 1098
f 1099 1094 1123
f 1097 1098 1100
f 1096 1094 1098
f 1098 1094 1099
f 1053 1054 1102
f 1054 1097 1102
f 1097 1100 1102
f 1100 1098 1103
f 1103 1098 1099
f 1099 1123 1104
f 1104 1123 1124
f 1052 1053 1105
f 1053 1102 1105
f 1105 1102 1106
f 1102 1100 1106
f 1106 1100 1107
f 1108 1104 1109
f 1104 1124 1109
f 1100 1103 1107
f 1103 1099 1104
f 1051 1052 1111
f 1111 1052 1112
f 1052 1105 1112
f 1103 1104 1117
f 1117 1104 1113
f 1104 1108 1113
f 1113 1108 1114
f 1108 1109 1114
f 1115 1120 1110
f 1110 1120 1101
f 1112 1105 1116
f 1105 1106 1116
f 1107 1103 1117
f 1113 1114 1118
f 1118 1114 1119
f 1051 1111 1050
f 1113 1118 1121
f 1122 1118 1119
f 1110 1101 1122
f 1122 1091 1121
f 1121 1090 1089
f 1089 1088 1087
f 1087 1081 1116
f 1082 1083 1112
f 1112 1084 1111
f 1111 1084 1050
f 1085 1049 1050
f 1080 1079 1123
f 1079 1078 1124
f 1123 1079 1124
f 1094 1080 1123
f 1095 1080 1094
f 1114 1077 1119
f 1124 1078 1109
f 1078 1077 1109
f 1109 1077 1114
f 1115 1110 1119
f 1119 1110 1122
f 1118 1122 1121
f 1121 1089 1113
f 1113 1089 1117
f 1089 1087 1117
f 1117 1087 1107
f 1087 1116 1107
f 1107 1116 1106
f 1116 1082 1112
f 1130 1131 1133
f 1132 1133 1131
f 1134 1135 1136
f 1137 1136 1135
f 1141 1142 1143
f 1149 1151 1150
f 1150 1151 1165
f 1120 1165 1151
f 1475 1129 1152
f 1129 1153 1152
f 1153 1133 1154
f 1133 1155 1154
f 1155 1136 1156
f 1158 1143 1159
f 1143 1160 1159
f 1160 1145 1161
f 1145 1146 1161
f 1161 1146 1162
f 1163 1149 1164
f 1149 1150 1164
f 1164 1150 1165
f 1167 1154 1168
f 1169 1156 1170
f 1156 1171 1170
f 1170 1171 1172
f 1172 1171 1173
f 1171 1159 1173
f 1173 1159 1174
f 1175 1161 1176
f 1161 1162 1176
f 1176 1162 1177
f 1162 1164 1177
f 1177 1164 1178
f 1164 1179 1178
f 1181 1167 1182
f 1183 1170 1184
f 1170 1172 1184
f 1172 1173 1185
f 1186 1176 1187
f 1187 1176 1188
f 1176 1177 1188
f 1188 1177 1189
f 1177 1178 1189
f 1189 1178 1190
f 1178 1077 1190
f 1127 1192 1191
f 1192 1193 1194
f 1193 1195 1194
f 1195 1184 1196
f 1184 1197 1196
f 1199 1187 1200
f 1187 1188 1200
f 1188 1189 1201
f 1189 1190 1201
f 1201 1190 1202
f 1190 1078 1202
f 1128 1191 1203
f 1203 1194 1204
f 1194 1205 1204
f 1205 1196 1206
f 1196 1207 1206
f 1208 1200 1209
f 1209 1200 1210
f 1210 1201 1211
f 1211 1201 1212
f 1201 1202 1212
f 1213 1215 1214
f 1214 1215 1216
f 1215 1204 1216
f 1204 1206 1216
f 1216 1206 1217
f 1206 1207 1217
f 1217 1207 1218
f 1218 1207 1219
f 1207 1209 1219
f 1209 1220 1219
f 1220 1211 1221
f 1211 1212 1221
f 1221 1212 1080
f 1165 1120 1115
f 1149 1163 1148
f 1148 1163 1147
f 1163 1162 1147
f 1162 1146 1147
f 1145 1160 1144
f 1144 1160 1142
f 1160 1143 1142
f 1143 1158 1141
f 1141 1158 1140
f 1158 1157 1140
f 1140 1157 1139
f 1157 1156 1139
f 1139 1156 1138
f 1138 1156 1137
f 1156 1136 1137
f 1136 1155 1134
f 1134 1155 1132
f 1155 1133 1132
f 1133 1153 1130
f 1130 1153 1129
f 1129 1475 1125
f 1125 1475 1469
f 1115 1119 1165
f 1119 1179 1165
f 1179 1164 1165
f 1164 1162 1163
f 1161 1175 1160
f 1175 1174 1160
f 1160 1174 1159
f 1159 1171 1158
f 1158 1171 1157
f 1157 1171 1156
f 1156 1169 1155
f 1169 1168 1155
f 1168 1154 1155
f 1154 1167 1153
f 1167 1166 1153
f 1153 1166 1152
f 1166 1126 1152
f 1152 1126 1475
f 1126 1472 1475
f 1119 1077 1179
f 1077 1178 1179
f 1176 1186 1175
f 1175 1186 1174
f 1186 1185 1174
f 1185 1173 1174
f 1170 1183 1169
f 1169 1183 1168
f 1183 1182 1168
f 1168 1182 1167
f 1167 1181 1166
f 1181 1180 1166
f 1166 1180 1126
f 1180 1474 1126
f 1126 1474 1472
f 1190 1077 1078
f 1187 1199 1186
f 1186 1199 1185
f 1199 1198 1185
f 1198 1197 1185
f 1185 1197 1172
f 1197 1184 1172
f 1184 1195 1183
f 1195 1193 1183
f 1183 1193 1182
f 1193 1192 1182
f 1182 1192 1181
f 1192 1127 1181
f 1181 1127 1180
f 1127 1477 1180
f 1180 1477 1474
f 1201 1210 1188
f 1188 1210 1200
f 1200 1208 1199
f 1199 1208 1198
f 1208 1207 1198
f 1198 1207 1197
f 1207 1196 1197
f 1196 1205 1195
f 1205 1194 1195
f 1194 1203 1192
f 1203 1191 1192
f 1191 1128 1127
f 1127 1128 1477
f 1128 1476 1477
f 1078 1079 1202
f 1202 1079 1212
f 1211 1220 1210
f 1220 1209 1210
f 1209 1207 1208
f 1206 1204 1205
f 1204 1215 1203
f 1215 1213 1203
f 1203 1213 1128
f 1213 1473 1128
f 1128 1473 1476
f 1079 1080 1212
f 1473 1213 1438
f 1438 1213 1214
f 1214 1216 1222
f 1222 1216 1217
f 1219 1220 1223
f 1220 1221 1223
f 1438 1214 1224
f 1222 1217 1218
f 1221 1080 1095
f 1312 1231 1086
f 1086 1231 1232
f 1232 1231 1233
f 1231 1234 1233
f 1234 1235 1233
f 1234 1236 1235
f 1236 1237 1235
f 1237 1238 1235
f 1238 1237 1239
f 1237 1240 1239
f 1240 1241 1239
f 1239 1241 1242
f 1241 1243 1242
f 1243 1244 1242
f 1243 1230 1244
f 1244 1230 1245
f 1230 1246 1245
f 1230 1247 1246
f 1247 1249 1246
f 1249 1248 1246
f 1249 1250 1248
f 1250 1229 1248
f 1251 1229 1250
f 1252 1254 1251
f 1229 1251 1254
f 1253 1254 1252
f 1252 1255 1253
f 1253 1255 1258
f 1257 1258 1256
f 1256 1258 1255
f 1256 1259 1257
f 1259 1260 1257
f 1261 1260 1259
f 1260 1261 1262
f 1262 1261 1263
f 1262 1263 1265
f 1263 1264 1265
f 1265 1264 1266
f 1264 1228 1266
f 1227 1266 1228
f 1228 1267 1227
f 1227 1267 1268
f 1268 1267 1269
f 1267 1270 1269
f 1270 1271 1269
f 1269 1271 1272
f 1271 1273 1272
f 1272 1273 1274
f 1273 1275 1274
f 1274 1275 1276
f 1275 1277 1276
f 1276 1277 1278
f 1277 1279 1278
f 1279 1280 1278
f 1278 1280 1281
f 1284 1282 1283
f 1280 1283 1281
f 1281 1283 1282
f 1226 1225 1284
f 1225 1282 1284
f 1225 1226 1285
f 1287 1285 1286
f 1285 1226 1286
f 1286 1289 1287
f 1287 1289 1288
f 1289 1291 1288
f 1288 1291 1290
f 1291 1292 1290
f 1290 1292 1293
f 1293 1292 1295
f 1295 1292 1294
f 1295 1294 1296
f 1294 1297 1296
f 1297 1298 1296
f 1297 1299 1298
f 1301 1298 1300
f 1300 1298 1299
f 1120 1301 1300
f 1303 1120 1300
f 1120 1303 1302
f 1302 1101 1120
f 1101 1302 1304
f 1304 1091 1101
f 1304 1305 1091
f 1091 1305 1090
f 1305 1306 1090
f 1306 1307 1090
f 1307 1088 1090
f 1087 1088 1308
f 1308 1088 1307
f 1308 1081 1087
f 1308 1309 1081
f 1309 1082 1081
f 1309 1310 1082
f 1083 1082 1310
f 1083 1310 1084
f 1085 1084 1311
f 1311 1084 1310
f 1311 1312 1085
f 1085 1312 1086
f 1337 1336 1335
f 1321 1340 1339
f 1345 1346 1344
f 1355 1357 1356
f 1358 1359 1357
f 1377 1365 1364
f 1366 1365 1377
f 1369 1368 1263
f 1240 1375 1241
f 1376 1230 1243
f 1228 1264 1377
f 1267 1228 1377
f 1277 1275 1360
f 1360 1275 1273
f 1284 1283 1378
f 1291 1289 1350
f 1379 1297 1294
f 1299 1297 1344
f 1302 1303 1380
f 1380 1303 1300
f 1302 1380 1304
f 1308 1307 1306
f 1310 1309 1335
f 1237 1236 1381
f 1279 1277 1378
f 1378 1277 1360
f 1283 1280 1378
f 1280 1279 1378
f 1378 1360 1357
f 1357 1360 1358
f 1271 1361 1273
f 1361 1360 1273
f 1361 1271 1363
f 1271 1270 1363
f 1363 1270 1267
f 1263 1377 1264
f 1377 1364 1267
f 1267 1364 1363
f 1362 1361 1363
f 1230 1376 1247
f 1247 1376 1249
f 1375 1374 1376
f 1375 1376 1243
f 1376 1374 1313
f 1371 1249 1373
f 1249 1376 1373
f 1373 1376 1313
f 1243 1241 1375
f 1263 1368 1367
f 1317 1369 1261
f 1261 1369 1263
f 1263 1367 1377
f 1377 1367 1366
f 1314 1315 1316
f 1256 1316 1259
f 1316 1317 1259
f 1317 1261 1259
f 1252 1251 1314
f 1314 1251 1250
f 1371 1372 1249
f 1249 1372 1250
f 1372 1314 1250
f 1314 1255 1252
f 1256 1255 1316
f 1316 1255 1314
f 1314 1372 1370
f 1305 1321 1339
f 1337 1338 1336
f 1305 1339 1306
f 1306 1339 1308
f 1339 1337 1308
f 1308 1337 1335
f 1308 1335 1309
f 1311 1310 1335
f 1322 1335 1336
f 1312 1311 1333
f 1311 1335 1333
f 1322 1334 1335
f 1335 1334 1333
f 1236 1234 1381
f 1381 1234 1330
f 1234 1231 1330
f 1231 1312 1330
f 1330 1312 1333
f 1333 1334 1323
f 1375 1240 1237
f 1330 1333 1332
f 1329 1328 1381
f 1381 1328 1324
f 1324 1325 1381
f 1381 1325 1237
f 1325 1326 1237
f 1237 1326 1375
f 1326 1327 1375
f 1332 1331 1330
f 1330 1329 1381
f 1343 1342 1380
f 1380 1320 1304
f 1304 1320 1305
f 1305 1320 1321
f 1380 1342 1320
f 1342 1341 1320
f 1379 1344 1297
f 1300 1299 1344
f 1380 1300 1344
f 1319 1344 1346
f 1319 1343 1344
f 1344 1343 1380
f 1345 1344 1379
f 1292 1379 1294
f 1292 1348 1379
f 1348 1345 1379
f 1378 1357 1355
f 1378 1318 1284
f 1284 1318 1226
f 1226 1352 1351
f 1226 1351 1350
f 1355 1354 1378
f 1378 1354 1318
f 1354 1353 1318
f 1318 1352 1226
f 1286 1226 1350
f 1348 1292 1347
f 1292 1291 1347
f 1347 1291 1349
f 1291 1350 1349
f 1350 1289 1286
f 1361 1362 1382
f 1383 1384 1327
f 1327 1384 1375
f 1375 1384 1374
f 1384 1385 1374
f 1385 1386 1374
f 1374 1386 1313
f 1373 1313 1386
f 1387 1373 1386
f 1371 1373 1387
f 1387 1388 1371
f 1371 1388 1372
f 1370 1372 1389
f 1389 1372 1388
f 1314 1370 1389
f 1389 1390 1314
f 1314 1390 1315
f 1390 1391 1315
f 1315 1391 1316
f 1391 1392 1316
f 1316 1392 1317
f 1392 1393 1317
f 1317 1393 1369
f 1393 1394 1369
f 1369 1394 1368
f 1394 1395 1368
f 1366 1367 1396
f 1396 1367 1395
f 1367 1368 1395
f 1364 1365 1398
f 1398 1365 1397
f 1397 1365 1396
f 1365 1366 1396
f 1362 1363 1382
f 1382 1363 1398
f 1363 1364 1398
f 1382 1399 1361
f 1361 1399 1360
f 1399 1400 1360
f 1401 1358 1400
f 1358 1360 1400
f 1358 1401 1359
f 1401 1402 1359
f 1359 1402 1357
f 1402 1403 1357
f 1357 1403 1356
f 1354 1355 1404
f 1355 1356 1404
f 1404 1356 1403
f 1404 1405 1354
f 1354 1405 1353
f 1405 1406 1353
f 1353 1406 1318
f 1406 1407 1318
f 1352 1318 1407
f 1407 1408 1352
f 1352 1408 1351
f 1408 1409 1351
f 1351 1409 1350
f 1409 1410 1350
f 1410 1411 1350
f 1350 1411 1349
f 1411 1412 1349
f 1349 1412 1347
f 1348 1347 1413
f 1413 1347 1412
f 1413 1414 1348
f 1348 1414 1345
f 1414 1415 1345
f 1345 1415 1346
f 1415 1416 1346
f 1346 1416 1319
f 1416 1417 1319
f 1417 1418 1319
f 1319 1418 1343
f 1418 1419 1343
f 1419 1342 1343
f 1419 1420 1342
f 1342 1420 1341
f 1420 1421 1341
f 1341 1421 1320
f 1422 1320 1421
f 1339 1340 1423
f 1423 1340 1424
f 1340 1321 1424
f 1424 1321 1422
f 1321 1320 1422
f 1423 1425 1339
f 1339 1425 1337
f 1338 1337 1425
f 1426 1322 1427
f 1322 1336 1427
f 1336 1338 1427
f 1427 1338 1425
f 1323 1334 1428
f 1334 1322 1428
f 1428 1322 1426
f 1428 1429 1323
f 1429 1333 1323
f 1429 1430 1333
f 1333 1430 1332
f 1332 1430 1331
f 1430 1431 1331
f 1331 1431 1330
f 1431 1433 1330
f 1432 1329 1433
f 1329 1330 1433
f 1329 1432 1328
f 1432 1434 1328
f 1328 1434 1324
f 1435 1324 1434
f 1324 1435 1325
f 1435 1436 1325
f 1325 1436 1326
f 1436 1437 1326
f 1326 1437 1327
f 1437 1383 1327
f 1452 1448 1447
f 1450 1449 1458
f 1458 1449 1453
f 1449 1448 1453
f 1453 1448 1452
f 1445 1444 1454
f 1443 1451 1455
f 1452 1447 1456
f 1456 1447 1446
f 1446 1445 1459
f 1459 1445 1457
f 1457 1445 1454
f 1455 1451 1458
f 1451 1450 1458
f 1442 1443 1455
f 1456 1446 1459
f 1453 1452 1460
f 1460 1452 1456
f 1462 1458 1461
f 1458 1453 1461
f 1455 1458 1462
f 1461 1453 1460
f 1464 1456 1459
f 1465 1459 1457
f 1442 1455 1463
f 1463 1455 1462
f 1460 1456 1464
f 1464 1459 1465
f 1457 1454 1441
f 1465 1457 1470
f 1470 1457 1441
f 1440 1442 1463
f 1471 1462 1466
f 1462 1461 1466
f 1466 1461 1467
f 1461 1460 1467
f 1467 1460 1464
f 1440 1463 1468
f 1464 1465 1472
f 1472 1465 1470
f 1468 1463 1471
f 1463 1462 1471
f 1439 1440 1468
f 1470 1441 1469
f 1439 1468 1473
f 1467 1464 1474
f 1474 1464 1472
f 1473 1468 1471
f 1476 1471 1466
f 1472 1470 1475
f 1473 1471 1476
f 1466 1467 1477
f 1477 1467 1474
f 1476 1466 1477
f 1438 1439 1473
f 1475 1470 1469
f 1533 1483 1484
f 1490 1488 1489
f 1494 1496 1495
f 1496 1497 1495
f 1497 1498 1499
f 1499 1498 1500
f 1501 1449 1450
f 1478 1503 1502
f 1502 1503 1504
f 1504 1503 1505
f 1503 1506 1505
f 1505 1506 1507
f 1506 1489 1507
f 1489 1508 1507
f 1507 1508 1509
f 1510 1512 1511
f 1511 1512 1446
f 1512 1445 1446
f 1481 1518 1517
f 1517 1518 1516
f 1518 1515 1516
f 1515 1519 1514
f 1519 1520 1514
f 1514 1520 1443
f 1520 1451 1443
f 1481 1495 1518
f 1495 1521 1518
f 1518 1521 1515
f 1521 1499 1515
f 1515 1499 1519
f 1481 1494 1495
f 1495 1497 1521
f 1497 1499 1521
f 1499 1500 1519
f 1500 1501 1519
f 1519 1501 1520
f 1520 1501 1451
f 1501 1450 1451
f 1480 1496 1494
f 1496 1522 1497
f 1522 1523 1497
f 1497 1523 1498
f 1523 1524 1498
f 1498 1524 1500
f 1524 1525 1500
f 1500 1525 1501
f 1525 1526 1501
f 1501 1526 1449
f 1480 1522 1496
f 1526 1448 1449
f 1480 1479 1522
f 1479 1504 1522
f 1504 1527 1522
f 1522 1527 1523
f 1527 1528 1523
f 1528 1529 1523
f 1523 1529 1524
f 1529 1530 1524
f 1524 1530 1525
f 1525 1530 1526
f 1530 1531 1526
f 1526 1531 1448
f 1531 1447 1448
f 1504 1505 1527
f 1505 1528 1527
f 1528 1507 1529
f 1530 1511 1531
f 1479 1502 1504
f 1505 1507 1528
f 1507 1509 1529
f 1529 1509 1530
f 1509 1510 1530
f 1530 1510 1511
f 1511 1446 1531
f 1531 1446 1447
f 1508 1532 1509
f 1509 1532 1510
f 1532 1483 1510
f 1510 1483 1512
f 1483 1533 1512
f 1512 1533 1445
f 1478 1493 1503
f 1493 1492 1503
f 1492 1482 1503
f 1503 1482 1506
f 1482 1491 1506
f 1491 1490 1506
f 1506 1490 1489
f 1489 1488 1508
f 1488 1487 1508
f 1487 1486 1508
f 1508 1486 1532
f 1486 1485 1532
f 1532 1485 1483
f 1533 1444 1445
f 1478 1513 1493
f 1439 1438 1534
f 1440 1439 1534
f 1535 1440 1534
f 1442 1440 1535
f 1536 1442 1535
f 1443 1442 1536
f 1536 1537 1538
f 1539 1517 1538
f 1536 1514 1443
f 1517 1516 1538
f 1536 1515 1514
f 1516 1515 1538
f 1538 1515 1536
f 1541 1542 1540
f 1544 1540 1543
f 1543 1540 1542
f 1543 1611 1544
f 1545 1546 1611
f 1546 1544 1611
f 1545 1547 1546
f 1547 1548 1546
f 1546 1548 1539
f 1539 1548 1517
f 1537 1549 1538
f 1549 1550 1538
f 258 283 1540
f 1551 1552 273
f 273 1552 274
f 1552 1553 274
f 274 1553 275
f 1553 1554 275
f 275 1554 276
f 1554 1555 276
f 276 1555 277
f 271 1556 272
f 1556 1557 272
f 272 1557 273
f 1557 1551 273
f 1558 1559 267
f 267 1559 268
f 1559 1560 268
f 268 1560 269
f 1540 1544 258
f 258 1544 1546
f 1560 1561 269
f 269 1561 270
f 1561 1562 270
f 270 1562 271
f 271 1562 1556
f 1563 284 1564
f 284 282 1564
f 282 281 1564
f 1565 1566 265
f 265 1566 266
f 1566 1558 266
f 266 1558 267
f 1550 1567 258
f 258 1567 259
f 1567 1568 259
f 259 1568 260
f 279 1569 280
f 1569 1570 280
f 280 1570 281
f 281 1570 1564
f 1555 1571 277
f 277 1571 278
f 1571 1572 278
f 278 1572 279
f 1572 1573 279
f 279 1573 1569
f 1538 1550 1539
f 1550 258 1539
f 258 1546 1539
f 1568 1574 260
f 260 1574 261
f 1574 1575 261
f 261 1575 262
f 1575 1576 262
f 262 1576 263
f 1576 1577 263
f 1577 1578 263
f 263 1578 264
f 264 1578 265
f 1578 1565 265
f 1549 1579 1550
f 1550 1579 1567
f 1579 1580 1567
f 1567 1580 1568
f 1580 1581 1568
f 1568 1581 1574
f 1581 1582 1574
f 1574 1582 1575
f 1582 1583 1575
f 1575 1583 1576
f 1583 1584 1576
f 1576 1584 1577
f 1584 1585 1577
f 1577 1585 1578
f 1585 1586 1578
f 1578 1586 1565
f 1586 1587 1565
f 1565 1587 1566
f 1587 1588 1566
f 1566 1588 1558
f 1588 1589 1558
f 1558 1589 1559
f 1589 1590 1559
f 1590 1591 1559
f 1559 1591 1560
f 1591 1592 1560
f 1560 1592 1561
f 1592 1593 1561
f 1561 1593 1562
f 1562 1593 1556
f 1593 1594 1556
f 1556 1594 1557
f 1594 1595 1557
f 1557 1595 1551
f 1595 1596 1551
f 1551 1596 1552
f 1596 1597 1552
f 1597 1598 1552
f 1552 1598 1553
f 1553 1598 1554
f 1598 1599 1554
f 1554 1599 1555
f 1599 1600 1555
f 1555 1600 1571
f 1600 1601 1571
f 1571 1601 1572
f 1601 1602 1572
f 1572 1602 1573
f 1602 1603 1573
f 1573 1603 1569
f 1603 1604 1569
f 1569 1604 1570
f 1570 1604 1564
f 1604 1605 1564
f 1564 1605 1563
f 1605 1606 1563
f 1494 1481 1548
f 1545 1611 1613
f 1545 1613 1614
f 1614 1613 1615
f 1541 1609 1542
f 1494 1614 1615
f 1612 1608 1616
f 1612 1621 1610
f 1610 1621 1609
f 1621 1618 1609
f 1618 1542 1609
f 1614 1494 1548
f 1494 1615 1480
f 1616 1608 1620
f 1608 1607 1620
f 1545 1614 1547
f 1614 1548 1547
f 1548 1481 1517
f 1617 1480 1615
f 1543 1613 1611
f 1480 1617 1479
f 1543 1618 1613
f 1613 1619 1615
f 1615 1619 1617
f 1617 1620 1479
f 1479 1620 1502
f 1478 1502 1620
f 1618 1543 1542
f 1607 1478 1620
f 1620 1617 1616
f 1616 1617 1619
f 1619 1613 1621
f 1513 1478 1607
f 1621 1613 1618
f 1621 1612 1619
f 1619 1612 1616
f 1513 1607 1660
f 1629 1628 1659
f 1634 1635 1633
f 1637 1679 1626
f 1626 1638 1637
f 1637 1638 1636
f 1636 1609 1541
f 1625 1639 1626
f 1626 1639 1638
f 1638 1640 1636
f 1640 1609 1636
f 1625 1641 1639
f 1639 1641 1638
f 1641 1642 1638
f 1642 1643 1638
f 1638 1643 1640
f 1640 1610 1609
f 1678 1641 1625
f 1642 1644 1643
f 1643 1645 1640
f 1640 1645 1610
f 1676 1624 1678
f 1678 1624 1641
f 1624 1646 1641
f 1641 1646 1642
f 1646 1647 1642
f 1642 1647 1644
f 1644 1648 1643
f 1643 1648 1645
f 1645 1612 1610
f 1676 1623 1624
f 1647 1649 1644
f 1644 1649 1648
f 1648 1608 1645
f 1645 1608 1612
f 1623 1650 1624
f 1624 1650 1646
f 1650 1651 1646
f 1651 1652 1646
f 1646 1652 1647
f 1647 1652 1649
f 1652 1653 1649
f 1649 1653 1648
f 1653 1654 1648
f 1648 1654 1608
f 1654 1607 1608
f 1622 1650 1623
f 1622 1655 1650
f 1655 1656 1650
f 1650 1656 1651
f 1656 1657 1651
f 1651 1657 1652
f 1657 1658 1652
f 1652 1658 1653
f 1658 1659 1653
f 1653 1659 1654
f 1659 1660 1654
f 1660 1607 1654
f 1673 1634 1622
f 1622 1634 1655
f 1634 1633 1655
f 1633 1632 1655
f 1655 1632 1656
f 1656 1632 1657
f 1632 1631 1657
f 1631 1630 1657
f 1657 1630 1658
f 1630 1629 1658
f 1658 1629 1659
f 1659 1628 1660
f 1628 1627 1660
f 1660 1627 1513
f 1661 1635 1634
f 1665 6876 1666
f 1662 1668 1670
f 1666 6876 1673
f 6876 1672 1673
f 1672 1661 1673
f 1666 1673 1667
f 1667 1673 1674
f 1664 1674 1675
f 1675 1674 1623
f 1669 1663 1676
f 1669 1677 1668
f 1677 1678 1625
f 1661 1634 1673
f 1673 1622 1674
f 1674 1664 1667
f 1622 1623 1674
f 1623 1676 1675
f 1676 1663 1675
f 1675 1663 1664
f 1678 1677 1676
f 1676 1677 1669
f 1625 1670 1677
f 1677 1670 1668
f 1625 1626 1670
f 1670 1626 1679
f 1671 1662 1679
f 1662 1670 1679
f 1682 1689 1683
f 1043 1688 1689
f 1689 1690 1683
f 1680 1043 1682
f 1043 1689 1682
f 1702 1687 1693
f 1697 1685 1686
f 1684 1694 1681
f 1694 1695 1681
f 1681 1695 1023
f 1692 1697 1686
f 1684 1698 1694
f 1694 1699 1695
f 1699 1696 1695
f 1692 1687 1697
f 1699 1700 1696
f 1700 1036 1696
f 1697 1701 1698
f 1701 1688 1698
f 1698 1688 1699
f 1688 1700 1699
f 1691 1687 1692
f 1687 1690 1697
f 1690 1701 1697
f 1688 1041 1700
f 1700 1041 1036
f 1694 1698 1699
f 1698 1684 1697
f 1684 1685 1697
f 1043 1041 1688
f 1688 1701 1689
f 1689 1701 1690
f 1687 1691 1693
f 1723 1724 1725
f 1704 1709 1705
f 1705 1709 1710
f 1710 1711 1733
f 1711 1712 1733
f 1733 1712 1726
f 1712 1713 1726
f 1713 1714 1726
f 1726 1714 1727
f 1714 1715 1727
f 1715 1716 1727
f 1727 1716 1728
f 1728 1716 1717
f 1718 1719 1729
f 1729 1719 1730
f 1719 1720 1730
f 1730 1720 1731
f 1720 1721 1731
f 1731 1721 1732
f 1721 1722 1732
f 1722 1723 1732
f 1723 1725 1680
f 1705 1710 1733
f 1728 1717 1734
f 1717 1718 1734
f 1718 1729 1734
f 1732 1723 1735
f 1723 1680 1735
f 1735 1680 1683
f 1680 1682 1683
f 1705 1733 1706
f 1736 1733 1737
f 1733 1726 1737
f 1726 1727 1737
f 1737 1727 1738
f 1727 1728 1738
f 1728 1734 1738
f 1734 1729 1730
f 1730 1731 1739
f 1739 1731 1740
f 1740 1731 1741
f 1731 1732 1741
f 1741 1732 1742
f 1732 1735 1742
f 1735 1683 1703
f 1707 1706 1743
f 1706 1733 1743
f 1733 1736 1743
f 1738 1734 1744
f 1744 1734 1745
f 1734 1730 1745
f 1745 1730 1739
f 1742 1735 1703
f 1703 1683 1690
f 1743 1736 1746
f 1736 1737 1746
f 1746 1737 1747
f 1737 1738 1747
f 1747 1738 1744
f 1745 1739 1740
f 1741 1742 1703
f 1703 1690 1687
f 1702 1748 1687
f 1687 1748 1703
f 1703 1748 1741
f 1748 1749 1741
f 1741 1749 1740
f 1740 1749 1745
f 1749 1750 1745
f 1745 1750 1744
f 1750 1747 1744
f 1747 1751 1746
f 1751 1752 1746
f 1746 1752 1743
f 1752 1708 1743
f 1743 1708 1707
f 1747 1750 1751
f 1708 1759 1707
f 1759 1760 1762
f 1760 1761 1762
f 1762 1761 1763
f 1707 1759 1764
f 1759 1762 1764
f 1706 1707 1764
f 1762 1763 1765
f 1705 1706 1766
f 1706 1764 1766
f 1766 1764 1767
f 1764 1762 1767
f 1767 1762 1768
f 1762 1765 1768
f 1768 1765 1757
f 1704 1705 1754
f 1705 1766 1754
f 1754 1766 1755
f 1766 1767 1755
f 1755 1767 1756
f 1756 1767 1753
f 1767 1768 1753
f 1753 1768 6132
f 1768 1757 6132
f 1777 1761 1778
f 1761 1777 1763
f 1777 1778 1781
f 1781 1778 1779
f 1763 1777 1782
f 1782 1777 1783
f 1777 1781 1783
f 1781 1779 1784
f 1784 1779 1785
f 1779 1780 1785
f 1785 1780 1904
f 1763 1782 1765
f 1783 1781 1784
f 1784 1785 1786
f 1765 1782 1787
f 1787 1782 1788
f 1782 1783 1788
f 1788 1783 1789
f 1783 1784 1789
f 1789 1784 1790
f 1784 1786 1790
f 1786 1785 1791
f 1785 1904 1791
f 1791 1904 1903
f 1765 1787 1757
f 1790 1786 1773
f 1786 1791 1773
f 1903 1776 1791
f 1776 1775 1791
f 1775 1774 1791
f 1791 1774 1773
f 1773 1769 1790
f 1769 1772 1790
f 1790 1772 1789
f 1772 1771 1789
f 1789 1771 1788
f 1771 1770 1788
f 1788 1770 1787
f 1770 1758 1787
f 1787 1758 1757
f 1820 1822 1821
f 1821 1822 1823
f 1825 1824 2234
f 1794 1795 1826
f 1795 1796 1826
f 1796 1797 1826
f 1826 1797 1827
f 1797 1798 1827
f 1827 1798 1828
f 1798 1799 1828
f 1828 1799 1829
f 1799 1800 1829
f 1829 1800 1830
f 1800 1801 1830
f 1830 1801 1831
f 1801 1792 1831
f 1831 1792 1802
f 1802 1803 1842
f 1842 1803 1832
f 1803 1804 1832
f 1804 1805 1832
f 1832 1805 1806
f 1806 1807 1833
f 1833 1807 1808
f 1809 1810 1834
f 1810 1811 1834
f 1834 1811 1835
f 1811 1812 1835
f 1812 1813 1835
f 1813 1814 1835
f 1835 1814 1836
f 1814 1815 1836
f 1836 1815 1837
f 1815 1816 1837
f 1816 1817 1837
f 1837 1817 1838
f 1817 1819 1838
f 1819 1818 1838
f 1838 1818 1839
f 1818 1820 1839
f 1839 1820 1840
f 1820 1821 1840
f 1821 1823 1841
f 1841 1823 1824
f 1681 1023 1793
f 1023 1794 1793
f 1794 1826 1793
f 1831 1802 1842
f 1832 1806 1843
f 1843 1806 1833
f 1833 1808 1844
f 1844 1808 1845
f 1808 1809 1845
f 1809 1834 1845
f 1835 1836 1846
f 1836 1837 1847
f 1847 1837 1838
f 1840 1821 1841
f 1841 1824 1848
f 1824 1825 1848
f 1848 1825 1849
f 1681 1793 1684
f 1793 1826 1850
f 1826 1827 1850
f 1850 1827 1828
f 1842 1832 1851
f 1832 1843 1851
f 1845 1834 1852
f 1834 1835 1852
f 1852 1835 1853
f 1835 1846 1853
f 1846 1836 1854
f 1854 1836 1847
f 1847 1838 1855
f 1855 1838 1856
f 1838 1839 1856
f 1839 1840 1857
f 1840 1841 1857
f 1857 1841 1848
f 1848 1849 1858
f 1684 1793 1685
f 1850 1828 1859
f 1828 1829 1859
f 1829 1830 1859
f 1859 1830 1860
f 1830 1831 1860
f 1860 1831 1861
f 1831 1842 1861
f 1861 1842 1851
f 1851 1843 1862
f 1843 1833 1862
f 1833 1844 1862
f 1862 1844 1863
f 1844 1845 1863
f 1863 1845 1864
f 1845 1852 1864
f 1846 1854 1853
f 1854 1847 1855
f 1855 1856 1865
f 1865 1856 1866
f 1856 1839 1866
f 1866 1839 1857
f 1857 1848 1867
f 1848 1858 1867
f 1685 1793 1686
f 1686 1793 1868
f 1793 1850 1868
f 1850 1859 1868
f 1861 1851 1869
f 1851 1862 1869
f 1864 1852 1870
f 1852 1853 1870
f 1870 1853 1871
f 1853 1854 1871
f 1871 1854 1872
f 1854 1855 1872
f 1855 1865 1872
f 1866 1857 1867
f 1867 1858 1873
f 1692 1686 1691
f 1691 1686 1868
f 1868 1859 1874
f 1859 1860 1874
f 1874 1860 1875
f 1875 1860 1876
f 1860 1861 1876
f 1861 1869 1876
f 1876 1869 1877
f 1869 1862 1877
f 1877 1862 1878
f 1862 1863 1878
f 1878 1863 1864
f 1864 1870 1879
f 1870 1871 1879
f 1872 1865 1880
f 1865 1866 1880
f 1880 1866 1881
f 1866 1867 1881
f 1881 1867 1882
f 1867 1873 1882
f 1882 1873 2233
f 1691 1868 1693
f 1878 1864 1879
f 1879 1871 1883
f 1871 1872 1883
f 1883 1872 1880
f 1886 1892 1887
f 1892 1893 1897
f 1893 1895 1897
f 1897 1895 1903
f 1887 1892 1898
f 1898 1892 1899
f 1892 1897 1899
f 1887 1898 1888
f 1898 1899 1900
f 1900 1899 1901
f 1899 1897 1901
f 1888 1898 1902
f 1902 1898 1900
f 1888 1902 1889
f 1900 1901 1896
f 1896 1901 1884
f 1890 1889 1891
f 1889 1902 1891
f 1902 1900 1891
f 1891 1900 1894
f 1900 1896 1894
f 1896 1884 1885
f 1901 1897 1903
f 1903 1895 1776
f 1780 1884 1901
f 1904 1901 1903
f 1776 1895 6088
f 1780 1901 1904
f 1888 1889 1918
f 1918 1915 1919
f 1919 1915 1920
f 1915 1921 1920
f 1917 1922 1916
f 1922 1921 1916
f 1921 1915 1916
f 1915 1918 1890
f 1918 1889 1890
f 1917 1952 1922
f 1888 1918 1907
f 1907 1918 1919
f 1920 1921 1923
f 1923 1921 1924
f 1921 1922 1924
f 1924 1922 1952
f 1887 1888 1907
f 1907 1919 1925
f 1925 1919 1926
f 1919 1920 1926
f 1926 1920 1923
f 1924 1952 1947
f 1887 1907 1925
f 1913 1923 1924
f 1886 1887 1908
f 1887 1925 1908
f 1908 1925 1909
f 1909 1925 1910
f 1925 1926 1910
f 1910 1926 1911
f 1911 1926 1912
f 1926 1923 1912
f 1923 1913 1912
f 1913 1924 1914
f 1914 1924 1906
f 1924 1947 1906
f 1906 1947 1905
f 1927 1780 1928
f 1780 1927 1884
f 1884 1927 1885
f 1927 1929 1896
f 1896 1885 1927
f 1929 1894 1896
f 1929 1930 1894
f 1930 1891 1894
f 1891 1930 1931
f 1963 1890 1931
f 1890 1891 1931
f 1917 1916 1932
f 1932 1916 1967
f 1916 1915 1967
f 1915 1890 1967
f 1967 1890 1963
f 1935 1939 1945
f 1939 1941 1945
f 1945 1941 1946
f 1941 1943 1946
f 1946 1943 1947
f 1943 1905 1947
f 1936 1948 1949
f 1949 1948 1950
f 1951 1947 1952
f 1937 1949 1938
f 1949 1940 1938
f 1934 1942 1933
f 1942 1952 1944
f 1944 1952 1917
f 1947 1951 1946
f 1951 1950 1946
f 1946 1950 1945
f 1950 1948 1945
f 1945 1948 1935
f 1948 1936 1935
f 1952 1942 1951
f 1942 1934 1951
f 1951 1934 1950
f 1934 1940 1950
f 1950 1940 1949
f 1949 1937 1936
f 1953 1955 1956
f 1959 1954 1960
f 1961 1960 1954
f 1954 1959 1953
f 1953 1958 1954
f 1954 1931 1961
f 1961 1931 1930
f 1953 1956 1958
f 1958 1962 1954
f 1954 1962 1931
f 1962 1963 1931
f 1955 1957 1956
f 1956 1957 1965
f 1958 1956 1965
f 1962 1958 1966
f 1963 1962 1966
f 1963 1966 1967
f 1966 1974 1967
f 1973 2078 1974
f 2080 1969 2077
f 1957 1964 1965
f 1965 1968 1970
f 1970 1968 1971
f 1968 1969 1971
f 1969 2080 1971
f 2080 2079 1971
f 2079 1973 1971
f 1973 1972 1971
f 1971 1972 1970
f 1972 1966 1970
f 1970 1966 1965
f 1966 1958 1965
f 1973 2079 2078
f 1973 1974 1972
f 1972 1974 1966
f 1967 1974 1932
f 1974 2078 1932
f 1917 1932 1944
f 1932 1975 1944
f 1944 1975 1942
f 1975 1976 1942
f 1942 1976 1933
f 1976 1977 1933
f 1933 1977 1934
f 1977 1978 1934
f 1934 1978 1940
f 1978 2068 1940
f 2068 1979 1940
f 1979 1938 1940
f 1979 1980 1938
f 1980 1937 1938
f 1993 1994 1995
f 1999 1997 2000
f 1991 2001 1992
f 2010 2012 2045
f 2021 2022 2023
f 2022 2019 2023
f 2023 2019 2024
f 2019 2018 2024
f 2024 2018 2025
f 2018 2016 2025
f 2025 2016 2026
f 2016 2014 2026
f 2014 2013 2026
f 2026 2013 2027
f 2013 2011 2027
f 2011 2009 2027
f 2027 2009 2028
f 2028 2009 2029
f 2009 2007 2029
f 2029 2007 2006
f 2006 2005 2030
f 2030 2005 2031
f 2005 2003 2031
f 2031 2003 2032
f 2003 2002 2032
f 2032 2002 2033
f 2002 2000 2033
f 2033 2000 1998
f 2000 1997 1998
f 2021 2023 2034
f 2025 2026 2035
f 2026 2027 2036
f 2036 2027 2028
f 2029 2006 2030
f 2033 1998 1996
f 2020 2037 1990
f 2034 2023 2038
f 2023 2024 2038
f 2038 2024 2039
f 2024 2025 2039
f 2025 2035 2039
f 2035 2026 2036
f 2036 2028 2040
f 2040 2028 2041
f 2028 2029 2041
f 2029 2030 2041
f 2041 2030 2042
f 2042 2030 2043
f 2030 2031 2043
f 2043 2031 2044
f 2031 2032 2044
f 2032 2033 2044
f 2044 2033 1994
f 2033 1996 1994
f 1994 1996 1995
f 1990 2034 2038
f 2039 2035 2015
f 2015 2035 2045
f 2035 2036 2045
f 2036 2040 2045
f 1990 2037 2047
f 1990 2038 2020
f 2020 2038 2017
f 2038 2039 2017
f 2039 2015 2017
f 2015 2045 2012
f 2045 2040 2010
f 2010 2040 2008
f 2040 2041 2008
f 2041 2042 2008
f 2008 2042 2004
f 2042 2043 2004
f 2004 2043 2001
f 2043 2044 2001
f 2044 1994 2001
f 2001 1994 1992
f 1994 1993 1992
f 1988 2021 2046
f 2046 2034 2048
f 2021 2034 2046
f 2034 1990 2048
f 1990 2047 2048
f 2051 1988 2049
f 2049 1988 2050
f 1988 2046 2050
f 2046 2048 2050
f 2048 2047 1989
f 2048 1989 1987
f 1987 2052 2048
f 2048 2052 2050
f 1987 1986 2052
f 2052 2053 2050
f 2049 2054 2051
f 2050 2053 2049
f 2054 2049 2055
f 2055 2049 2053
f 2053 2052 2056
f 2056 2052 1985
f 2055 2053 2056
f 1985 2057 2058
f 1984 2054 2055
f 2056 1985 2058
f 2055 2056 2059
f 2059 2056 2058
f 1982 2054 1984
f 1984 2055 2060
f 2060 2055 2059
f 2059 2058 2061
f 2061 2058 1983
f 1983 2058 2057
f 1982 1984 2060
f 2060 2059 2061
f 2061 1983 1981
f 1982 2060 1937
f 2060 2061 1936
f 1937 2060 1936
f 1936 2061 1935
f 2061 1981 1935
f 2063 2064 2066
f 2064 2065 2067
f 2067 2065 1980
f 2066 2064 2067
f 2067 1980 1979
f 2062 2063 2069
f 2068 1978 2070
f 1978 1977 2070
f 1977 1976 2070
f 2070 1976 2071
f 2068 2070 2067
f 2067 2070 2072
f 2072 2070 2071
f 2067 2072 2066
f 2072 2071 2073
f 2073 2071 2074
f 2066 2072 2073
f 2073 2074 2075
f 2063 2066 2069
f 2066 2073 2069
f 2069 2073 2075
f 2062 2069 2076
f 2069 2075 2076
f 1979 2068 2067
f 2071 2078 2074
f 2075 2074 2079
f 2076 2075 2080
f 1932 2078 1975
f 2078 2071 1975
f 2079 2074 2078
f 2080 2075 2079
f 1976 1975 2071
f 2076 2080 2077
f 2884 2082 2951
f 2951 2082 2089
f 2082 2085 2089
f 2089 2085 2090
f 2085 2087 2090
f 2090 2087 2065
f 2087 1980 2065
f 2951 2089 2952
f 2090 2065 2064
f 2952 2089 2091
f 2091 2089 2092
f 2089 2090 2092
f 2092 2090 2093
f 2090 2064 2093
f 2952 2091 2953
f 2091 2092 2094
f 2094 2092 2095
f 2092 2093 2095
f 2095 2093 2096
f 2093 2064 2096
f 2096 2064 2063
f 2953 2091 2084
f 2084 2091 2094
f 2953 2084 2954
f 2084 2094 2083
f 2083 2094 2086
f 2094 2095 2086
f 2086 2095 2081
f 2095 2096 2081
f 2081 2096 2088
f 2096 2063 2088
f 2088 2063 2062
f 2098 2097 1959
f 1961 1930 2103
f 1930 1929 2103
f 2103 1929 2104
f 1929 1927 2104
f 1927 1928 2104
f 2104 1928 2105
f 1960 2103 2098
f 2103 2104 2098
f 2098 2104 2106
f 2104 2105 2106
f 2106 2105 2107
f 2097 2098 2099
f 2098 2106 2099
f 2099 2106 2108
f 2106 2107 2108
f 2101 2100 2102
f 2103 1960 1961
f 1928 2107 2105
f 2098 1959 1960
f 2102 2100 2108
f 2100 2099 2108
f 2102 2116 2101
f 2112 2134 2133
f 2153 2155 2154
f 1928 2144 2156
f 2156 2144 2157
f 2144 2145 2157
f 2157 2145 2158
f 2145 2146 2158
f 2158 2146 2159
f 2159 2146 2160
f 2146 2147 2160
f 2160 2147 2161
f 2147 2148 2161
f 2161 2148 2162
f 2148 2149 2162
f 2162 2149 2163
f 2149 2150 2163
f 2163 2150 2164
f 2164 2150 2165
f 2150 2151 2165
f 2165 2151 2166
f 2151 2152 2166
f 2166 2152 2167
f 2152 2153 2167
f 2167 2153 2168
f 2153 2154 2168
f 2154 2155 2169
f 1928 2156 2107
f 2107 2156 2170
f 2170 2156 2171
f 2156 2157 2171
f 2157 2158 2172
f 2161 2162 2173
f 2173 2162 2174
f 2162 2163 2174
f 2164 2165 2175
f 2168 2154 2176
f 2176 2154 2177
f 2154 2169 2177
f 2171 2157 2178
f 2157 2172 2178
f 2172 2158 2179
f 2158 2159 2179
f 2179 2159 2180
f 2159 2160 2180
f 2180 2160 2181
f 2160 2161 2181
f 2181 2161 2182
f 2161 2173 2182
f 2173 2174 2183
f 2183 2174 2184
f 2174 2163 2184
f 2184 2163 2185
f 2163 2164 2185
f 2185 2164 2175
f 2175 2165 2186
f 2186 2165 2187
f 2165 2166 2187
f 2187 2166 2188
f 2166 2167 2188
f 2188 2167 2189
f 2167 2168 2189
f 2189 2168 2190
f 2168 2176 2190
f 2177 2169 2206
f 2107 2170 2108
f 2108 2170 2191
f 2170 2171 2191
f 2191 2171 2192
f 2171 2178 2192
f 2178 2172 2193
f 2172 2179 2193
f 2179 2180 2194
f 2194 2180 2181
f 2181 2182 2195
f 2182 2173 2196
f 2173 2183 2196
f 2184 2185 2197
f 2197 2185 2198
f 2185 2175 2198
f 2198 2175 2199
f 2199 2175 2186
f 2187 2188 2200
f 2189 2190 2201
f 2190 2176 2201
f 2201 2176 2202
f 2176 2177 2202
f 2177 2206 2203
f 2102 2108 2191
f 2192 2178 2118
f 2118 2178 2120
f 2178 2193 2120
f 2193 2179 2204
f 2179 2194 2204
f 2194 2181 2113
f 2181 2195 2113
f 2182 2196 2195
f 2196 2183 2127
f 2127 2183 2197
f 2183 2184 2197
f 2199 2186 2112
f 2186 2187 2112
f 2112 2187 2135
f 2187 2200 2135
f 2200 2188 2205
f 2188 2189 2205
f 2189 2201 2205
f 2202 2177 2142
f 2177 2203 2142
f 2102 2191 2116
f 2116 2191 2117
f 2191 2192 2117
f 2117 2192 2115
f 2115 2192 2118
f 2118 2120 2119
f 2120 2193 2121
f 2121 2193 2114
f 2193 2204 2114
f 2114 2204 2122
f 2204 2194 2122
f 2122 2194 2123
f 2194 2113 2123
f 2113 2195 2124
f 2124 2195 2125
f 2195 2196 2125
f 2125 2196 2126
f 2196 2127 2126
f 2127 2197 2128
f 2128 2197 2129
f 2129 2197 2130
f 2197 2198 2130
f 2130 2198 2131
f 2131 2198 2132
f 2198 2199 2132
f 2132 2199 2133
f 2199 2112 2133
f 2112 2135 2134
f 2135 2200 2136
f 2136 2200 2137
f 2200 2205 2137
f 2137 2205 2111
f 2205 2201 2111
f 2111 2201 2138
f 2138 2201 2139
f 2201 2202 2139
f 2139 2202 2140
f 2140 2202 2141
f 2202 2142 2141
f 2142 2203 2143
f 2110 2143 2203
f 2206 2169 2208
f 2203 2206 2207
f 2110 2203 2207
f 2207 2206 2208
f 2208 2169 2209
f 2209 2169 2155
f 2109 2110 2207
f 2209 2155 2210
f 2212 2207 2208
f 2211 2109 2212
f 2109 2207 2212
f 2212 2208 2213
f 2213 2208 2209
f 2214 1693 2215
f 2216 2217 2233
f 2233 2217 1882
f 2217 2218 1882
f 1882 2218 1881
f 2218 2219 1881
f 1708 2149 1759
f 1759 2149 1760
f 2222 2210 1702
f 1883 2224 1879
f 2224 2220 1879
f 2220 2221 1879
f 1879 2221 1878
f 1702 2210 1748
f 2210 2155 1748
f 2149 2148 1760
f 1760 2148 1761
f 2148 2147 1761
f 2147 2146 1761
f 1693 2222 1702
f 1693 2214 2222
f 1761 2146 1778
f 2146 2145 1778
f 2145 2144 1778
f 1778 2144 1779
f 2144 1928 1779
f 1779 1928 1780
f 1881 2219 1880
f 2219 2223 1880
f 1880 2223 1883
f 2223 2224 1883
f 2149 1708 2150
f 1708 1752 2150
f 2221 2225 1878
f 1878 2225 1877
f 1877 2225 1876
f 2225 2226 1876
f 1876 2226 1875
f 2226 2227 1875
f 1875 2227 1874
f 2227 2228 1874
f 1874 2228 1868
f 1868 2228 1693
f 1693 2228 2215
f 1748 2155 1749
f 2155 2153 1749
f 1749 2153 1750
f 2153 2152 1750
f 1750 2152 1751
f 2152 2151 1751
f 2151 2150 1751
f 1751 2150 1752
f 1825 2234 2239
f 2234 2236 2239
f 2239 2236 2240
f 2236 2232 2240
f 1825 2239 1849
f 2239 2240 2241
f 1858 1849 2242
f 1849 2239 2242
f 2242 2239 2244
f 2239 2241 2244
f 2244 2241 2245
f 2245 2241 2246
f 2241 2243 2246
f 1858 2242 1873
f 2242 2244 2237
f 2237 2244 2238
f 2244 2245 2238
f 2233 1873 2235
f 1873 2242 2235
f 2235 2242 2237
f 2238 2245 2231
f 2245 2246 2231
f 2243 2241 2240
f 2230 2231 2246
f 2240 2232 2229
f 2210 2222 2259
f 2222 2214 2260
f 2210 2259 2209
f 2259 2222 2261
f 2261 2222 2262
f 2262 2222 2263
f 2222 2260 2263
f 2263 2260 2264
f 2260 2214 2264
f 2264 2214 2265
f 2209 2259 2266
f 2266 2259 2261
f 2262 2263 2267
f 2263 2264 2268
f 2209 2266 2213
f 2266 2261 2269
f 2269 2261 2270
f 2261 2262 2270
f 2262 2267 2270
f 2267 2263 2268
f 2268 2264 2271
f 2269 2270 2272
f 2270 2267 2273
f 2267 2268 2273
f 2273 2268 2274
f 2268 2271 2274
f 2274 2271 2275
f 2212 2213 2250
f 2213 2266 2250
f 2250 2266 2251
f 2266 2269 2251
f 2251 2269 2252
f 2269 2272 2252
f 2272 2270 2276
f 2270 2273 2276
f 2212 2250 2211
f 2252 2272 2253
f 2253 2272 2254
f 2272 2276 2254
f 2254 2276 2255
f 2276 2273 2255
f 2255 2273 2256
f 2273 2274 2256
f 2256 2274 2257
f 2257 2274 2249
f 2274 2275 2249
f 2249 2275 2258
f 2258 2275 2277
f 2277 2275 2271
f 2248 2258 2277
f 2277 2271 2278
f 2271 2264 2278
f 2278 2264 2265
f 2265 2214 2215
f 2247 2248 2279
f 2248 2277 2279
f 2279 2277 2280
f 2277 2278 2280
f 2280 2278 2281
f 2278 2265 2281
f 2281 2265 2215
f 2247 2279 2282
f 2282 2279 2280
f 2243 2240 2285
f 2246 2243 2295
f 2230 2246 2284
f 2243 2285 2295
f 2285 2287 2295
f 2295 2287 2296
f 2296 2289 2297
f 2297 2289 2298
f 2289 2291 2298
f 2298 2291 2299
f 2291 2293 2299
f 2299 2293 2300
f 2300 2293 2283
f 2293 2294 2283
f 2293 2291 2292
f 2291 2289 2290
f 2289 2296 2288
f 2288 2296 2287
f 2287 2285 2286
f 2285 2240 2229
f 2246 2295 2284
f 2295 2296 2284
f 2284 2296 2301
f 2296 2297 2301
f 2301 2297 2302
f 2297 2298 2302
f 2302 2298 2303
f 2298 2299 2303
f 2303 2299 2300
f 2303 2300 2461
f 2300 2283 2461
f 2284 2301 2230
f 2230 2301 2304
f 2301 2302 2304
f 2302 2303 2304
f 2304 2303 2305
f 2303 2461 2305
f 2305 2461 2447
f 2231 2230 2306
f 2307 2231 2306
f 2307 2308 2231
f 2231 2308 2238
f 2237 2238 2308
f 2309 2237 2308
f 2235 2237 2310
f 2310 2237 2309
f 2311 2235 2310
f 2216 2233 2311
f 2233 2235 2311
f 2280 2281 2347
f 2228 2227 2345
f 2220 2224 2346
f 2215 2228 2281
f 2281 2228 2347
f 2347 2228 2348
f 2228 2345 2348
f 2345 2227 2349
f 2349 2227 2350
f 2227 2226 2350
f 2350 2226 2351
f 2226 2225 2351
f 2351 2225 2352
f 2225 2221 2352
f 2352 2221 2353
f 2221 2220 2353
f 2353 2220 2354
f 2220 2346 2354
f 2354 2346 2355
f 2346 2224 2355
f 2224 2223 2355
f 2355 2223 2356
f 2356 2223 2357
f 2223 2219 2357
f 2357 2219 2358
f 2219 2218 2358
f 2358 2218 2359
f 2218 2217 2359
f 2347 2348 2360
f 2348 2345 2360
f 2360 2345 2361
f 2345 2349 2361
f 2350 2351 2362
f 2352 2353 2363
f 2358 2359 2364
f 2364 2359 2365
f 2365 2359 2366
f 2359 2217 2366
f 2366 2217 2367
f 2217 2216 2367
f 2280 2347 2368
f 2347 2360 2368
f 2360 2361 2369
f 2369 2361 2370
f 2361 2349 2370
f 2370 2349 2371
f 2371 2349 2372
f 2349 2350 2372
f 2372 2350 2362
f 2362 2351 2373
f 2373 2351 2374
f 2351 2352 2374
f 2374 2352 2375
f 2352 2363 2375
f 2363 2353 2376
f 2353 2354 2376
f 2376 2354 2377
f 2354 2355 2377
f 2377 2355 2378
f 2355 2356 2378
f 2378 2356 2379
f 2356 2357 2379
f 2379 2357 2380
f 2380 2357 2381
f 2357 2358 2381
f 2358 2364 2381
f 2280 2368 2282
f 2368 2360 2382
f 2382 2360 2383
f 2360 2369 2383
f 2371 2372 2384
f 2372 2362 2384
f 2384 2362 2385
f 2385 2362 2373
f 2375 2363 2386
f 2386 2363 2387
f 2363 2376 2387
f 2387 2376 2388
f 2376 2377 2388
f 2388 2377 2389
f 2389 2377 2390
f 2377 2378 2390
f 2381 2364 2391
f 2391 2364 2392
f 2364 2365 2392
f 2392 2365 2393
f 2365 2366 2393
f 2393 2366 2394
f 2366 2367 2394
f 2394 2367 2395
f 2282 2368 2319
f 2368 2382 2319
f 2383 2369 2316
f 2369 2370 2316
f 2316 2370 2323
f 2370 2371 2323
f 2371 2384 2323
f 2385 2373 2326
f 2326 2373 2328
f 2373 2374 2328
f 2328 2374 2329
f 2374 2375 2329
f 2329 2375 2314
f 2314 2375 2386
f 2390 2378 2336
f 2378 2379 2336
f 2336 2379 2396
f 2379 2380 2396
f 2380 2381 2396
f 2396 2381 2338
f 2338 2381 2391
f 2247 2282 2318
f 2282 2319 2318
f 2319 2382 2320
f 2320 2382 2321
f 2382 2383 2321
f 2321 2383 2317
f 2383 2316 2317
f 2316 2323 2322
f 2323 2384 2324
f 2324 2384 2315
f 2315 2384 2325
f 2384 2385 2325
f 2325 2385 2326
f 2326 2328 2327
f 2314 2386 2330
f 2386 2387 2330
f 2330 2387 2331
f 2387 2388 2331
f 2331 2388 2332
f 2332 2388 2333
f 2388 2389 2333
f 2333 2389 2334
f 2389 2390 2334
f 2334 2390 2335
f 2335 2390 2313
f 2313 2390 2336
f 2336 2396 2312
f 2312 2396 2337
f 2396 2338 2337
f 2338 2391 2339
f 2339 2391 2340
f 2391 2392 2340
f 2340 2392 2341
f 2392 2393 2341
f 2341 2393 2342
f 2342 2393 2343
f 2393 2394 2343
f 2343 2394 2344
f 2394 2395 2344
f 2216 2397 2367
f 2367 2397 2395
f 2397 2398 2395
f 2395 2398 2344
f 2398 2399 2344
f 2400 2401 2247
f 2247 2401 2248
f 2401 2402 2248
f 2248 2402 2258
f 2402 2403 2258
f 2258 2403 2249
f 2403 2404 2249
f 2249 2404 2257
f 2257 2404 2256
f 2404 2405 2256
f 2256 2405 2255
f 2405 2406 2255
f 2406 2407 2255
f 2255 2407 2254
f 2254 2407 2253
f 2407 2408 2253
f 2408 2409 2253
f 2409 2410 2253
f 2253 2410 2252
f 2410 2411 2252
f 2252 2411 2251
f 2251 2411 2250
f 2411 2412 2250
f 2412 2413 2250
f 2250 2413 2211
f 2216 2311 2416
f 2311 2310 2416
f 2309 2308 2417
f 2308 2307 2417
f 2307 2306 2418
f 2216 2416 2397
f 2416 2310 2419
f 2310 2309 2419
f 2419 2309 2420
f 2309 2417 2420
f 2417 2307 2418
f 2397 2416 2421
f 2421 2416 2419
f 2420 2417 2422
f 2422 2417 2423
f 2417 2418 2423
f 2421 2419 2424
f 2419 2420 2424
f 2420 2422 2424
f 2422 2423 2425
f 2397 2421 2398
f 2398 2421 2426
f 2426 2421 2424
f 2424 2422 2425
f 2426 2424 2415
f 2415 2424 2427
f 2424 2425 2427
f 2427 2425 2428
f 2398 2426 2399
f 2399 2426 2414
f 2426 2415 2414
f 2447 2429 2305
f 2304 2305 2430
f 2430 2305 2429
f 2430 2431 2304
f 2230 2304 2431
f 2431 2306 2230
f 2433 2434 2428
f 2432 2435 2423
f 2418 2432 2423
f 2418 2436 2432
f 2306 2431 2436
f 2306 2436 2418
f 2423 2435 2425
f 2435 2433 2425
f 2425 2433 2428
f 2438 2439 2437
f 2437 2439 2440
f 2439 2441 2440
f 2440 2441 2442
f 2441 2443 2442
f 2443 2444 2442
f 2444 2443 2445
f 2443 2446 2445
f 2446 2447 2445
f 2446 2429 2447
f 2429 2453 2430
f 2430 2453 2454
f 2453 2452 2454
f 2454 2452 2455
f 2452 2451 2455
f 2455 2451 2449
f 2451 2450 2449
f 2454 2455 2456
f 2456 2455 2449
f 2456 2449 2448
f 2430 2454 2457
f 2457 2454 2456
f 2431 2430 2436
f 2436 2430 2457
f 2456 2448 2433
f 2436 2457 2432
f 2432 2457 2435
f 2457 2456 2435
f 2435 2456 2433
f 2433 2448 2434
f 2445 2447 2461
f 2283 2294 2463
f 2294 2460 2463
f 2461 2283 2462
f 2462 2283 2463
f 2445 2461 2444
f 2444 2461 2462
f 2463 2460 2459
f 2464 2444 2462
f 2462 2463 2465
f 2465 2463 2459
f 2464 2442 2444
f 2465 2464 2462
f 2466 2465 2459
f 2442 2464 2467
f 2464 2465 2468
f 2468 2465 2466
f 2440 2442 2467
f 2467 2464 2468
f 2437 2440 2467
f 2468 2466 2469
f 2469 2466 2458
f 2437 2467 2470
f 2467 2468 2470
f 2470 2468 2469
f 2477 2475 2474
f 2480 2481 2479
f 2495 2498 2492
f 2501 2503 2500
f 2471 2518 2519
f 2477 2474 2520
f 2474 2482 2520
f 2520 2482 2483
f 2483 2484 2521
f 2484 2485 2521
f 2521 2485 2522
f 2485 2487 2522
f 2522 2487 2523
f 2487 2488 2523
f 2523 2488 2491
f 2493 2494 2524
f 2494 2496 2524
f 2496 2497 2524
f 2524 2497 2525
f 2525 2497 2526
f 2497 2499 2526
f 2499 2502 2526
f 2504 2506 2527
f 2527 2506 2528
f 2506 2508 2528
f 2528 2508 2529
f 2508 2510 2529
f 2529 2510 2530
f 2510 2514 2530
f 2530 2514 2531
f 2531 2514 2532
f 2514 2516 2532
f 2532 2516 2533
f 2516 2472 2533
f 2533 2472 2552
f 2477 2520 2476
f 2520 2483 2534
f 2483 2521 2534
f 2523 2491 2535
f 2491 2493 2535
f 2535 2493 2536
f 2493 2524 2536
f 2536 2524 2537
f 2537 2524 2525
f 2526 2502 2538
f 2502 2504 2538
f 2538 2504 2527
f 2476 2520 2478
f 2478 2520 2479
f 2479 2520 2480
f 2520 2534 2480
f 2534 2521 2539
f 2521 2522 2539
f 2539 2522 2540
f 2540 2522 2541
f 2522 2523 2541
f 2541 2523 2535
f 2537 2525 2542
f 2525 2526 2542
f 2542 2526 2543
f 2526 2538 2543
f 2538 2527 2544
f 2544 2527 2545
f 2527 2528 2545
f 2545 2528 2546
f 2528 2529 2546
f 2529 2530 2546
f 2546 2530 2547
f 2530 2531 2547
f 2547 2531 2548
f 2531 2532 2548
f 2548 2532 2549
f 2532 2533 2549
f 2549 2533 2550
f 2550 2533 2551
f 2480 2534 2539
f 2535 2536 2492
f 2536 2537 2492
f 2492 2537 2495
f 2537 2542 2495
f 2543 2538 2501
f 2538 2544 2501
f 2550 2551 2519
f 2481 2480 2486
f 2480 2539 2486
f 2539 2540 2486
f 2486 2540 2490
f 2540 2541 2490
f 2490 2541 2489
f 2541 2535 2489
f 2489 2535 2492
f 2495 2542 2498
f 2498 2542 2500
f 2542 2543 2500
f 2500 2543 2501
f 2501 2544 2503
f 2503 2544 2505
f 2544 2545 2505
f 2505 2545 2507
f 2545 2546 2507
f 2507 2546 2509
f 2509 2546 2511
f 2546 2547 2511
f 2511 2547 2512
f 2512 2547 2513
f 2547 2548 2513
f 2513 2548 2515
f 2548 2549 2515
f 2515 2549 2517
f 2549 2550 2517
f 2517 2550 2518
f 2550 2519 2518
f 2519 2551 2471
f 2551 2533 2552
f 2458 2471 2551
f 2469 2551 2552
f 2458 2551 2469
f 2469 2552 2470
f 2470 2552 2437
f 2552 2472 2437
f 2429 2446 2453
f 2453 2446 2556
f 2446 2443 2556
f 2556 2443 2555
f 2453 2556 2452
f 2452 2556 2557
f 2556 2555 2557
f 2452 2557 2451
f 2451 2557 2553
f 2557 2554 2553
f 2450 2451 2558
f 2451 2553 2558
f 2443 2441 2555
f 2555 2441 2559
f 2559 2441 2560
f 2441 2439 2560
f 2555 2559 2554
f 2554 2559 2561
f 2559 2560 2561
f 2561 2560 2562
f 2561 2562 2565
f 2554 2561 2553
f 2553 2561 2563
f 2561 2565 2563
f 2553 2563 2558
f 2558 2563 2564
f 2555 2554 2557
f 2564 2563 2565
f 2562 2560 2566
f 2566 2560 2438
f 2560 2439 2438
f 2438 2571 2566
f 2562 2566 2574
f 2565 2562 2575
f 2562 2574 2575
f 2575 2574 2577
f 2565 2575 2564
f 2564 2575 2573
f 2573 2575 2572
f 2570 2572 2575
f 2574 2566 2576
f 2576 2566 2571
f 2570 2575 2577
f 2576 2571 2569
f 2578 2570 2577
f 2577 2574 2579
f 2574 2576 2579
f 2579 2580 2577
f 2577 2580 2578
f 2569 2584 2576
f 2580 2581 2578
f 2580 2579 2582
f 2582 2579 2576
f 2584 2569 2568
f 2567 2581 2582
f 2581 2580 2582
f 4535 2582 2584
f 2582 2576 2584
f 2428 2586 2427
f 2434 2585 2428
f 2428 2585 2586
f 2399 2414 2586
f 2414 2415 2586
f 2415 2427 2586
f 2586 2588 2399
f 2588 2587 2399
f 2399 2587 2620
f 2344 2399 2620
f 2247 2318 2400
f 2400 2318 2589
f 2589 2318 2590
f 2318 2319 2590
f 2590 2319 2591
f 2319 2320 2591
f 2591 2320 2592
f 2320 2321 2592
f 2592 2321 2593
f 2321 2317 2593
f 2593 2317 2594
f 2317 2316 2594
f 2594 2316 2595
f 2316 2322 2595
f 2595 2322 2596
f 2322 2323 2596
f 2596 2323 2597
f 2323 2324 2597
f 2601 2597 2324
f 2326 2598 2325
f 2598 2599 2325
f 2599 2600 2325
f 2325 2600 2315
f 2315 2600 2324
f 2600 2601 2324
f 2326 2327 2598
f 2598 2327 2602
f 2327 2328 2602
f 2328 2329 2602
f 2602 2329 2603
f 2329 2314 2603
f 2603 2314 2604
f 2314 2330 2604
f 2604 2330 2605
f 2330 2331 2605
f 2605 2331 2606
f 2331 2332 2606
f 2606 2332 2607
f 2607 2332 2608
f 2332 2333 2608
f 2333 2334 2608
f 2608 2334 2609
f 2334 2335 2609
f 2335 2313 2609
f 2609 2313 2610
f 2313 2336 2610
f 2610 2336 2611
f 2336 2312 2611
f 2611 2312 2612
f 2312 2337 2612
f 2612 2337 2613
f 2337 2338 2613
f 2614 2613 2338
f 2338 2339 2614
f 2614 2339 2615
f 2339 2340 2615
f 2615 2340 2616
f 2340 2341 2616
f 2616 2341 2617
f 2341 2342 2617
f 2617 2342 2618
f 2342 2343 2618
f 2618 2343 2619
f 2343 2344 2619
f 2619 2344 2620
f 2624 2625 2628
f 2625 2627 2628
f 2628 2627 2629
f 2627 2626 2629
f 2629 2626 2587
f 2623 2624 2628
f 2629 2587 2631
f 2631 2587 2588
f 2623 2628 2622
f 2622 2628 2630
f 2630 2628 2629
f 2630 2629 2631
f 2632 2630 2631
f 2621 2622 2633
f 2633 2622 2630
f 2633 2630 2632
f 2586 2631 2588
f 2587 2626 2635
f 2620 2587 2635
f 2635 2626 2636
f 2626 2627 2636
f 2636 2627 2625
f 2625 2624 2634
f 2637 2636 2625
f 2637 2625 2634
f 2638 2640 2639
f 2641 2643 2642
f 2648 2650 2649
f 2634 2638 2637
f 2637 2638 2652
f 2652 2638 2653
f 2638 2639 2653
f 2639 2640 2654
f 2640 2641 2654
f 2654 2641 2655
f 2641 2642 2655
f 2642 2643 2656
f 2656 2643 2657
f 2643 2644 2657
f 2657 2644 2658
f 2644 2645 2658
f 2658 2645 2659
f 2645 2646 2659
f 2659 2646 2660
f 2660 2646 2661
f 2646 2647 2661
f 2661 2647 2662
f 2647 2648 2662
f 2662 2648 2649
f 2649 2650 2663
f 2650 2651 2663
f 2663 2651 2664
f 2664 2651 2711
f 2652 2653 2665
f 2653 2639 2665
f 2665 2639 2666
f 2639 2654 2666
f 2666 2654 2667
f 2667 2654 2668
f 2654 2655 2668
f 2668 2655 2669
f 2655 2642 2669
f 2642 2656 2669
f 2661 2662 2670
f 2670 2662 2671
f 2671 2662 2672
f 2662 2649 2672
f 2672 2649 2673
f 2649 2663 2673
f 2664 2711 2674
f 2636 2637 2675
f 2637 2652 2675
f 2652 2665 2675
f 2668 2669 2676
f 2669 2656 2677
f 2656 2657 2677
f 2677 2657 2678
f 2657 2658 2678
f 2678 2658 2679
f 2658 2659 2679
f 2679 2659 2680
f 2659 2660 2680
f 2680 2660 2681
f 2660 2661 2681
f 2681 2661 2682
f 2661 2670 2682
f 2673 2663 2683
f 2663 2664 2683
f 2683 2664 2684
f 2664 2674 2684
f 2636 2675 2635
f 2675 2665 2685
f 2685 2665 2686
f 2665 2666 2686
f 2686 2666 2687
f 2666 2667 2687
f 2687 2667 2688
f 2667 2668 2688
f 2688 2668 2689
f 2689 2668 2690
f 2668 2676 2690
f 2676 2669 2691
f 2669 2677 2691
f 2677 2678 2692
f 2692 2678 2693
f 2678 2679 2693
f 2693 2679 2694
f 2681 2682 2695
f 2682 2670 2696
f 2670 2671 2696
f 2696 2671 2697
f 2671 2672 2697
f 2697 2672 2698
f 2698 2672 2699
f 2672 2673 2699
f 2699 2673 2700
f 2673 2683 2700
f 2700 2683 2701
f 2683 2684 2701
f 2684 2674 2702
f 2635 2675 2619
f 2619 2675 2618
f 2675 2685 2618
f 2690 2676 2691
f 2691 2677 2608
f 2677 2692 2608
f 2679 2680 2694
f 2694 2680 2703
f 2680 2681 2703
f 2703 2681 2695
f 2695 2682 2599
f 2682 2696 2599
f 2701 2684 2590
f 2684 2702 2590
f 2635 2619 2620
f 2618 2685 2617
f 2617 2685 2616
f 2685 2686 2616
f 2616 2686 2615
f 2686 2687 2615
f 2615 2687 2614
f 2687 2688 2614
f 2614 2688 2613
f 2688 2689 2613
f 2613 2689 2612
f 2612 2689 2611
f 2689 2690 2611
f 2611 2690 2610
f 2690 2691 2610
f 2610 2691 2609
f 2691 2608 2609
f 2608 2692 2607
f 2607 2692 2606
f 2692 2693 2606
f 2606 2693 2605
f 2693 2694 2605
f 2605 2694 2604
f 2604 2694 2603
f 2694 2703 2603
f 2603 2703 2602
f 2703 2695 2602
f 2602 2695 2598
f 2695 2599 2598
f 2599 2696 2600
f 2600 2696 2601
f 2601 2696 2597
f 2696 2697 2597
f 2597 2697 2596
f 2596 2697 2595
f 2697 2698 2595
f 2698 2699 2595
f 2595 2699 2594
f 2594 2699 2593
f 2699 2700 2593
f 2593 2700 2592
f 2700 2701 2592
f 2592 2701 2591
f 2701 2590 2591
f 2590 2702 2589
f 2400 2589 2704
f 2589 2702 2704
f 2704 2702 2674
f 2711 2651 2705
f 2705 2707 2706
f 2705 2706 2711
f 2711 2706 2712
f 2706 2707 2712
f 2712 2707 2713
f 2707 2708 2713
f 2713 2708 2714
f 2714 2708 2715
f 2708 2709 2715
f 2715 2709 2716
f 2709 2710 2716
f 2712 2713 2717
f 2717 2713 2718
f 2713 2714 2718
f 2674 2711 2719
f 2711 2712 2719
f 2719 2712 2717
f 2718 2714 2720
f 2714 2715 2720
f 2720 2715 2721
f 2721 2715 2722
f 2715 2716 2722
f 2704 2674 2723
f 2674 2719 2723
f 2723 2719 2724
f 2719 2717 2724
f 2724 2717 2725
f 2725 2717 2726
f 2717 2718 2726
f 2726 2718 2727
f 2718 2720 2727
f 2720 2721 2728
f 2721 2722 2729
f 2720 2728 2727
f 2728 2721 2409
f 2721 2729 2409
f 2400 2704 2401
f 2704 2723 2401
f 2723 2724 2401
f 2401 2724 2402
f 2402 2724 2403
f 2724 2725 2403
f 2403 2725 2404
f 2725 2726 2404
f 2404 2726 2405
f 2726 2727 2405
f 2405 2727 2406
f 2406 2727 2407
f 2727 2728 2407
f 2728 2409 2407
f 2407 2409 2408
f 2409 2729 2410
f 2410 2729 2411
f 2729 2730 2411
f 2412 2411 2730
f 2730 2729 2722
f 2412 2730 2731
f 2730 2722 2732
f 2732 2722 2733
f 2722 2716 2733
f 2731 2730 2732
f 2733 2716 2710
f 2413 2412 2731
f 2413 2731 2739
f 2736 2749 2750
f 2777 2779 2778
f 2710 2767 2733
f 2767 2768 2781
f 2768 2769 2781
f 2781 2769 2782
f 2769 2770 2782
f 2782 2770 2783
f 2770 2771 2783
f 2783 2771 2784
f 2784 2771 2785
f 2771 2772 2785
f 2785 2772 2786
f 2786 2772 2787
f 2772 2773 2787
f 2787 2773 2788
f 2773 2774 2788
f 2788 2774 2789
f 2789 2774 2790
f 2774 2775 2790
f 2790 2775 2791
f 2775 2776 2791
f 2791 2776 2792
f 2776 2777 2792
f 2792 2777 2793
f 2793 2777 2778
f 2778 2779 2794
f 2794 2779 2795
f 2779 2780 2795
f 2733 2767 2796
f 2767 2781 2796
f 2781 2782 2797
f 2784 2785 2798
f 2792 2793 2799
f 2793 2778 2800
f 2800 2778 2801
f 2778 2794 2801
f 2801 2794 2802
f 2802 2794 2795
f 2733 2796 2732
f 2796 2781 2804
f 2781 2797 2804
f 2797 2782 2805
f 2782 2783 2805
f 2805 2783 2806
f 2783 2784 2806
f 2806 2784 2807
f 2807 2784 2798
f 2798 2785 2808
f 2808 2785 2809
f 2785 2786 2809
f 2809 2786 2810
f 2786 2787 2810
f 2810 2787 2811
f 2787 2788 2811
f 2811 2788 2812
f 2788 2789 2812
f 2812 2789 2813
f 2789 2790 2813
f 2790 2791 2813
f 2813 2791 2814
f 2791 2792 2814
f 2814 2792 2799
f 2799 2793 2815
f 2793 2800 2815
f 2802 2795 2816
f 2795 2803 2816
f 2731 2732 2739
f 2732 2796 2739
f 2739 2796 2817
f 2796 2804 2817
f 2817 2804 2818
f 2804 2797 2818
f 2818 2797 2819
f 2797 2805 2819
f 2805 2806 2820
f 2807 2798 2821
f 2798 2808 2821
f 2821 2808 2822
f 2808 2809 2822
f 2812 2813 2823
f 2823 2813 2824
f 2824 2813 2825
f 2813 2814 2825
f 2825 2814 2826
f 2814 2799 2826
f 2826 2799 2827
f 2799 2815 2827
f 2815 2800 2828
f 2800 2801 2828
f 2828 2801 2829
f 2801 2802 2829
f 2829 2802 2830
f 2802 2816 2830
f 2816 2803 2840
f 2819 2805 2743
f 2805 2820 2743
f 2806 2807 2746
f 2807 2821 2746
f 2822 2809 2749
f 2749 2809 2751
f 2809 2810 2751
f 2751 2810 2831
f 2810 2811 2831
f 2831 2811 2735
f 2811 2812 2735
f 2812 2823 2735
f 2826 2827 2760
f 2760 2827 2761
f 2827 2815 2761
f 2761 2815 2734
f 2815 2828 2734
f 2830 2816 2766
f 2816 2840 2766
f 2413 2739 2740
f 2740 2739 2738
f 2739 2817 2738
f 2817 2818 2738
f 2738 2818 2741
f 2818 2819 2741
f 2741 2819 2742
f 2819 2743 2742
f 2743 2820 2737
f 2737 2820 2744
f 2820 2806 2744
f 2744 2806 2745
f 2806 2746 2745
f 2746 2821 2747
f 2747 2821 2748
f 2821 2822 2748
f 2748 2822 2736
f 2736 2822 2749
f 2749 2751 2750
f 2751 2831 2752
f 2752 2831 2753
f 2753 2831 2754
f 2831 2735 2754
f 2735 2823 2755
f 2823 2824 2755
f 2755 2824 2756
f 2824 2825 2756
f 2756 2825 2757
f 2825 2826 2757
f 2757 2826 2758
f 2826 2760 2758
f 2758 2760 2759
f 2734 2828 2762
f 2762 2828 2763
f 2828 2829 2763
f 2763 2829 2764
f 2829 2830 2764
f 2764 2830 2765
f 2830 2766 2765
f 2832 2766 2840
f 2803 2795 2841
f 2841 2795 2780
f 2832 2116 2766
f 2116 2117 2766
f 2766 2117 2765
f 2117 2115 2765
f 2765 2115 2764
f 2115 2118 2764
f 2764 2118 2763
f 2118 2119 2763
f 2763 2119 2762
f 2119 2120 2762
f 2120 2121 2762
f 2762 2121 2734
f 2121 2114 2734
f 2734 2114 2761
f 2114 2122 2761
f 2761 2122 2760
f 2122 2123 2760
f 2760 2123 2759
f 2123 2113 2759
f 2759 2113 2758
f 2124 2757 2113
f 2757 2758 2113
f 2126 2756 2125
f 2756 2757 2125
f 2125 2757 2124
f 2756 2126 2755
f 2126 2127 2755
f 2127 2128 2755
f 2755 2128 2735
f 2128 2129 2735
f 2735 2129 2754
f 2129 2130 2754
f 2754 2130 2753
f 2130 2131 2753
f 2753 2131 2752
f 2131 2132 2752
f 2752 2132 2751
f 2751 2132 2750
f 2132 2133 2750
f 2750 2133 2736
f 2133 2134 2736
f 2736 2134 2748
f 2134 2135 2748
f 2135 2136 2748
f 2136 2137 2748
f 2748 2137 2747
f 2747 2137 2746
f 2137 2111 2746
f 2746 2111 2745
f 2111 2138 2745
f 2745 2138 2744
f 2138 2139 2744
f 2744 2139 2737
f 2139 2140 2737
f 2737 2140 2743
f 2743 2140 2742
f 2140 2141 2742
f 2742 2141 2741
f 2141 2142 2741
f 2741 2142 2738
f 2142 2143 2738
f 2143 2110 2738
f 2738 2110 2740
f 2110 2109 2740
f 2109 2211 2740
f 2740 2211 2413
f 2116 2832 2101
f 2832 2833 2101
f 2840 2835 2833
f 2834 2838 2841
f 2838 2837 2841
f 2841 2837 2839
f 2837 2836 2839
f 2839 2836 2840
f 2836 2835 2840
f 2840 2833 2832
f 2780 2834 2841
f 2841 2839 2803
f 2840 2803 2839
f 2833 2846 2842
f 2837 2838 2848
f 2838 2843 2848
f 2848 2843 2849
f 2843 2844 2849
f 2844 2845 2856
f 2849 2844 2850
f 2844 2856 2850
f 2850 2856 2855
f 2837 2848 2836
f 2836 2848 2851
f 2848 2849 2851
f 2851 2849 2850
f 2835 2836 2851
f 2851 2850 2852
f 2850 2855 2852
f 2852 2855 2854
f 2835 2851 2852
f 2835 2852 2833
f 2833 2852 2846
f 2852 2854 2846
f 2846 2854 2853
f 2853 2847 2846
f 2853 1964 2847
f 2847 1964 1957
f 1957 1955 2847
f 1955 1953 2847
f 1953 1959 2847
f 1959 2097 2847
f 2846 2847 2097
f 2097 2099 2842
f 2099 2100 2842
f 2833 2842 2101
f 2842 2100 2101
f 2842 2846 2097
f 2858 2859 2780
f 2780 2859 2834
f 2859 2860 2834
f 2834 2860 2838
f 2860 2861 2838
f 2861 2862 2838
f 2862 2843 2838
f 2857 2845 2863
f 2845 2844 2863
f 2844 2843 2863
f 2863 2843 2862
f 2856 2845 2869
f 2866 2853 2854
f 2856 2867 2855
f 2855 2867 2854
f 2867 2868 2854
f 2854 2868 2866
f 2867 2856 2869
f 2865 2866 2870
f 2866 2868 2870
f 2870 2868 2871
f 2868 2867 2871
f 2869 2872 2867
f 2867 2872 2871
f 2870 2864 2865
f 2872 2869 2873
f 2864 2870 2874
f 2870 2871 2874
f 2874 2871 2872
f 2876 2872 2873
f 2875 2864 2874
f 2874 2872 2876
f 2864 2875 1969
f 1969 1968 2864
f 2864 1968 2865
f 2865 1968 1965
f 1965 2866 2865
f 1965 1964 2866
f 1964 2853 2866
f 2875 2878 1969
f 2878 2879 2077
f 1969 2878 2077
f 2076 2879 2062
f 2879 2877 2062
f 2076 2077 2879
f 2062 2877 2088
f 2088 2877 2880
f 2880 2081 2088
f 2880 3017 2081
f 2881 2081 3017
f 2086 2081 2881
f 2881 2882 2086
f 2086 2882 2083
f 2882 3025 2083
f 2954 2084 2883
f 2883 2084 3025
f 2084 2083 3025
f 2905 3088 2909
f 3088 3114 2909
f 2909 3114 2910
f 3114 2908 2910
f 2908 3100 2910
f 2910 3100 2911
f 2911 3100 2906
f 3100 2907 2906
f 2909 2910 2912
f 2903 2905 2909
f 2913 2909 2912
f 2912 2910 2911
f 2912 2911 2906
f 2903 2909 2914
f 2914 2909 2913
f 2912 2906 2904
f 2915 2913 2912
f 2915 2912 2904
f 2915 2904 2916
f 2902 2903 2914
f 2914 2913 2917
f 2913 2915 2918
f 2916 2918 2915
f 2902 2914 2917
f 2917 2913 2918
f 2917 2918 2919
f 2916 2920 2918
f 2918 2920 2919
f 2917 2921 2902
f 2921 2922 2902
f 2901 2900 2920
f 2920 2923 2919
f 2919 2923 2921
f 2916 2901 2920
f 2919 2921 2917
f 2900 2923 2920
f 2923 2924 2921
f 2921 2924 2925
f 2900 2899 2923
f 2923 2927 2924
f 2921 2925 2922
f 2925 2924 2926
f 2926 2924 2927
f 2927 2923 2899
f 2926 2928 2925
f 2926 2927 2929
f 2927 2899 2898
f 2929 2927 2898
f 2897 2928 2930
f 2928 2926 2930
f 2898 2899 2896
f 2930 2926 2931
f 2926 2929 2931
f 2931 2929 2932
f 2932 2929 2898
f 2932 2898 2896
f 2932 2896 2895
f 2933 2931 2932
f 2930 2931 2933
f 2933 2932 2934
f 2934 2932 2895
f 2897 2930 2893
f 2893 2930 2933
f 2934 2895 2894
f 2893 2933 2935
f 2892 2934 2894
f 2935 2933 2934
f 2935 2934 2936
f 2936 2934 2892
f 2893 2935 2937
f 2891 2893 2938
f 2938 2893 2937
f 2937 2935 2936
f 2936 2892 2890
f 2889 2891 2938
f 2937 2936 2939
f 2938 2937 2940
f 2939 2936 2888
f 2936 2890 2888
f 2940 2937 2939
f 2887 2939 2888
f 2886 2889 2938
f 2938 2940 2942
f 2942 2940 2941
f 2941 2940 2939
f 2886 2938 2942
f 2941 2939 2887
f 2886 2942 2944
f 2942 2941 2945
f 2941 2887 2946
f 2946 2887 2943
f 2944 2942 2945
f 2946 2945 2941
f 2944 2885 2886
f 2949 2945 2946
f 2944 2948 2885
f 2944 2950 2948
f 2947 2884 2949
f 2949 2951 2950
f 2946 2947 2949
f 2949 2950 2945
f 2945 2950 2944
f 2951 2952 2950
f 2952 2953 2950
f 2950 2953 2948
f 2953 2954 2948
f 2884 2951 2949
f 2955 2962 2956
f 2957 2959 2958
f 2873 2957 2876
f 2958 2959 2960
f 2960 2961 2963
f 2961 2962 2963
f 2876 2957 2964
f 2957 2958 2964
f 2964 2958 2965
f 2958 2960 2965
f 2965 2960 2966
f 2960 2963 2966
f 2966 2963 2967
f 2963 2962 2967
f 2874 2876 2964
f 2874 2964 2968
f 2964 2965 2968
f 2968 2965 2969
f 2965 2966 2969
f 2969 2966 2970
f 2970 2966 2971
f 2966 2967 2971
f 2874 2968 2875
f 2968 2969 2875
f 2875 2969 2878
f 2969 2970 2878
f 2970 2971 2878
f 2878 2971 2879
f 2879 2971 2877
f 2967 2973 2971
f 2971 2973 2974
f 2971 2974 2877
f 2956 2962 2972
f 2973 2967 2955
f 2962 2955 2967
f 2869 2975 2873
f 2873 2975 3053
f 2975 2869 2976
f 2845 2977 2869
f 2977 2976 2869
f 2857 2977 2845
f 2978 2979 2994
f 2980 2979 3148
f 2980 3148 2981
f 2980 2981 2982
f 2980 2982 2990
f 2982 2983 2990
f 2990 2983 2991
f 2983 2984 2991
f 2984 2985 2991
f 2991 2985 2992
f 2985 2986 2992
f 2986 2987 2992
f 2992 2987 2993
f 2987 2988 2993
f 2993 2988 2989
f 2990 2994 2980
f 2980 2994 2979
f 2989 3052 2993
f 3052 2995 2993
f 2993 2995 2992
f 2995 2996 2992
f 2992 2996 2991
f 2996 2997 2991
f 2991 2997 2990
f 2997 2994 2990
f 3052 3053 2995
f 2997 2998 2994
f 2994 2998 2978
f 2998 2857 2978
f 3053 2975 2995
f 2995 2975 2996
f 2975 2976 2996
f 2996 2976 2997
f 2997 2976 2998
f 2976 2977 2998
f 2977 2857 2998
f 2957 2873 2999
f 2873 3053 2999
f 2957 2999 2959
f 2999 3000 2959
f 3000 3049 2959
f 2959 3049 2960
f 3049 3001 2960
f 2960 3001 2961
f 3001 3003 2961
f 3003 3004 2961
f 2961 3004 2962
f 3004 3005 2962
f 2962 3005 2972
f 2972 3005 3002
f 2972 3013 2956
f 2956 3015 2955
f 2955 3015 2973
f 2973 3014 2974
f 2974 3014 2877
f 3014 2880 2877
f 3014 2973 3015
f 3015 2956 3016
f 3016 2956 3013
f 3018 3014 3015
f 2880 3014 3017
f 3017 3014 3018
f 3018 3015 3016
f 3013 3012 3016
f 3012 3011 3016
f 3011 3019 3016
f 3018 3020 3017
f 3019 3021 3018
f 3018 3021 3020
f 3016 3019 3018
f 3020 2881 3017
f 3019 3011 3010
f 2882 2881 3020
f 2882 3020 3022
f 3022 3020 3021
f 3019 3023 3021
f 3023 3024 3021
f 3021 3024 3022
f 3022 3025 2882
f 3026 3009 3023
f 3022 3024 3025
f 3010 3026 3019
f 3026 3023 3019
f 3026 3008 3009
f 2883 3025 3027
f 3027 3025 3028
f 3025 3024 3028
f 3024 3023 3029
f 3029 3023 3009
f 3028 3024 3029
f 3007 3009 3006
f 3009 3008 3006
f 2972 3002 3013
f 3002 3030 3013
f 3030 3031 3013
f 3013 3031 3012
f 3031 3032 3012
f 3012 3032 3011
f 3032 3033 3011
f 3033 3034 3011
f 3011 3034 3010
f 3034 3026 3010
f 3044 3043 3005
f 3040 3041 3042
f 3042 3043 3044
f 3044 3005 3004
f 3040 3042 3044
f 3044 3004 3045
f 3045 3004 3003
f 3003 3001 3045
f 3045 3046 3044
f 3044 3046 3040
f 3046 3045 3047
f 3001 3047 3045
f 3040 3046 3039
f 3048 3046 3047
f 3038 3039 3048
f 3039 3046 3048
f 3049 3047 3001
f 3051 3048 3050
f 3037 3038 3048
f 3037 3048 3051
f 3050 3049 3000
f 3049 3050 3047
f 3047 3050 3048
f 3052 3051 3050
f 3037 3051 2989
f 2989 3051 3052
f 3050 3000 2999
f 3052 3050 3053
f 3053 3050 2999
f 2948 2954 3054
f 3054 2954 2883
f 2948 3054 2885
f 3054 3055 2885
f 3055 3056 2885
f 2885 3056 2886
f 2886 3056 2889
f 3056 3057 2889
f 2889 3057 2891
f 3057 3058 2891
f 2891 3058 2893
f 3058 3059 2893
f 2893 3059 2897
f 2897 3059 2928
f 3059 3060 2928
f 3060 3061 2928
f 2928 3061 2925
f 3061 3062 2925
f 2925 3062 2922
f 2922 3062 2902
f 3062 3063 2902
f 2902 3063 2903
f 3063 3064 2903
f 2903 3064 2905
f 3064 3065 2905
f 2905 3065 3088
f 3067 3082 3081
f 3068 3090 3091
f 3093 3094 3095
f 3095 3094 3096
f 3094 3097 3096
f 3096 3097 3098
f 3097 3084 3098
f 3098 3100 3099
f 3069 3091 3101
f 3101 3091 3102
f 3103 3095 3104
f 3104 3095 3105
f 3095 3096 3105
f 3105 3096 3106
f 3106 3096 3107
f 3108 3099 3109
f 3099 2908 3109
f 3069 3101 3070
f 3070 3101 3071
f 3071 3101 3110
f 3110 3111 3074
f 3103 3104 3111
f 3111 3104 3076
f 3104 3105 3076
f 3076 3105 3077
f 3077 3105 3078
f 3105 3112 3078
f 3106 3107 3080
f 3107 3113 3080
f 3113 3109 3087
f 3087 3109 3114
f 2907 3100 3089
f 3100 3098 3089
f 3098 3084 3089
f 3084 3097 3083
f 3097 3094 3083
f 3083 3094 3082
f 3094 3093 3082
f 3093 3092 3082
f 3082 3092 3081
f 3092 3090 3081
f 3090 3068 3081
f 3081 3068 3067
f 2908 3099 3100
f 3099 3108 3098
f 3108 3107 3098
f 3107 3096 3098
f 3095 3103 3093
f 3093 3103 3092
f 3103 3102 3092
f 3092 3102 3090
f 3102 3091 3090
f 3114 3109 2908
f 3109 3113 3108
f 3108 3113 3107
f 3112 3105 3106
f 3103 3111 3102
f 3111 3110 3102
f 3110 3101 3102
f 3071 3110 3072
f 3110 3074 3072
f 3072 3074 3073
f 3074 3111 3075
f 3111 3076 3075
f 3078 3112 3079
f 3079 3112 3066
f 3112 3106 3066
f 3106 3080 3066
f 3080 3113 3085
f 3085 3113 3086
f 3113 3087 3086
f 3087 3114 3088
f 3118 3131 3117
f 3041 3122 3042
f 3043 3042 3123
f 3002 3005 3123
f 3005 3043 3123
f 3002 3123 3030
f 3030 3123 3031
f 3123 3124 3031
f 3123 3126 3124
f 3122 3126 3042
f 3042 3126 3123
f 3032 3031 3127
f 3031 3124 3127
f 3127 3124 3126
f 3126 3122 3125
f 3128 3126 3125
f 3033 3032 3127
f 3127 3126 3128
f 3128 3125 3121
f 3033 3127 3129
f 3129 3127 3128
f 3128 3121 3120
f 3129 3128 3119
f 3119 3128 3120
f 3034 3033 3130
f 3033 3129 3130
f 3130 3129 3119
f 3026 3034 3008
f 3008 3034 3130
f 3130 3119 3117
f 3008 3130 3132
f 3117 3119 3118
f 3132 3130 3133
f 3130 3117 3133
f 3006 3008 3132
f 3133 3117 3131
f 3006 3132 3135
f 3133 3135 3132
f 3131 3116 3136
f 3131 3136 3133
f 3133 3136 3135
f 3006 3035 3007
f 3140 3137 3006
f 3116 3134 3136
f 3135 3140 3006
f 3006 3137 3035
f 3136 3138 3135
f 3138 3140 3135
f 3134 3115 3136
f 3138 3115 3139
f 3137 3036 3035
f 3115 3138 3136
f 3139 3141 3142
f 3140 3143 3137
f 3143 3144 3137
f 3139 3142 3138
f 3142 3140 3138
f 3145 3144 3143
f 3142 5641 3140
f 5641 3143 3140
f 3148 2979 3147
f 2979 3149 3147
f 3149 3150 3147
f 3147 3150 3146
f 3149 3151 3150
f 2978 3152 2979
f 2979 3152 3149
f 3149 3152 3151
f 3151 3153 3150
f 2978 3154 3152
f 3152 3155 3151
f 3151 3155 3153
f 2857 2863 2978
f 2978 2863 3154
f 3154 2861 3152
f 3152 2861 3155
f 3155 2859 3153
f 2863 2862 3154
f 3154 2862 2861
f 2861 2860 3155
f 3155 2860 2859
f 3160 3161 3159
f 3161 3162 3192
f 3162 3163 3192
f 3163 3164 3192
f 3192 3164 3165
f 3165 3166 3193
f 3166 3167 3193
f 3193 3167 3194
f 3167 3156 3194
f 3194 3156 3195
f 3156 3168 3195
f 3195 3168 3196
f 3168 3169 3196
f 3169 3170 3171
f 3171 3172 3197
f 3172 3173 3197
f 3177 3178 3176
f 3176 3178 3179
f 3179 3180 3198
f 3180 3181 3198
f 3198 3181 3199
f 3181 3587 3199
f 3199 3587 3200
f 3587 3182 3200
f 3200 3182 3201
f 3182 3183 3201
f 3201 3183 3202
f 3183 3184 3202
f 3184 3185 3202
f 3202 3185 3203
f 3185 3186 3203
f 3203 3186 3206
f 3186 3187 3206
f 3188 3189 3190
f 3146 3150 3191
f 3150 3204 3191
f 3191 3204 3190
f 3204 3205 3190
f 3190 3205 3188
f 3205 3206 3188
f 3188 3206 3187
f 3198 3207 3179
f 3207 3208 3179
f 3179 3208 3176
f 3208 3209 3176
f 3176 3209 3175
f 3209 3210 3175
f 3175 3210 3174
f 3174 3210 3173
f 3173 3210 3197
f 3197 3219 3171
f 3219 3211 3171
f 3171 3211 3169
f 3211 3196 3169
f 3193 3212 3165
f 3165 3212 3192
f 3192 3213 3161
f 3161 3213 3159
f 3206 3214 3203
f 3214 3215 3203
f 3203 3215 3202
f 3215 3216 3202
f 3202 3216 3201
f 3201 3216 3200
f 3216 3217 3200
f 3200 3217 3199
f 3199 3207 3198
f 3218 3219 3210
f 3210 3219 3197
f 3211 3220 3196
f 3196 3220 3195
f 3220 3221 3195
f 3195 3221 3194
f 3221 3222 3194
f 3194 3222 3193
f 3193 3222 3212
f 3212 3223 3192
f 3223 3213 3192
f 3213 3158 3159
f 3150 3153 3204
f 3153 3224 3204
f 3204 3224 3205
f 3224 3225 3205
f 3205 3225 3206
f 3225 3226 3206
f 3206 3226 3214
f 3214 3227 3215
f 3215 3227 3216
f 3216 3228 3217
f 3217 3229 3199
f 3199 3229 3207
f 3229 3208 3207
f 3208 3230 3209
f 3209 3230 3210
f 3230 3231 3210
f 3210 3231 3218
f 3218 3232 3219
f 3219 3232 3211
f 3232 3220 3211
f 3233 3221 3220
f 3222 3234 3212
f 3212 3234 3223
f 3223 3235 3213
f 3235 3158 3213
f 3153 2859 3224
f 3226 3236 3214
f 3214 3236 3227
f 3227 3228 3216
f 3228 3237 3217
f 3217 3237 3229
f 3229 3238 3208
f 3238 3230 3208
f 3232 3233 3220
f 3233 3239 3221
f 3221 3239 3222
f 3239 3234 3222
f 3235 3157 3158
f 2859 2858 3224
f 2858 3240 3224
f 3224 3240 3225
f 3225 3240 3226
f 3240 3241 3226
f 3226 3241 3236
f 3236 3242 3227
f 3227 3242 3228
f 3242 3237 3228
f 3237 3243 3229
f 3229 3243 3238
f 3230 3238 3231
f 3238 3244 3231
f 3231 3244 3218
f 3218 3244 3232
f 3244 3245 3232
f 3232 3245 3233
f 3233 3245 3239
f 3245 3246 3239
f 3239 3246 3234
f 3246 3247 3234
f 3234 3247 3223
f 3223 3247 3235
f 3247 3157 3235
f 3252 3157 3247
f 3236 3241 3242
f 3249 3248 2705
f 2705 3248 2707
f 3248 3250 2707
f 2707 3250 2708
f 3250 3251 2708
f 2708 3251 2709
f 3251 3252 2709
f 2709 3252 2710
f 2775 2774 3243
f 3243 2774 3238
f 2774 2773 3238
f 2773 2772 3238
f 3238 2772 3244
f 2772 2771 3244
f 3244 2771 3245
f 2771 2770 3245
f 3245 2770 3246
f 4432 2640 3253
f 2640 2638 3253
f 3253 2638 4430
f 4430 2638 3254
f 2638 2634 3254
f 2780 2779 2858
f 2858 2779 3240
f 3240 2779 3241
f 2779 2777 3241
f 3241 2777 3242
f 2777 2776 3242
f 3242 2776 3237
f 2776 2775 3237
f 3237 2775 3243
f 2770 2769 3246
f 2769 2768 3246
f 3246 2768 3247
f 2768 2767 3247
f 2767 2710 3247
f 3247 2710 3252
f 3249 2705 3255
f 2705 2651 3255
f 2651 2650 3255
f 3255 2650 3256
f 3256 2650 3257
f 2650 2648 3257
f 2648 2647 3257
f 3257 2647 3258
f 3258 2647 3259
f 2647 2646 3259
f 2646 2645 3259
f 3259 2645 3260
f 2645 2644 3260
f 3260 2644 3261
f 2644 2643 3261
f 3261 2643 4434
f 2643 2641 4434
f 4434 2641 4433
f 4433 2641 4432
f 2641 2640 4432
f 3264 3265 3275
f 3265 3266 3275
f 3266 3267 3275
f 3267 3268 3276
f 3268 3269 3276
f 3276 3269 3277
f 3269 3270 3277
f 3277 3270 3271
f 3271 3272 3278
f 3278 3272 3273
f 3273 3274 3279
f 3264 3275 3263
f 3275 3267 3280
f 3280 3267 3276
f 3277 3271 3281
f 3281 3271 3282
f 3271 3278 3282
f 3278 3273 3283
f 3273 3279 3283
f 3263 3275 3262
f 3262 3275 3280
f 3276 3277 3284
f 3277 3281 3284
f 3282 3278 3285
f 3278 3283 3285
f 3285 3283 3286
f 3283 3279 3286
f 3286 3279 3158
f 3279 3159 3158
f 3157 3252 3286
f 3252 3251 3286
f 3286 3251 3285
f 3251 3287 3285
f 3287 3288 3284
f 3288 3248 3280
f 3280 3248 3262
f 3248 3249 3262
f 3160 3159 3279
f 3274 3160 3279
f 3158 3157 3286
f 3285 3287 3282
f 3282 3287 3281
f 3287 3284 3281
f 3284 3288 3276
f 3276 3288 3280
f 3248 3288 3250
f 3288 3287 3250
f 3250 3287 3251
f 3302 3291 3292
f 3298 3297 3299
f 3293 3295 3300
f 3293 3294 3291
f 3304 3160 3305
f 3290 3304 3305
f 3303 3306 3307
f 3290 3305 3289
f 3306 3308 3307
f 3307 3308 3309
f 3265 3303 3266
f 3266 3303 3307
f 3267 3266 3316
f 3266 3307 3316
f 3316 3307 3317
f 3317 3307 3318
f 3307 3309 3318
f 3309 3313 3318
f 3318 3313 3319
f 3319 3313 3320
f 3313 3315 3320
f 3267 3316 3268
f 3317 3318 3321
f 3321 3318 3319
f 3268 3316 3322
f 3316 3317 3322
f 3322 3317 3321
f 3321 3319 3323
f 3323 3319 3324
f 3319 3320 3324
f 3268 3322 3269
f 3322 3321 3325
f 3325 3321 3326
f 3321 3323 3326
f 3269 3322 3327
f 3322 3325 3327
f 3326 3323 3328
f 3323 3324 3328
f 3269 3327 3270
f 3327 3325 3329
f 3325 3326 3329
f 3329 3326 3330
f 3326 3328 3330
f 3270 3327 3271
f 3271 3327 3331
f 3327 3329 3331
f 3330 3328 3332
f 3332 3328 3491
f 3271 3331 3333
f 3331 3329 3334
f 3329 3330 3334
f 3271 3333 3272
f 3333 3331 3334
f 3334 3330 3335
f 3330 3332 3335
f 3272 3333 3336
f 3333 3334 3336
f 3336 3334 3337
f 3337 3334 3335
f 3335 3332 3338
f 3272 3336 3339
f 3339 3336 3337
f 3337 3335 3340
f 3335 3338 3340
f 3272 3339 3273
f 3339 3337 3341
f 3341 3337 3342
f 3337 3340 3342
f 3340 3338 3343
f 3343 3338 3531
f 3273 3339 3344
f 3344 3339 3341
f 3273 3344 3274
f 3344 3341 3345
f 3341 3342 3345
f 3345 3342 3346
f 3342 3340 3346
f 3346 3340 3347
f 3340 3343 3347
f 3343 3531 3347
f 3274 3344 3305
f 3344 3345 3305
f 3274 3305 3160
f 3305 3345 3289
f 3289 3345 3310
f 3345 3346 3310
f 3310 3346 3311
f 3346 3347 3311
f 3311 3347 3312
f 3312 3347 3314
f 3347 3557 3314
f 3349 3351 3352
f 3351 3354 3352
f 3352 3354 3355
f 3354 3357 3355
f 3358 3359 3356
f 3360 3358 3555
f 3379 3381 3383
f 3384 3385 3383
f 3387 3385 3384
f 3544 3389 3387
f 3547 3390 3544
f 3390 3389 3544
f 3392 3393 3391
f 3547 3394 3390
f 3397 3398 3395
f 3406 3409 3405
f 3409 3410 3405
f 3405 3410 3402
f 3402 3410 3401
f 3391 3411 3392
f 3392 3411 3388
f 3388 3412 3386
f 3386 3413 3382
f 3413 3414 3382
f 3382 3414 3380
f 3414 3415 3380
f 3380 3415 3378
f 3415 3416 3378
f 3378 3416 3375
f 3416 3417 3375
f 3417 3372 3375
f 3372 3426 3371
f 3426 3418 3371
f 3371 3418 3368
f 3368 3418 3367
f 3418 3419 3367
f 3367 3419 3364
f 3362 3420 3361
f 3361 3420 3357
f 3352 3421 3349
f 3302 3301 3408
f 3408 3301 3406
f 3301 3409 3406
f 3401 3422 3398
f 3422 3423 3398
f 3398 3423 3395
f 3423 3424 3395
f 3395 3424 3393
f 3424 3391 3393
f 3411 3425 3388
f 3425 3412 3388
f 3412 3413 3386
f 3417 3426 3372
f 3419 3441 3364
f 3364 3441 3362
f 3441 3420 3362
f 3420 3427 3357
f 3357 3427 3355
f 3427 3428 3355
f 3428 3429 3355
f 3355 3429 3352
f 3429 3421 3352
f 3421 3320 3349
f 3349 3320 3315
f 3409 3430 3410
f 3430 3431 3410
f 3410 3431 3401
f 3401 3431 3422
f 3424 3432 3391
f 3391 3432 3411
f 3432 3425 3411
f 3412 3433 3413
f 3433 3434 3413
f 3413 3434 3414
f 3434 3435 3414
f 3435 3415 3414
f 3415 3436 3416
f 3436 3437 3416
f 3416 3437 3417
f 3437 3438 3417
f 3426 3439 3418
f 3439 3440 3418
f 3418 3440 3419
f 3440 3441 3419
f 3429 3442 3421
f 3442 3320 3421
f 3302 3292 3301
f 3292 3443 3301
f 3301 3443 3409
f 3443 3430 3409
f 3422 3444 3423
f 3444 3424 3423
f 3425 3445 3412
f 3445 3433 3412
f 3435 3436 3415
f 3438 3446 3417
f 3417 3446 3426
f 3440 3447 3441
f 3447 3448 3441
f 3441 3448 3420
f 3448 3449 3420
f 3420 3449 3427
f 3449 3428 3427
f 3429 3450 3442
f 3442 3451 3320
f 3451 3324 3320
f 3432 3452 3425
f 3452 3445 3425
f 3445 3453 3433
f 3453 3434 3433
f 3446 3439 3426
f 3439 3454 3440
f 3454 3447 3440
f 3449 3455 3428
f 3455 3456 3428
f 3428 3456 3429
f 3456 3450 3429
f 3450 3451 3442
f 3443 3457 3430
f 3457 3458 3430
f 3430 3458 3431
f 3458 3459 3431
f 3431 3459 3422
f 3459 3444 3422
f 3444 3460 3424
f 3424 3460 3432
f 3452 3453 3445
f 3434 3461 3435
f 3435 3461 3436
f 3461 3462 3436
f 3436 3462 3437
f 3462 3463 3437
f 3437 3463 3438
f 3463 3446 3438
f 3446 3464 3439
f 3464 3454 3439
f 3454 3465 3447
f 3465 3448 3447
f 3448 3466 3449
f 3467 3451 3450
f 3451 3477 3324
f 3477 3328 3324
f 3291 3468 3292
f 3468 3469 3292
f 3292 3469 3443
f 3443 3469 3457
f 3460 3481 3432
f 3481 3470 3432
f 3432 3470 3452
f 3453 3471 3434
f 3471 3461 3434
f 3446 3463 3464
f 3464 3472 3454
f 3454 3472 3465
f 3465 3473 3448
f 3473 3466 3448
f 3466 3474 3449
f 3449 3474 3455
f 3474 3475 3455
f 3455 3475 3456
f 3456 3475 3450
f 3475 3476 3450
f 3450 3476 3467
f 3467 3477 3451
f 3469 3478 3457
f 3457 3478 3458
f 3478 3479 3458
f 3458 3479 3459
f 3459 3480 3444
f 3444 3480 3460
f 3480 3481 3460
f 3470 3482 3452
f 3452 3482 3453
f 3482 3483 3453
f 3453 3483 3471
f 3471 3484 3461
f 3461 3484 3462
f 3462 3485 3463
f 3463 3486 3464
f 3486 3487 3464
f 3464 3487 3472
f 3472 3494 3465
f 3494 3473 3465
f 3473 3488 3466
f 3488 3474 3466
f 3474 3489 3475
f 3476 3490 3467
f 3467 3490 3477
f 3490 3491 3477
f 3477 3491 3328
f 3291 3294 3468
f 3294 3492 3468
f 3468 3492 3469
f 3479 3480 3459
f 3481 3493 3470
f 3484 3485 3462
f 3485 3502 3463
f 3463 3502 3486
f 3487 3494 3472
f 3488 3507 3474
f 3507 3489 3474
f 3489 3495 3475
f 3475 3495 3476
f 3469 3492 3478
f 3480 3515 3481
f 3515 3496 3481
f 3496 3493 3481
f 3493 3497 3470
f 3470 3497 3482
f 3497 3498 3482
f 3482 3498 3483
f 3483 3499 3471
f 3499 3500 3471
f 3471 3500 3484
f 3500 3501 3484
f 3484 3501 3485
f 3502 3503 3486
f 3503 3504 3486
f 3486 3504 3487
f 3487 3504 3494
f 3504 3505 3494
f 3494 3505 3473
f 3505 3506 3473
f 3473 3506 3488
f 3506 3507 3488
f 3507 3508 3489
f 3508 3495 3489
f 3495 3509 3476
f 3509 3510 3476
f 3476 3510 3490
f 3490 3510 3491
f 3510 3511 3491
f 3511 3332 3491
f 3294 3300 3492
f 3492 3512 3478
f 3512 3513 3478
f 3478 3513 3479
f 3479 3514 3480
f 3514 3515 3480
f 3501 3516 3485
f 3485 3516 3502
f 3516 3517 3502
f 3517 3503 3502
f 3508 3518 3495
f 3518 3509 3495
f 3511 3338 3332
f 3293 3300 3294
f 3300 3519 3492
f 3519 3512 3492
f 3513 3514 3479
f 3520 3515 3514
f 3493 3533 3497
f 3533 3521 3497
f 3497 3521 3498
f 3521 3522 3498
f 3498 3522 3483
f 3483 3522 3499
f 3499 3523 3500
f 3500 3523 3501
f 3523 3524 3501
f 3524 3516 3501
f 3504 3525 3505
f 3525 3526 3505
f 3505 3526 3506
f 3526 3527 3506
f 3506 3527 3507
f 3527 3528 3507
f 3507 3528 3508
f 3509 3529 3510
f 3529 3530 3510
f 3530 3531 3510
f 3510 3531 3511
f 3511 3531 3338
f 3295 3296 3300
f 3296 3519 3300
f 3512 3541 3513
f 3541 3532 3513
f 3513 3532 3514
f 3532 3520 3514
f 3496 3533 3493
f 3521 3534 3522
f 3522 3535 3499
f 3535 3523 3499
f 3516 3536 3517
f 3517 3536 3503
f 3503 3537 3504
f 3537 3525 3504
f 3528 3538 3508
f 3508 3538 3518
f 3538 3539 3518
f 3518 3539 3509
f 3539 3540 3509
f 3540 3529 3509
f 3519 3541 3512
f 3520 3542 3515
f 3515 3542 3496
f 3542 3543 3496
f 3496 3543 3533
f 3533 3544 3521
f 3544 3534 3521
f 3534 3535 3522
f 3535 3549 3523
f 3549 3381 3523
f 3523 3381 3524
f 3381 3545 3524
f 3545 3516 3524
f 3536 3546 3503
f 3546 3537 3503
f 3540 3530 3529
f 3295 3299 3296
f 3299 3297 3296
f 3403 3532 3541
f 3532 3399 3520
f 3399 3542 3520
f 3543 3547 3533
f 3547 3544 3533
f 3544 3548 3534
f 3548 3535 3534
f 3516 3545 3536
f 3545 3550 3536
f 3550 3546 3536
f 3546 3551 3537
f 3551 3552 3537
f 3537 3552 3525
f 3552 3553 3525
f 3525 3553 3526
f 3526 3553 3527
f 3553 3554 3527
f 3527 3554 3528
f 3554 3555 3528
f 3528 3555 3538
f 3555 3539 3538
f 3540 3556 3530
f 3530 3556 3531
f 3556 3557 3531
f 3557 3347 3531
f 3297 3404 3296
f 3296 3404 3519
f 3404 3403 3519
f 3519 3403 3541
f 3403 3400 3532
f 3400 3399 3532
f 3542 3394 3543
f 3394 3547 3543
f 3548 3384 3535
f 3535 3384 3549
f 3550 3373 3546
f 3373 3551 3546
f 3555 3356 3539
f 3539 3356 3540
f 3356 3353 3540
f 3353 3556 3540
f 3298 3407 3297
f 3297 3407 3404
f 3399 3396 3542
f 3396 3394 3542
f 3544 3387 3548
f 3387 3384 3548
f 3384 3383 3549
f 3549 3383 3381
f 3381 3379 3545
f 3379 3377 3545
f 3377 3376 3545
f 3545 3376 3550
f 3376 3374 3550
f 3550 3374 3373
f 3373 3370 3551
f 3370 3369 3551
f 3551 3369 3552
f 3369 3366 3552
f 3552 3366 3553
f 3366 3365 3553
f 3365 3363 3553
f 3553 3363 3554
f 3363 3360 3554
f 3554 3360 3555
f 3358 3356 3555
f 3353 3350 3556
f 3350 3348 3556
f 3556 3348 3557
f 3348 3314 3557
f 3561 3562 4231
f 3298 3859 3861
f 3583 3584 4228
f 3866 3404 3407
f 3399 3400 4219
f 3396 3399 4218
f 4218 3399 4219
f 3394 3396 4218
f 3390 3394 4217
f 4212 3379 4213
f 4212 3377 3379
f 3377 4211 3376
f 4211 3374 3376
f 3373 3374 4210
f 3370 3373 4210
f 4207 3360 3363
f 3358 3360 4207
f 3304 3161 3160
f 3168 3156 3588
f 3176 3175 3589
f 3587 3181 3590
f 2981 3595 2982
f 2986 3596 2987
f 3037 2989 3597
f 3598 3037 3597
f 3038 3037 3598
f 3812 3122 3041
f 3122 3599 3125
f 3599 3121 3125
f 3599 3801 3121
f 3121 3801 3120
f 3116 3131 3600
f 3134 4352 3115
f 3139 3115 4352
f 3141 3139 3558
f 3601 3602 3786
f 3786 3602 3558
f 3558 3602 3141
f 3607 3606 3605
f 3606 3604 3605
f 3585 3608 3586
f 3611 3609 3610
f 3584 3611 3612
f 4227 5870 3581
f 3579 3613 4224
f 3614 983 984
f 982 983 3614
f 3615 981 982
f 3615 980 981
f 978 979 3616
f 3616 977 978
f 3617 975 976
f 974 975 3617
f 972 974 3618
f 3620 966 967
f 965 966 3620
f 957 3578 956
f 955 956 3578
f 3622 948 949
f 947 948 3622
f 3623 945 946
f 944 945 3623
f 925 944 3169
f 3169 943 925
f 3168 942 943
f 3168 943 3169
f 940 941 3588
f 939 940 3588
f 938 939 3588
f 935 936 3624
f 3624 936 937
f 3625 935 3624
f 934 3625 933
f 931 932 3626
f 930 931 3627
f 929 930 3627
f 3577 926 927
f 3040 3039 3628
f 3039 3598 3628
f 3039 3038 3598
f 2989 2988 3597
f 2987 3596 2988
f 3596 3597 2988
f 3597 3814 3598
f 3598 3814 3628
f 3814 3597 3629
f 3636 3634 3635
f 2984 3642 2985
f 3642 3643 2985
f 2985 3643 2986
f 3643 3596 2986
f 3596 3644 3597
f 3644 3629 3597
f 3642 2984 3645
f 2984 2983 3645
f 2982 3595 2983
f 3595 3645 2983
f 3643 3646 3596
f 3646 3647 3596
f 3647 3644 3596
f 3630 3629 3648
f 3629 3644 3648
f 3646 3643 3642
f 3147 2981 3148
f 3645 3649 3642
f 3649 3646 3642
f 3650 3651 3595
f 3595 3651 3645
f 3651 3652 3645
f 3645 3652 3649
f 3646 3653 3647
f 3648 3644 3653
f 3644 3647 3653
f 3650 3595 3594
f 3595 2981 3594
f 2981 3147 3594
f 3147 3146 3594
f 3630 3648 3632
f 3653 3646 3649
f 3650 3594 3655
f 3655 3594 3656
f 3594 3146 3191
f 3191 3656 3594
f 3649 3662 3653
f 3653 3654 3648
f 3654 3632 3648
f 3632 3631 3630
f 3191 3190 3656
f 3190 3657 3656
f 3655 3658 3650
f 3658 3659 3650
f 3650 3659 3651
f 3659 3660 3651
f 3660 3661 3652
f 3654 3664 3632
f 3664 3633 3632
f 3632 3633 3631
f 3654 3653 3663
f 3653 3662 3663
f 3662 3649 3661
f 3649 3652 3661
f 3652 3651 3660
f 3662 3661 3665
f 3658 3655 3657
f 3655 3656 3657
f 3189 3657 3190
f 3660 3666 3661
f 3666 3665 3661
f 3665 3663 3662
f 3663 3667 3654
f 3667 3668 3654
f 3668 3664 3654
f 3633 3664 3635
f 3665 3666 3669
f 3660 3659 3666
f 3659 3658 3670
f 3670 3658 3657
f 3189 3671 3657
f 3670 3672 3659
f 3672 3666 3659
f 3669 3673 3665
f 3665 3673 3663
f 3673 3667 3663
f 3668 3635 3664
f 3668 3667 3674
f 3674 3667 3673
f 3673 3669 3677
f 3670 3657 3675
f 3657 3671 3675
f 3671 3189 3593
f 3593 3189 3188
f 3593 3676 3671
f 3676 3675 3671
f 3672 3679 3666
f 3679 3669 3666
f 3677 3680 3673
f 3668 3637 3635
f 3637 3636 3635
f 3593 3681 3676
f 3675 3684 3670
f 3684 3678 3670
f 3689 3674 3680
f 3637 3668 3674
f 3674 3673 3680
f 3669 3679 3677
f 3679 3672 3678
f 3672 3670 3678
f 3188 3187 3593
f 3186 3681 3187
f 3682 3683 3681
f 3681 3683 3676
f 3683 3684 3676
f 3684 3685 3678
f 3678 3685 3679
f 3685 3686 3679
f 3686 3687 3679
f 3688 3689 3680
f 3691 3638 3636
f 3685 3684 3692
f 3681 3186 3682
f 3636 3637 3691
f 3637 3674 3691
f 3691 3674 3690
f 3690 3674 3689
f 3680 3677 3688
f 3688 3677 3687
f 3677 3679 3687
f 3675 3676 3684
f 3593 3187 3681
f 3683 3692 3684
f 3686 3693 3687
f 3693 3688 3687
f 3640 3638 3691
f 3640 3691 3701
f 3691 3690 3701
f 3701 3690 3694
f 3690 3689 3694
f 3694 3689 3695
f 3689 3688 3695
f 3695 3688 3696
f 3696 3688 3693
f 3686 3685 3697
f 3685 3692 3697
f 3692 3683 3698
f 3682 3186 3699
f 3699 3186 3185
f 3184 3699 3185
f 3699 3683 3682
f 3700 3693 3686
f 3184 3592 3699
f 3703 3704 3697
f 3696 3705 3695
f 3694 3706 3701
f 3706 3641 3701
f 3639 3640 3641
f 3641 3640 3701
f 3696 3693 3700
f 3700 3686 3704
f 3704 3686 3697
f 3697 3692 3703
f 3703 3692 3698
f 3698 3683 3702
f 3683 3699 3702
f 3694 3695 3822
f 3822 3695 3705
f 3705 3696 3821
f 3696 3700 3821
f 3702 3699 3707
f 3699 3592 3707
f 3592 3184 3183
f 3183 3591 3592
f 3591 3707 3592
f 3707 3816 3702
f 3816 3817 3702
f 3702 3817 3698
f 3817 3703 3698
f 3627 931 3626
f 4179 3312 3708
f 947 3622 946
f 3622 3623 946
f 950 3622 949
f 944 3623 3169
f 3169 3623 3170
f 3170 3623 3171
f 3709 3627 3626
f 3626 932 933
f 929 3627 928
f 3627 3709 4166
f 934 935 3625
f 933 3625 3626
f 3625 3710 3626
f 3626 3710 3709
f 3710 3712 3709
f 3711 3709 3712
f 3624 937 938
f 3710 3625 3166
f 3166 3625 3624
f 3588 941 3168
f 941 942 3168
f 3162 3711 3163
f 3711 3712 3163
f 3163 3712 3713
f 3712 3710 3713
f 3713 3710 3165
f 3165 3710 3166
f 3166 3624 3167
f 3624 938 3167
f 3167 938 3156
f 938 3588 3156
f 3163 3713 3164
f 3164 3713 3165
f 3714 3709 3715
f 3716 4167 3290
f 3290 4167 3304
f 4167 3161 3304
f 4244 3717 3718
f 4242 3720 3717
f 3719 3720 4242
f 4241 3720 3719
f 4249 3722 4241
f 4241 3722 3720
f 4249 4248 3722
f 3721 3722 4248
f 3721 3723 3722
f 4240 3723 3721
f 3724 3725 3723
f 3724 3723 4240
f 3733 3723 3725
f 3728 4255 3729
f 3729 4257 3730
f 3734 3735 3733
f 3738 3735 3736
f 3736 3735 3734
f 3576 3740 3737
f 3740 3738 3737
f 3737 3738 3736
f 3575 3740 3739
f 3739 3740 3576
f 3839 3574 3741
f 3839 3573 3574
f 3743 3744 3742
f 3744 3745 3742
f 3745 3747 3746
f 3746 3747 3732
f 3732 3747 3731
f 3746 3748 3745
f 3745 3748 3742
f 3748 3749 3742
f 3749 3752 3742
f 3743 3754 3755
f 3833 3758 3757
f 3756 3755 3761
f 3761 3755 3753
f 3753 3755 3754
f 3754 3743 3742
f 3757 3756 3760
f 3760 3756 3761
f 3752 3754 3742
f 3751 3746 3750
f 3746 3732 3750
f 3746 3751 3748
f 3752 3753 3754
f 3753 3759 3761
f 3761 3759 3760
f 3760 3834 3757
f 3757 3834 3833
f 3834 3832 3833
f 3750 4277 3751
f 3751 4276 3748
f 4276 4275 3748
f 3749 4274 3752
f 3752 4285 3753
f 3753 4284 3759
f 4284 4273 3759
f 4272 3834 3760
f 3770 3771 3784
f 3771 3772 3784
f 3774 3775 3786
f 4339 3762 4340
f 3762 3776 4340
f 3776 3777 4341
f 3765 3778 4342
f 3778 3779 4343
f 3781 3780 3782
f 4345 3782 4346
f 3782 3769 4346
f 4346 3769 3783
f 3783 3770 3784
f 4350 3774 3786
f 3762 3763 3776
f 3776 3764 3777
f 3777 3764 3765
f 3765 3766 3778
f 3778 3767 3779
f 3779 3767 3780
f 3780 3768 3782
f 3782 3768 3769
f 3769 3770 3783
f 3784 3772 3785
f 3772 3773 3785
f 3826 3827 3809
f 3809 3827 3787
f 3787 4340 3788
f 3788 3790 3805
f 3805 3790 3791
f 3806 3792 3793
f 3793 4344 3808
f 3797 3799 3798
f 3798 3799 3800
f 3802 3803 3118
f 3118 3803 3131
f 3803 3600 3131
f 3116 3600 3134
f 3809 3787 3810
f 3806 3793 3807
f 3794 3796 3811
f 3811 3796 3797
f 3801 3118 3120
f 3120 3118 3119
f 3787 3788 3804
f 3804 3788 3789
f 3789 3788 3805
f 3791 3792 3806
f 3807 3793 3808
f 3794 3795 3796
f 3800 3801 3599
f 3801 3802 3118
f 3787 3804 3810
f 3805 3791 3634
f 3634 3791 3806
f 3808 3794 3813
f 3813 3794 3811
f 3811 3797 3812
f 3812 3797 3798
f 3804 3789 3636
f 3789 3805 3636
f 3636 3805 3634
f 3806 3807 3631
f 3807 3808 3813
f 3811 3812 3628
f 3812 3798 3122
f 3798 3800 3122
f 3800 3599 3122
f 3825 3809 3639
f 3639 3810 3638
f 3634 3806 3633
f 3633 3806 3631
f 3814 3811 3628
f 3628 3812 3040
f 3809 3810 3639
f 3810 3804 3638
f 3638 3804 3636
f 3814 3813 3811
f 3591 3815 3707
f 3815 3816 3707
f 3818 3819 3704
f 3704 3819 3820
f 3821 3900 3705
f 3900 3822 3705
f 3822 3823 3706
f 3823 3824 3706
f 3824 3902 3825
f 3825 3902 3826
f 3826 3903 3827
f 3903 3904 3827
f 3904 3828 3762
f 3906 3907 3829
f 3907 3830 3829
f 3834 3831 3832
f 3829 3835 3906
f 3835 3762 3906
f 3906 3762 3828
f 3809 3825 3826
f 3825 3641 3824
f 3824 3641 3706
f 3704 3703 3818
f 3703 3817 3818
f 3591 3183 3182
f 3825 3639 3641
f 3640 3639 3638
f 3635 3634 3633
f 3631 3807 3630
f 3630 3807 3629
f 3807 3813 3629
f 3629 3813 3814
f 3040 3812 3041
f 3573 3572 3836
f 3837 3838 3836
f 3837 3836 3840
f 3850 3840 3572
f 3845 3842 3841
f 3840 3836 3572
f 3572 3573 3839
f 3839 3741 3874
f 3849 3850 3569
f 3853 3851 3568
f 3566 3852 3567
f 3847 3869 3856
f 3856 3868 3857
f 3857 3868 3858
f 3858 3855 3857
f 3857 3855 3856
f 3855 3854 3856
f 3856 3854 3847
f 3854 3844 3847
f 3847 3844 3846
f 3846 3844 3845
f 3844 3842 3845
f 3845 3841 3843
f 3843 3841 3838
f 3858 3859 3855
f 3858 3860 3859
f 3860 3861 3859
f 3840 3872 3837
f 3837 3872 3838
f 3838 3872 3843
f 3298 3861 3407
f 3861 3866 3407
f 3863 3868 3869
f 3565 3870 3566
f 3851 3872 3568
f 3568 3872 3849
f 3758 3874 3875
f 3876 3877 3756
f 3743 3878 3879
f 3745 3744 3880
f 3880 3881 3747
f 3747 3881 3731
f 3884 3885 3728
f 3728 3885 3727
f 3885 3886 3727
f 3727 3886 3559
f 3570 3571 3941
f 3571 3848 3941
f 3888 3889 3890
f 3891 3892 4020
f 3566 3567 3565
f 4055 3893 3567
f 3815 3896 3816
f 3896 3911 3817
f 3911 3897 3817
f 3897 3912 3819
f 3819 3898 3820
f 3898 3899 3820
f 3900 3901 3822
f 3822 3901 3823
f 3901 3914 3823
f 3823 3914 3824
f 3914 3902 3824
f 3902 3903 3826
f 3904 3905 3828
f 3905 3906 3828
f 3831 3887 3832
f 3887 3833 3832
f 3910 3925 3896
f 3925 3911 3896
f 3899 3922 3900
f 3900 3922 3901
f 3922 3913 3901
f 3913 3914 3901
f 3914 3915 3902
f 3915 3921 3902
f 3921 3903 3902
f 3905 3917 3906
f 3917 3918 3907
f 3907 3918 3908
f 3887 3831 3919
f 3831 3908 3919
f 3907 3906 3917
f 3905 3904 3916
f 3904 3903 3916
f 3898 3819 3912
f 3896 3815 3910
f 3910 3815 3909
f 3815 3895 3909
f 3895 3587 3590
f 3887 3919 3940
f 3917 3905 3938
f 3905 3920 3938
f 3921 3915 3935
f 3915 3914 3934
f 3914 3913 3934
f 3922 3899 3923
f 3912 3911 3930
f 3930 3911 3925
f 3910 3909 3926
f 3181 3180 3590
f 3180 3927 3590
f 3927 3942 3926
f 3942 3928 3926
f 3926 3928 3910
f 3928 3943 3910
f 3910 3943 3925
f 3943 3929 3925
f 3929 3930 3925
f 3932 3933 3923
f 3923 3933 3922
f 3933 3946 3922
f 3946 3934 3922
f 3935 3936 3921
f 3936 3937 3921
f 3937 3949 3920
f 3939 3951 3917
f 3918 3951 3952
f 3940 3889 3887
f 3889 3941 3848
f 3848 3887 3889
f 3940 3919 3952
f 3919 3918 3952
f 3918 3917 3951
f 3917 3938 3939
f 3920 3916 3937
f 3916 3921 3937
f 3935 3915 3934
f 3934 3913 3922
f 3923 3898 3932
f 3932 3898 3924
f 3924 3912 3931
f 3912 3930 3931
f 3926 3590 3927
f 3833 3887 3848
f 3919 3908 3918
f 3905 3916 3920
f 3916 3903 3921
f 3899 3898 3923
f 3898 3912 3924
f 3897 3911 3912
f 3909 3895 3926
f 3895 3590 3926
f 3944 3931 3930
f 3945 3958 3932
f 3932 3958 3933
f 3935 3948 3936
f 3936 3949 3937
f 3949 3950 3938
f 3952 3890 3940
f 3890 3889 3940
f 3888 3941 3889
f 3941 3569 3570
f 3890 3952 3953
f 3952 3951 3953
f 3953 3951 3972
f 3951 3954 3972
f 3950 3949 3955
f 3949 3936 3955
f 3955 3936 3969
f 3936 3948 3969
f 3956 3946 3968
f 3968 3946 3957
f 3933 3958 3957
f 3945 3931 3959
f 3929 3943 3960
f 3943 3962 3961
f 3962 3942 3964
f 3942 3963 3964
f 3963 3180 3179
f 3941 3888 3569
f 3951 3939 3954
f 3939 3938 3954
f 3938 3950 3954
f 3935 3947 3948
f 3947 3934 3956
f 3934 3946 3956
f 3946 3933 3957
f 3931 3944 3959
f 3944 3929 3960
f 3943 3928 3962
f 3928 3942 3962
f 3942 3927 3963
f 3927 3180 3963
f 3178 3177 3963
f 3177 3975 3963
f 3975 3976 3963
f 3963 3976 3964
f 3965 3966 3961
f 3961 3966 3960
f 3960 3977 3959
f 3979 3967 3945
f 3968 3982 3956
f 3955 3970 3950
f 3972 3998 3953
f 3953 3973 3890
f 3985 3974 3888
f 3888 3974 3569
f 3176 3975 3177
f 3976 3965 3964
f 3965 3987 3966
f 3966 3988 3960
f 3988 3977 3960
f 3979 3980 3967
f 3980 3981 3967
f 3981 3991 3968
f 3968 3991 3982
f 3982 3993 3956
f 3994 3984 3969
f 3996 3971 3970
f 3971 3998 3972
f 3998 3999 3953
f 3999 3973 3953
f 3849 3569 3974
f 3888 3890 3985
f 3985 3890 3973
f 3970 3955 3984
f 3955 3969 3984
f 3969 3948 3983
f 3948 3956 3983
f 3983 3956 3993
f 3968 3957 3981
f 3957 3967 3981
f 3979 3959 3978
f 3959 3977 3978
f 3972 3954 3971
f 3954 3950 3971
f 3971 3950 3970
f 3948 3947 3956
f 3957 3958 3967
f 3958 3945 3967
f 3945 3959 3979
f 3944 3960 3959
f 3960 3943 3961
f 3961 3962 3965
f 3965 3962 3964
f 3963 3179 3178
f 3938 3920 3949
f 3935 3934 3947
f 3932 3924 3945
f 3945 3924 3931
f 3944 3930 3929
f 3176 3589 3975
f 3975 3589 3976
f 3589 3986 3976
f 3986 3987 3965
f 3988 4007 3977
f 3977 4007 3978
f 3990 3981 3980
f 3984 3995 3970
f 3995 3996 3970
f 3998 4000 3999
f 3892 3891 3985
f 3974 4021 3849
f 4021 3568 3849
f 3999 4000 3892
f 4017 3993 4004
f 3990 3989 4016
f 4009 3987 4010
f 4010 3987 4013
f 3986 3589 4012
f 3974 3985 4021
f 4021 3985 3891
f 4000 3998 3997
f 3995 3984 4001
f 4001 3984 4002
f 3984 3994 4002
f 4002 3994 4003
f 3994 3983 4003
f 4003 3983 4017
f 3983 3993 4017
f 3993 3991 4004
f 3991 3992 4004
f 3991 3981 3992
f 3992 3981 4005
f 4005 3981 3990
f 3980 3989 3990
f 3989 3978 4006
f 3978 4007 4006
f 4007 3988 4008
f 4008 3988 4009
f 3988 3987 4009
f 3987 3986 4013
f 4013 4023 4010
f 4008 4014 4007
f 4007 4014 4006
f 4014 4015 4006
f 4006 4015 4016
f 4016 4026 3990
f 4026 4005 3990
f 4005 4027 3992
f 3992 4028 4004
f 4002 4018 4001
f 4018 4031 4001
f 4031 3995 4001
f 4019 4032 3997
f 4000 4033 3892
f 4033 4020 3892
f 4020 4046 3891
f 4046 4021 3891
f 3853 3568 4021
f 3173 4011 3174
f 4011 4034 4012
f 4034 4022 4012
f 4037 4038 4024
f 4038 4025 4014
f 4025 4015 4014
f 4039 4026 4015
f 4049 4028 4027
f 4004 4028 4017
f 4028 4042 4017
f 4042 4029 4017
f 4017 4029 4003
f 4029 4030 4003
f 4044 4032 4019
f 4033 4054 4020
f 4054 4046 4020
f 4046 3853 4021
f 4033 4000 4032
f 4019 3995 4031
f 4018 4002 4030
f 4002 4003 4030
f 3992 4027 4028
f 4027 4005 4026
f 4026 4016 4015
f 4014 4008 4038
f 4038 4008 4024
f 4008 4009 4024
f 4024 4009 4010
f 4023 4013 4022
f 4013 4012 4022
f 4000 3997 4032
f 3997 3996 4019
f 3996 3995 4019
f 3989 4006 4016
f 4013 3986 4012
f 4012 3589 4011
f 4011 3589 3174
f 3589 3175 3174
f 3172 4034 3173
f 4034 4035 4022
f 4035 4023 4022
f 3578 4036 4023
f 4036 4037 4024
f 4026 4039 4040
f 4030 4052 4018
f 4018 4052 4031
f 4052 4043 4031
f 4044 4045 4032
f 4045 4053 4033
f 4055 3853 4046
f 3171 3623 3172
f 3623 3622 3172
f 950 951 4035
f 951 953 4035
f 953 952 4035
f 952 954 4035
f 954 955 4035
f 4035 955 3578
f 3578 959 4036
f 959 3621 4036
f 3621 4037 4036
f 4037 4047 4038
f 4047 4048 4038
f 4038 4048 4025
f 4048 4057 4025
f 4025 4057 4039
f 4058 4040 4039
f 4040 4041 4049
f 4061 4029 4042
f 4051 4030 4029
f 4064 4065 4044
f 4044 4065 4045
f 4065 4053 4045
f 4054 4055 4046
f 4054 4033 4053
f 4042 4028 4050
f 4028 4041 4050
f 4023 4035 3578
f 4035 4034 950
f 950 4034 3622
f 4034 3172 3622
f 960 3621 959
f 4059 4060 4041
f 4061 4068 4051
f 4054 3893 4055
f 3894 4066 4089
f 4065 4064 4088
f 4067 4062 4085
f 4062 4051 4085
f 4051 4068 4085
f 4068 4061 4083
f 4058 4057 4070
f 4057 4071 4070
f 4071 4047 4072
f 4047 4056 4072
f 4056 962 4072
f 4054 3894 3893
f 4064 4063 4087
f 4063 4052 4062
f 4061 4050 4083
f 4059 4058 4069
f 4057 4048 4071
f 4048 4047 4071
f 4056 3621 962
f 962 3621 961
f 961 3621 960
f 3852 3853 3567
f 3853 4055 3567
f 4054 4053 3894
f 3894 4053 4066
f 4053 4065 4066
f 4064 4044 4063
f 4044 4043 4063
f 4043 4052 4063
f 4052 4030 4062
f 4062 4030 4051
f 4051 4029 4061
f 4042 4050 4061
f 4050 4041 4060
f 4041 4040 4059
f 4059 4040 4058
f 4058 4039 4057
f 4047 4037 4056
f 4037 3621 4056
f 959 3578 958
f 3578 957 958
f 4033 4032 4045
f 4044 4019 4043
f 4019 4031 4043
f 4028 4049 4041
f 4049 4027 4040
f 4027 4026 4040
f 4039 4015 4025
f 4024 4010 4036
f 4010 4023 4036
f 4011 3173 4034
f 3985 3973 3892
f 3892 3973 3999
f 3998 3971 3997
f 3997 3971 3996
f 3969 3983 3994
f 3993 3982 3991
f 3980 3979 3989
f 3989 3979 3978
f 3988 3966 3987
f 3965 3976 3986
f 3565 4073 3862
f 4075 4074 3893
f 4077 4076 4148
f 4076 4178 3864
f 4178 3564 3864
f 964 4072 963
f 4071 4079 4070
f 4079 4080 4070
f 4080 4081 4069
f 4081 4092 4069
f 4069 4092 4059
f 4059 4092 4060
f 4092 4082 4060
f 4083 4084 4068
f 4084 4085 4068
f 4088 4090 4065
f 4065 4090 4089
f 4074 4073 3893
f 3893 4073 3567
f 4073 3565 3567
f 4075 4089 4102
f 4102 4089 4090
f 4088 4087 4100
f 4087 4086 4100
f 4100 4086 4106
f 4084 4083 4098
f 4082 4092 4091
f 4081 4080 4093
f 4080 4079 4093
f 4086 4067 4106
f 4067 4085 4106
f 4079 4071 3620
f 4071 4072 3620
f 4072 964 3620
f 3620 964 965
f 968 3619 967
f 967 3619 4094
f 4093 4095 4081
f 4081 4095 4092
f 4095 4096 4092
f 4098 4105 4084
f 4105 4099 4084
f 4102 4110 4075
f 4110 4074 4075
f 4111 4073 4074
f 4112 3862 4073
f 969 970 3619
f 970 971 3619
f 3619 971 4094
f 971 4103 4094
f 4103 4104 4094
f 4114 4096 4095
f 4097 4105 4098
f 4105 4116 4099
f 4117 4106 4099
f 4107 4108 4100
f 4108 4109 4100
f 4109 4118 4101
f 4112 4129 3862
f 4129 3863 3862
f 4073 4111 4112
f 4111 4074 4110
f 4102 4101 4118
f 4100 4106 4107
f 4097 4091 4096
f 4095 4093 4104
f 4093 4094 4104
f 968 969 3619
f 4090 4101 4102
f 4090 4088 4101
f 4101 4088 4109
f 4109 4088 4100
f 4106 4085 4099
f 4099 4085 4084
f 4083 4082 4098
f 4098 4082 4097
f 4097 4082 4091
f 4091 4092 4096
f 4093 4079 4094
f 4079 3620 4094
f 4094 3620 967
f 973 4103 971
f 4113 4104 4103
f 4121 4122 4114
f 4122 4123 4096
f 4096 4123 4097
f 4123 4115 4097
f 4115 4116 4105
f 4117 4125 4107
f 4125 4126 4107
f 4107 4126 4108
f 4108 4127 4109
f 4127 4118 4109
f 4119 4112 4111
f 4113 4120 4104
f 4104 4120 4114
f 4116 4134 4117
f 4134 4124 4117
f 4127 4137 4118
f 4137 4128 4118
f 4128 4138 4111
f 4138 4119 4111
f 4129 3864 3863
f 4129 4112 4119
f 4111 4110 4128
f 4110 4102 4128
f 4102 4118 4128
f 4125 4117 4124
f 4113 4103 3618
f 4103 973 3618
f 3618 973 972
f 3617 4130 3618
f 3618 4130 4113
f 4113 4131 4120
f 4120 4139 4121
f 4139 4132 4121
f 4132 4133 4122
f 4122 4133 4123
f 4123 4133 4115
f 4133 4142 4115
f 4143 4124 4134
f 4136 4137 4127
f 4137 4147 4128
f 4119 4076 4129
f 4076 3864 4129
f 3616 4149 3617
f 3617 4149 4130
f 4139 4140 4132
f 4144 4135 4124
f 4158 4148 4138
f 4148 4076 4119
f 4119 4138 4148
f 4138 4128 4158
f 4128 4147 4158
f 4147 4137 4146
f 4146 4137 4136
f 4136 4126 4145
f 4126 4135 4145
f 4124 4143 4144
f 4134 4142 4143
f 4133 4132 4141
f 4131 4113 4130
f 3617 976 3616
f 3616 976 977
f 4127 4108 4136
f 4108 4126 4136
f 4126 4125 4135
f 4125 4124 4135
f 4134 4116 4142
f 4116 4115 4142
f 4122 4121 4132
f 4121 4114 4120
f 3618 974 3617
f 4107 4106 4117
f 4099 4116 4117
f 4105 4097 4115
f 4122 4096 4114
f 4095 4104 4114
f 3627 4166 928
f 4166 3577 928
f 928 3577 927
f 926 3577 984
f 3577 3614 984
f 3614 3615 982
f 980 3615 3616
f 4150 4151 4139
f 4139 4151 4140
f 4152 4141 4140
f 4133 4153 4142
f 4153 4143 4142
f 4154 4161 4144
f 4157 4158 4147
f 4158 4078 4148
f 4078 4077 4148
f 4158 4157 4159
f 4157 4156 4177
f 4177 4156 4176
f 4156 4160 4176
f 4160 4155 4175
f 4155 4161 4175
f 4150 4163 4172
f 4149 4165 4164
f 4165 3615 4170
f 3615 3614 4169
f 3614 3577 4169
f 4169 3577 4168
f 4168 3577 4166
f 3715 3711 3716
f 4167 3162 3161
f 4078 4158 4159
f 4146 4156 4157
f 4156 4145 4160
f 4145 4155 4160
f 4155 4144 4161
f 4143 4153 4154
f 4133 4141 4153
f 4153 4141 4162
f 4162 4141 4152
f 4152 4140 4151
f 4150 4131 4163
f 4131 4130 4163
f 4163 4130 4164
f 4130 4149 4164
f 4149 3616 4165
f 3616 3615 4165
f 3709 3711 3715
f 3711 3162 4167
f 3290 3289 3716
f 3289 3310 3716
f 3716 4179 3715
f 4169 4170 3615
f 4171 4164 4165
f 4164 4182 4163
f 4182 4172 4163
f 4162 4187 4153
f 4187 4173 4153
f 4173 4174 4154
f 4154 4174 4161
f 4174 4175 4161
f 4177 4200 4157
f 4200 4191 4157
f 4157 4191 4159
f 4159 4192 4078
f 4078 4202 4077
f 4178 4193 3564
f 3714 4180 4168
f 4180 4194 4168
f 4168 4194 4169
f 4171 4206 4164
f 4164 4206 4182
f 4187 4198 4173
f 4198 4188 4173
f 4173 4188 4174
f 4174 4199 4175
f 4199 4189 4175
f 4189 4190 4176
f 4176 4190 4177
f 4192 4201 4078
f 4201 4202 4078
f 4179 3714 3715
f 4170 4181 4165
f 4181 4171 4165
f 4182 4183 4172
f 4172 4183 4151
f 4183 4184 4151
f 4184 4185 4151
f 4151 4185 4152
f 4185 4186 4152
f 4152 4186 4162
f 4186 4187 4162
f 4175 4189 4160
f 4189 4176 4160
f 4191 4192 4159
f 4178 4076 4202
f 4076 4077 4202
f 4154 4153 4173
f 4151 4150 4172
f 4168 4166 3714
f 4166 3709 3714
f 3711 4167 3716
f 4217 4216 3390
f 3390 4216 3389
f 3389 4215 3387
f 4215 3385 3387
f 3383 4213 3379
f 3310 3311 3716
f 3311 4179 3716
f 4179 3708 4180
f 3708 4194 4180
f 4181 4205 4171
f 4205 4206 4171
f 4206 4195 4182
f 4188 4212 4174
f 4212 4199 4174
f 4214 4190 4189
f 4200 4216 4191
f 4203 4204 4194
f 4204 4205 4181
f 4207 4208 4196
f 4196 4208 4183
f 4197 4209 4185
f 4209 4210 4186
f 4213 4214 4199
f 3385 4190 4214
f 4190 4215 4200
f 4215 4216 4200
f 3311 3312 4179
f 3708 4203 4194
f 4194 4204 4181
f 4195 4207 4182
f 4182 4207 4196
f 4183 4208 4184
f 4208 4197 4184
f 4185 4209 4186
f 4186 4210 4187
f 4187 4210 4198
f 4198 4211 4188
f 4211 4212 4188
f 4212 4213 4199
f 4199 4214 4189
f 4191 4216 4192
f 4216 4217 4192
f 4217 4201 4192
f 4201 4218 4202
f 4218 4219 4202
f 4219 3865 4193
f 3312 3314 3708
f 3708 3314 4203
f 3314 3348 4203
f 3348 3350 4203
f 4203 3350 4204
f 3350 3353 4204
f 4204 3353 4205
f 3353 3356 4205
f 3356 3359 4205
f 4205 3359 4206
f 4206 3359 4195
f 3359 3358 4195
f 4195 3358 4207
f 4207 3363 4208
f 3363 3365 4208
f 3365 3366 4208
f 3366 3369 4209
f 3369 3370 4209
f 4209 3370 4210
f 4213 3383 4214
f 3383 3385 4214
f 4215 3389 4216
f 3400 3403 4219
f 4219 3403 3865
f 4208 3366 4197
f 3366 4209 4197
f 4210 3374 4198
f 3374 4211 4198
f 4211 3377 4212
f 3385 4215 4190
f 4217 3394 4201
f 3394 4218 4201
f 4179 4180 3714
f 4169 4194 4170
f 4194 4181 4170
f 4182 4196 4183
f 4184 4197 4185
f 4190 4200 4177
f 4202 4219 4178
f 4219 4193 4178
f 4147 4146 4157
f 4146 4136 4156
f 4136 4145 4156
f 4145 4135 4155
f 4135 4144 4155
f 4144 4143 4154
f 4141 4132 4140
f 4139 4120 4150
f 4120 4131 4150
f 979 980 3616
f 3893 3894 4075
f 3894 4089 4075
f 4089 4066 4065
f 4088 4064 4087
f 4087 4063 4086
f 4063 4062 4086
f 4086 4062 4067
f 4083 4050 4082
f 4050 4060 4082
f 4069 4058 4080
f 4058 4070 4080
f 4072 962 963
f 3571 3758 3848
f 3758 3833 3848
f 3831 3830 3908
f 3830 3907 3908
f 3900 3821 3899
f 3821 3820 3899
f 3819 3818 3897
f 3818 3817 3897
f 3817 3816 3896
f 3815 3591 3895
f 3895 3591 3587
f 3591 3182 3587
f 4221 4224 3613
f 4221 3613 3580
f 3563 4220 4222
f 4223 4222 4224
f 4222 4220 4224
f 4224 4220 3579
f 4220 5787 3579
f 3581 4267 4229
f 4227 4233 4251
f 4227 4229 4252
f 3560 4233 4252
f 4223 3562 3563
f 4238 3562 4223
f 4234 4233 4232
f 4226 4234 4232
f 4234 4226 4225
f 3718 4236 4244
f 4244 4236 4235
f 4235 4236 4231
f 4231 4236 3561
f 4236 3718 3561
f 3580 4225 4221
f 4225 4226 4221
f 4221 4226 4238
f 4232 4233 4239
f 3734 3733 4246
f 4242 3717 4243
f 4237 4231 4238
f 4231 3562 4238
f 4247 4240 3880
f 3881 4248 4249
f 3882 4249 4250
f 4249 4241 4250
f 4250 4242 3884
f 3885 4242 4243
f 3559 4245 4239
f 4239 4237 4232
f 4232 4237 4238
f 4238 4223 4224
f 3739 3576 3876
f 3876 3576 3737
f 3736 3734 3878
f 3878 3734 4246
f 4246 3725 4247
f 3725 3724 4247
f 4247 3724 4240
f 4240 3721 4248
f 4241 3719 4250
f 4250 3719 4242
f 4243 4244 4245
f 4245 4235 4239
f 4235 4237 4239
f 4223 3563 4222
f 3574 3575 3741
f 3741 3575 3739
f 4246 3733 3725
f 4243 3717 4244
f 4245 4244 4235
f 4235 4231 4237
f 4234 4225 4251
f 4251 4225 3580
f 4261 4253 4252
f 4233 3560 4239
f 4232 4238 4226
f 4238 4224 4221
f 3403 3404 3865
f 3404 3866 3865
f 3865 3866 3564
f 3870 3846 3566
f 3566 3846 3852
f 3852 3846 3871
f 3846 3845 3871
f 3849 3872 3850
f 3873 3839 3571
f 3571 3839 3874
f 3879 4246 3744
f 3731 3881 3882
f 3882 4250 3883
f 4250 3884 3883
f 4253 3559 3560
f 3560 4252 4253
f 3559 4253 3726
f 4260 3726 4253
f 3580 5870 4251
f 4251 4233 4234
f 3560 3559 4239
f 3865 3564 4193
f 3564 3867 3864
f 3867 3868 3864
f 3864 3868 3863
f 3863 3869 3862
f 3869 3870 3862
f 3862 3870 3565
f 3852 3871 3853
f 3871 3851 3853
f 3569 3850 3570
f 3850 3873 3570
f 3570 3873 3571
f 3571 3874 3758
f 3758 3875 3757
f 3875 3876 3757
f 3757 3876 3756
f 3756 3877 3755
f 3877 3878 3755
f 3755 3878 3743
f 3743 3879 3744
f 3745 3880 3747
f 3731 3882 3730
f 3882 3883 3730
f 3730 3883 3729
f 3883 3884 3729
f 3729 3884 3728
f 3727 3559 3726
f 4258 3729 4255
f 3727 3726 4256
f 4260 4253 4261
f 3750 3732 4262
f 3732 4254 4262
f 4264 4257 4258
f 4259 4258 4255
f 4259 4255 4265
f 4255 4256 4265
f 4256 4260 4265
f 4265 4260 4266
f 4261 4252 4230
f 4230 4252 4229
f 4254 3730 4263
f 4263 3730 4257
f 4257 3729 4258
f 4256 3726 4260
f 4266 4260 4270
f 4260 4261 4270
f 4230 4229 4267
f 4267 3581 3582
f 4281 4259 4265
f 4261 4230 4283
f 4283 4230 4228
f 4230 4267 4228
f 4228 4267 3583
f 4262 4263 4268
f 4258 4259 4280
f 4269 4265 4266
f 4267 3582 3583
f 4262 4254 4263
f 4263 4257 4264
f 3581 4229 4227
f 5870 4227 4251
f 4233 4227 4252
f 3727 4256 3728
f 3728 4256 4255
f 3730 4254 3731
f 4254 3732 3731
f 3866 3861 3564
f 3861 3860 3564
f 3860 3858 3564
f 3564 3858 3867
f 3867 3858 3868
f 3868 3856 3869
f 3869 3847 3870
f 3847 3846 3870
f 3871 3845 3851
f 3845 3843 3851
f 3851 3843 3872
f 3872 3840 3850
f 3850 3572 3873
f 3572 3839 3873
f 3874 3741 3875
f 3741 3739 3875
f 3875 3739 3876
f 3876 3737 3877
f 3877 3737 3878
f 3737 3736 3878
f 3878 4246 3879
f 4246 4247 3744
f 3744 4247 3880
f 3880 4240 3881
f 4240 4248 3881
f 3881 4249 3882
f 3884 4242 3885
f 3885 4243 3886
f 4243 4245 3886
f 3886 4245 3559
f 3609 3585 4271
f 3586 3607 3585
f 3585 3607 3605
f 4269 4270 4287
f 3831 3834 4288
f 4288 3834 4272
f 4288 4272 4289
f 4272 4273 4289
f 4289 4273 4290
f 4285 4274 4299
f 4299 4274 4286
f 4276 4277 4302
f 4302 4277 4292
f 4277 4278 4292
f 4278 4279 4293
f 4293 4279 4294
f 4279 4280 4294
f 4294 4280 4295
f 4280 4281 4295
f 4281 4269 4296
f 4296 4269 4287
f 4287 4270 4282
f 4274 3748 4286
f 4286 3748 4275
f 4278 4268 4279
f 4284 4285 4291
f 4291 4285 4299
f 4286 4275 4301
f 4275 4276 4301
f 4301 4276 4302
f 4292 4278 4293
f 4304 4294 4295
f 4295 4281 4296
f 4296 4287 4297
f 4287 4282 4298
f 4298 4282 3612
f 3830 4288 4308
f 4308 4289 4309
f 4289 4290 4309
f 4290 4291 4310
f 4313 4301 4302
f 4302 4292 4314
f 4314 4292 4315
f 4315 4292 4303
f 4292 4293 4303
f 4305 4296 4306
f 3830 3831 4288
f 4288 4289 4308
f 4300 4299 4286
f 4300 4286 4301
f 4303 4293 4294
f 4305 4295 4296
f 4306 4296 4297
f 4297 4287 4307
f 4287 4298 4307
f 4290 4273 4291
f 4273 4284 4291
f 4309 4290 4318
f 4318 4290 4310
f 4312 4301 4319
f 4319 4301 4313
f 4321 4314 4315
f 4322 4304 4305
f 4304 4295 4305
f 4305 4306 4323
f 4306 4297 4324
f 3829 4308 3835
f 3835 4308 4325
f 4325 4309 4317
f 4317 4309 4318
f 4318 4310 4326
f 4326 4310 4311
f 4319 4313 4320
f 4320 4314 4321
f 4321 4315 4330
f 4322 4305 4323
f 4324 4297 4307
f 3829 3830 4308
f 4325 4308 4309
f 4320 4313 4314
f 4315 4303 4330
f 4330 4303 4316
f 4316 4304 4322
f 4323 4306 4324
f 4307 4298 3610
f 4327 4312 3766
f 3766 4312 4328
f 4319 4320 4337
f 4320 4321 4329
f 4329 4321 4330
f 4331 4316 4332
f 4332 4322 4333
f 4333 4322 4334
f 4334 4323 3775
f 3775 4323 4335
f 4335 4324 4271
f 3763 4317 3764
f 3764 4326 4336
f 4336 4327 3766
f 3766 4328 3767
f 3767 4319 4337
f 4337 4320 3768
f 3769 4330 3770
f 3770 4330 4331
f 4338 4335 3605
f 4335 4271 3605
f 3605 4271 3585
f 3835 4325 3763
f 3763 4325 4317
f 4317 4318 3764
f 3764 4318 4326
f 3767 4328 4319
f 3768 4320 4329
f 4329 4330 3769
f 3771 4331 3772
f 4331 4332 3772
f 3772 4332 4333
f 3775 4335 4338
f 4326 4311 4336
f 4336 4311 4327
f 4311 4312 4327
f 4328 4312 4319
f 4330 4316 4331
f 4316 4322 4332
f 4322 4323 4334
f 4323 4324 4335
f 4324 4307 4271
f 4307 3610 4271
f 4310 4291 4311
f 4291 4299 4311
f 4299 4300 4311
f 4311 4300 4312
f 4312 4300 4301
f 4313 4302 4314
f 4303 4294 4316
f 4294 4304 4316
f 3601 3786 3603
f 3604 3603 3605
f 4338 3786 3775
f 3786 4338 3603
f 3603 4338 3605
f 4341 3777 3788
f 4342 3778 3792
f 3792 3778 4343
f 4343 3779 4344
f 3783 3784 4347
f 4347 3784 4348
f 4350 3786 4351
f 4351 3786 3558
f 4340 4341 3788
f 3790 4342 3792
f 3792 4343 3793
f 4343 4344 3793
f 4344 3781 3794
f 3794 3781 3795
f 3795 4345 3796
f 3796 4345 4346
f 4351 4352 3134
f 4339 4340 3827
f 3788 3777 3790
f 3790 3777 4342
f 3781 4345 3795
f 4346 3783 3799
f 3799 3783 4347
f 4348 3785 3802
f 3785 4349 3802
f 3802 4349 3803
f 4349 4350 3803
f 3803 4350 4351
f 4351 3558 4352
f 4352 3558 3139
f 4340 3776 4341
f 3777 3765 4342
f 3779 3780 4344
f 4344 3780 3781
f 3781 3782 4345
f 4348 3784 3785
f 3785 3773 4349
f 4349 3773 4350
f 3773 3774 4350
f 3827 4340 3787
f 3790 3792 3791
f 3808 4344 3794
f 3796 4346 3797
f 3797 4346 3799
f 3799 4347 3800
f 3800 4347 3801
f 4347 4348 3801
f 3801 4348 3802
f 3803 4351 3600
f 4351 3134 3600
f 3835 3763 3762
f 3776 3763 3764
f 3764 4336 3765
f 3765 4336 3766
f 3778 3766 3767
f 3767 4337 3780
f 3780 4337 3768
f 3768 4329 3769
f 3770 4331 3771
f 3772 4333 3773
f 4333 4334 3773
f 3773 4334 3774
f 3774 4334 3775
f 4271 3610 3609
f 3610 4298 3611
f 4298 3612 3611
f 3612 4282 3584
f 3584 4282 4228
f 4282 4283 4228
f 4283 4282 4261
f 4261 4282 4270
f 4270 4269 4266
f 4269 4281 4265
f 4281 4280 4259
f 4280 4279 4258
f 4258 4279 4264
f 4264 4279 4263
f 4263 4279 4268
f 4268 4278 4262
f 4262 4278 3750
f 4278 4277 3750
f 4277 4276 3751
f 3748 4274 3749
f 4274 4285 3752
f 3753 4285 4284
f 3759 4273 3760
f 4273 4272 3760
f 3762 4339 3904
f 4339 3827 3904
f 3706 3694 3822
f 3821 3700 3820
f 3820 3700 3704
f 4387 4464 4388
f 4464 4356 4388
f 4388 4356 4389
f 4356 4357 4389
f 4389 4357 4390
f 4357 4358 4390
f 4358 4359 4390
f 4390 4359 4391
f 4359 4360 4391
f 4360 4361 4391
f 4391 4361 4392
f 4361 4362 4392
f 4392 4362 4393
f 4362 4363 4393
f 4393 4363 4364
f 4364 4365 4394
f 4365 4366 4394
f 4394 4366 4395
f 4366 4367 4395
f 4367 4368 4395
f 4395 4368 4396
f 4368 4369 4396
f 4369 4370 4396
f 4371 4372 4373
f 4373 4374 4397
f 4374 4375 4397
f 4397 4375 4376
f 4376 4771 4398
f 4771 4377 4398
f 4398 4377 4399
f 4377 4378 4399
f 4399 4378 4400
f 4378 4355 4400
f 4355 4354 4400
f 4400 4354 4379
f 4380 4381 4401
f 4381 4382 4401
f 4382 4383 4401
f 4401 4383 4402
f 4383 4384 4402
f 4402 4384 4403
f 4384 4385 4403
f 4403 4385 4404
f 4385 4386 4404
f 4393 4364 4394
f 4396 4370 4405
f 4370 4371 4405
f 4405 4371 4406
f 4371 4373 4406
f 4406 4373 4397
f 4397 4376 4398
f 4400 4379 4407
f 4379 4380 4407
f 4407 4380 4408
f 4380 4401 4408
f 4404 4386 4409
f 4410 4387 4411
f 4387 4388 4411
f 4388 4389 4411
f 4411 4389 4412
f 4389 4390 4412
f 4412 4390 4413
f 4390 4391 4413
f 4413 4391 4414
f 4391 4392 4414
f 4414 4392 4415
f 4392 4393 4415
f 4415 4393 4416
f 4393 4394 4416
f 4416 4394 4417
f 4394 4395 4417
f 4417 4395 4396
f 4406 4397 4418
f 4418 4397 4419
f 4397 4398 4419
f 4419 4398 4399
f 4408 4401 4420
f 4401 4402 4420
f 4404 4409 4421
f 4417 4396 4422
f 4396 4405 4422
f 4422 4405 4423
f 4405 4406 4423
f 4423 4406 4424
f 4424 4406 4418
f 4419 4399 4425
f 4425 4399 4426
f 4399 4400 4426
f 4426 4400 4427
f 4400 4407 4427
f 4407 4408 4427
f 4427 4408 4428
f 4408 4420 4428
f 4402 4403 4420
f 4420 4403 4429
f 4403 4404 4429
f 4429 4404 4421
f 4410 4411 4430
f 4430 4411 4431
f 4411 4412 4431
f 4412 4413 4431
f 4431 4413 4414
f 4414 4415 4432
f 4415 4416 4432
f 4432 4416 4433
f 4416 4417 4433
f 4433 4417 4434
f 4417 4422 4434
f 4424 4418 4435
f 4418 4419 4435
f 4435 4419 4425
f 4410 4430 3254
f 4430 4431 3253
f 4431 4414 3253
f 3253 4414 4432
f 4434 4422 3261
f 4422 4423 3261
f 3261 4423 3260
f 4423 4424 3260
f 3260 4424 3259
f 4424 4435 3259
f 4435 4425 3259
f 3259 4425 3258
f 4425 4426 3258
f 4426 4427 3258
f 3258 4427 3257
f 4427 4428 3257
f 3257 4428 3256
f 4428 4420 3256
f 4420 4429 3256
f 3256 4429 3255
f 4429 4421 3255
f 3255 4421 3249
f 4353 3264 4409
f 4409 3264 3263
f 4353 4409 4386
f 4409 3263 4421
f 4421 3263 3262
f 4421 3262 3249
f 2621 4436 2622
f 4436 4437 2622
f 2624 2623 4438
f 4438 2623 4439
f 4439 2623 4437
f 4437 2623 2622
f 4440 2624 4438
f 3254 2634 4440
f 2634 2624 4440
f 4443 4442 2632
f 2585 4443 2586
f 2586 4443 2631
f 2631 4443 2632
f 2632 4442 2633
f 2633 4442 2621
f 4442 4441 2621
f 4443 2585 4444
f 4448 4443 4444
f 4448 4442 4443
f 4441 4442 4453
f 4446 4447 4449
f 4447 4495 4449
f 4449 4495 4450
f 4495 4496 4450
f 4450 4496 4451
f 4496 4467 4451
f 4452 4446 4449
f 4452 4449 4450
f 4444 4446 4452
f 4450 4451 4441
f 4444 4445 4446
f 4450 4453 4452
f 4444 4452 4448
f 4448 4452 4453
f 4453 4450 4441
f 4448 4453 4442
f 4437 4436 4456
f 4457 4456 4454
f 4437 4456 4457
f 4439 4437 4457
f 4439 4457 4458
f 4457 4454 4459
f 4458 4457 4459
f 4459 4454 4455
f 4438 4439 4460
f 4460 4439 4458
f 4458 4459 4461
f 4459 4455 4462
f 4440 4438 4463
f 4438 4460 4463
f 4463 4460 4458
f 4461 4459 4462
f 4463 4458 4387
f 4387 4458 4461
f 3254 4440 4410
f 4440 4463 4410
f 4410 4463 4387
f 4462 4464 4461
f 4461 4464 4387
f 4668 4465 4467
f 4467 4465 4451
f 4465 4706 4451
f 4451 4706 4441
f 4706 4466 4441
f 2621 4441 4436
f 4436 4441 4466
f 4470 4469 4477
f 4469 4474 4477
f 4477 4474 4478
f 4474 4475 4478
f 4475 4476 4478
f 4478 4476 4479
f 4470 4477 4471
f 4471 4477 4480
f 4477 4478 4480
f 4480 4478 4481
f 4478 4479 4481
f 4471 4480 4468
f 4480 4481 4482
f 4482 4481 4483
f 4480 4482 4468
f 4472 4468 4473
f 4468 4482 4473
f 4473 4482 4485
f 4482 4483 4485
f 4483 4484 4485
f 4476 4487 4479
f 4479 4487 4488
f 4488 4489 4490
f 4479 4488 4491
f 4491 4488 4492
f 4488 4490 4492
f 4479 4491 4481
f 4492 4490 4493
f 4481 4491 4484
f 4484 4491 4494
f 4491 4492 4494
f 4492 4493 4494
f 4484 4494 4486
f 4486 4494 4447
f 4481 4484 4483
f 4484 4486 4485
f 4447 4494 4493
f 4490 4489 4467
f 4447 4493 4495
f 4495 4493 4496
f 4493 4490 4496
f 4496 4490 4467
f 2558 2564 4473
f 2564 4497 4472
f 4472 4473 2564
f 2564 2573 4497
f 2573 2572 4497
f 4497 2572 4498
f 2572 2570 4498
f 4498 2570 4499
f 4499 2570 4500
f 2570 2578 4500
f 2578 2581 4500
f 4500 2581 4501
f 4501 2581 4502
f 2581 2567 4502
f 2450 2558 4485
f 4473 4485 2558
f 2450 4485 4486
f 2450 4486 2449
f 4486 4447 2449
f 4447 4446 2449
f 2449 4446 2448
f 4446 4445 2448
f 4445 4444 2448
f 2448 4444 2434
f 2585 2434 4444
f 2567 2582 4534
f 4534 2582 4535
f 2584 2568 2583
f 4536 4535 2584
f 2583 4533 2584
f 4536 4538 4534
f 4538 4539 4534
f 4533 4537 2584
f 2584 4537 4536
f 4535 4536 4534
f 4536 4537 4540
f 4537 4533 4532
f 4539 4538 4541
f 4538 4536 4540
f 4540 4537 4531
f 4537 4532 4531
f 4530 4539 4541
f 4538 4540 4542
f 4541 4538 4543
f 4543 4538 4542
f 4542 4540 4529
f 4540 4531 4529
f 4530 4541 4544
f 4544 4541 4543
f 4527 4530 4544
f 4544 4543 4546
f 4543 4542 4545
f 4545 4542 4528
f 4542 4529 4528
f 4546 4543 4545
f 4527 4544 4524
f 4524 4544 4546
f 4546 4545 4547
f 4545 4528 4526
f 4524 4546 4549
f 4549 4546 4548
f 4548 4546 4547
f 4547 4545 4526
f 4547 4526 4525
f 4523 4524 4549
f 4550 4549 4548
f 4525 4522 4547
f 4522 4551 4547
f 4547 4551 4548
f 4550 4521 4549
f 4549 4521 4523
f 4550 4548 4551
f 4522 4520 4551
f 4520 4519 4551
f 4551 4552 4550
f 4550 4552 4521
f 4553 4521 4554
f 4554 4521 4552
f 4552 4551 4555
f 4555 4551 4519
f 4519 4520 4518
f 4555 4554 4552
f 4518 4517 4519
f 4519 4517 4555
f 4517 4556 4555
f 4556 4557 4555
f 4555 4557 4554
f 4518 4516 4517
f 4516 4515 4517
f 4557 4558 4554
f 4554 4558 4553
f 4558 4559 4553
f 4517 4515 4556
f 4556 4560 4557
f 4558 4557 4560
f 4560 4556 4515
f 4513 4559 4558
f 4560 4515 4512
f 4512 4515 4514
f 4513 4558 4561
f 4561 4558 4560
f 4513 4561 4510
f 4561 4560 4563
f 4563 4560 4562
f 4562 4560 4512
f 4562 4512 4511
f 4510 4561 4563
f 4562 4511 4509
f 4563 4562 4564
f 4564 4562 4565
f 4565 4562 4509
f 4564 4566 4563
f 4563 4566 4510
f 4508 4510 4566
f 4567 4564 4565
f 4565 4509 4507
f 4566 4564 4567
f 4507 4569 4565
f 4565 4569 4567
f 4566 4568 4508
f 4568 4566 4505
f 4505 4566 4567
f 4507 4506 4569
f 4569 4504 4567
f 4567 4504 4505
f 4504 4570 4505
f 4568 4505 4571
f 4506 4585 4569
f 4585 4503 4569
f 4569 4503 4504
f 4504 4503 4570
f 4570 4572 4505
f 4505 4572 4571
f 4573 4621 3070
f 3070 4621 3069
f 4621 4620 3069
f 3069 4620 3091
f 4620 4619 3091
f 3091 4619 3068
f 4619 4614 3068
f 3068 4614 3067
f 4586 4570 4503
f 4584 4571 4572
f 4572 4570 4586
f 4588 4503 4585
f 4584 4572 4587
f 4587 4572 4586
f 4586 4503 4588
f 4589 4586 4588
f 4583 4584 4587
f 4588 4585 4591
f 4587 4586 4589
f 4591 4585 4597
f 4583 4587 4590
f 4590 4587 4589
f 4589 4588 4592
f 4592 4588 4591
f 4582 4583 4590
f 4590 4589 4592
f 4595 4590 4593
f 4593 4590 4592
f 4592 4591 4594
f 4594 4591 4597
f 4581 4582 4595
f 4582 4590 4595
f 4593 4592 4594
f 4580 4581 4595
f 4595 4593 4596
f 4596 4593 4594
f 4598 4595 4596
f 4596 4594 4599
f 4599 4594 4597
f 4595 4598 4580
f 4598 4600 4580
f 4599 4601 4596
f 4601 4602 4596
f 4596 4602 4598
f 4603 4598 4602
f 4579 4600 4603
f 4600 4598 4603
f 4601 4599 4604
f 4605 4601 4604
f 4599 4597 4604
f 4602 4601 4605
f 4603 4602 4606
f 4606 4602 4605
f 4578 4579 4603
f 4578 4603 4606
f 4606 4605 4607
f 4604 4608 4605
f 4608 4609 4605
f 4605 4609 4607
f 4606 4610 4578
f 4610 4577 4578
f 4610 4606 4607
f 4608 4604 4611
f 4610 4607 4612
f 4612 4607 4609
f 4577 4610 4576
f 4576 4610 4613
f 4613 4610 4612
f 4612 4609 4608
f 4575 4576 4613
f 4612 4608 4615
f 4615 4608 4614
f 4608 4611 4614
f 4613 4612 4617
f 4617 4612 4615
f 4575 4613 4616
f 4616 4613 4617
f 4574 4575 4616
f 4618 4616 4617
f 4619 4615 4614
f 4574 4616 4618
f 4620 4617 4615
f 4620 4615 4619
f 4618 4617 4620
f 4573 4574 4621
f 4574 4618 4621
f 4621 4618 4620
f 4622 4573 5588
f 4573 3070 5588
f 4623 4625 4571
f 4571 4625 4568
f 4568 4625 4508
f 4625 4626 4508
f 4508 4626 4510
f 4510 4626 4513
f 4626 4624 4513
f 4513 4624 4559
f 4559 4624 4553
f 4624 4627 4553
f 4627 4628 4553
f 4553 4628 4521
f 4521 4628 4523
f 4523 4628 4524
f 4628 4629 4524
f 4629 4630 4524
f 4524 4630 4527
f 4527 4630 4530
f 4630 4631 4530
f 4631 4632 4530
f 4530 4632 4539
f 4539 4632 4534
f 4632 4502 4534
f 4534 4502 2567
f 4637 4638 4633
f 4634 4633 4638
f 4638 4639 4644
f 4644 4639 4640
f 4640 4641 4645
f 4641 4642 4645
f 4645 4642 4643
f 4634 4646 4635
f 4646 4644 4647
f 4644 4648 4647
f 4648 4645 4649
f 4649 4645 4650
f 4635 4646 4636
f 4636 4646 4501
f 4646 4647 4501
f 4501 4647 4651
f 4647 4652 4651
f 4652 4649 4653
f 4649 4650 4653
f 4653 4650 4654
f 4650 4471 4654
f 4636 4501 4502
f 4501 4651 4500
f 4651 4499 4500
f 4499 4653 4498
f 4653 4654 4498
f 4498 4654 4497
f 4469 4470 4643
f 4470 4471 4643
f 4471 4650 4643
f 4650 4645 4643
f 4645 4648 4640
f 4648 4644 4640
f 4644 4646 4638
f 4646 4634 4638
f 4649 4652 4648
f 4648 4652 4647
f 4471 4468 4654
f 4653 4499 4652
f 4499 4651 4652
f 4497 4654 4472
f 4472 4654 4468
f 4637 4656 4638
f 4656 4657 4638
f 4638 4657 4639
f 4639 4657 4640
f 4657 4658 4640
f 4640 4658 4641
f 4658 4659 4641
f 4641 4659 4642
f 4642 4659 4643
f 4643 4659 4469
f 4659 4660 4469
f 4469 4660 4474
f 4660 4662 4474
f 4474 4662 4475
f 4662 4663 4475
f 4663 4664 4475
f 4475 4664 4476
f 4664 4665 4476
f 4476 4665 4487
f 4665 4666 4487
f 4487 4666 4488
f 4488 4666 4489
f 4666 4667 4489
f 4489 4667 4467
f 4667 4668 4467
f 4672 4673 4671
f 4670 4672 4671
f 4673 4674 4676
f 4676 4674 4675
f 4676 4675 4668
f 4671 4673 4677
f 4677 4673 4676
f 4670 4671 4677
f 4676 4668 4667
f 4678 4676 4667
f 4679 4670 4677
f 4676 4678 4677
f 4678 4680 4677
f 4677 4680 4679
f 4666 4681 4678
f 4681 4680 4678
f 4667 4666 4678
f 4681 4666 4665
f 4683 4679 4680
f 4683 4680 4682
f 4681 4682 4680
f 4665 4664 4681
f 4681 4684 4682
f 4684 4681 4664
f 4669 4683 4682
f 4685 4682 4684
f 4684 4664 4663
f 4684 4663 4662
f 4669 4682 4687
f 4687 4682 4685
f 4685 4684 4662
f 4685 4686 4687
f 4660 4686 4662
f 4662 4686 4685
f 4672 4688 4673
f 4673 4688 4695
f 4688 4689 4695
f 4695 4689 4696
f 4689 4690 4696
f 4696 4690 4697
f 4690 4691 4697
f 4697 4691 4698
f 4691 4692 4698
f 4692 4693 4698
f 4693 4694 4698
f 4698 4694 4699
f 4699 4694 4700
f 4674 4695 4675
f 4695 4696 4675
f 4675 4696 4701
f 4701 4696 4702
f 4702 4698 4703
f 4698 4699 4703
f 4703 4699 4704
f 4699 4700 4704
f 4668 4675 4465
f 4675 4701 4465
f 4465 4701 4705
f 4706 4704 4466
f 4704 4456 4466
f 4466 4456 4436
f 4455 4454 4694
f 4694 4454 4700
f 4698 4702 4697
f 4697 4702 4696
f 4695 4674 4673
f 4454 4456 4700
f 4700 4456 4704
f 4704 4706 4703
f 4706 4705 4703
f 4703 4705 4702
f 4705 4701 4702
f 4465 4705 4706
f 4655 4661 4710
f 4637 4633 4655
f 4659 4658 4708
f 4708 4658 4719
f 4658 4657 4719
f 4719 4657 4720
f 4657 4656 4720
f 4720 4656 4721
f 4656 4637 4721
f 4637 4655 4721
f 4655 4710 4721
f 4721 4710 4722
f 4722 4710 4723
f 4724 4708 4725
f 4708 4719 4725
f 4725 4719 4726
f 4719 4720 4726
f 4720 4721 4726
f 4726 4721 4727
f 4727 4721 4728
f 4721 4722 4728
f 4659 4708 4729
f 4722 4723 4709
f 4729 4708 4730
f 4707 4724 4718
f 4724 4725 4718
f 4718 4725 4717
f 4717 4725 4716
f 4725 4726 4716
f 4716 4726 4715
f 4715 4726 4714
f 4726 4727 4714
f 4714 4727 4713
f 4727 4728 4713
f 4713 4728 4712
f 4712 4728 4711
f 4728 4722 4711
f 4711 4722 4709
f 4730 4724 4707
f 4708 4724 4730
f 4659 4729 4686
f 4729 4730 4687
f 4660 4659 4686
f 4686 4729 4687
f 4687 4730 4669
f 4730 4707 4669
f 4732 5696 4731
f 4732 4731 4710
f 4710 4731 4723
f 4723 4733 4709
f 5450 4738 4734
f 4746 4791 4739
f 5441 5446 5442
f 4757 5172 4758
f 4694 4693 4775
f 4689 4688 4776
f 4717 4779 4718
f 4679 4683 4768
f 4767 4672 4670
f 4361 4781 4362
f 4782 4375 4374
f 4381 4380 1395
f 4783 4381 1395
f 4383 5063 4384
f 5063 4784 4384
f 4785 4353 4386
f 4853 3364 3362
f 3406 3405 4751
f 4791 4792 4790
f 4792 4793 4794
f 4794 4745 4795
f 4797 4798 4799
f 5520 4800 4799
f 4769 4801 4802
f 5517 4803 4801
f 4806 4805 4761
f 4733 5776 5128
f 4808 1389 1388
f 1390 1389 4808
f 5063 1391 1390
f 1394 1393 4783
f 1393 1392 4783
f 1397 1396 4379
f 1398 1397 4379
f 1382 1398 4355
f 4355 1398 4354
f 1413 1412 4811
f 1413 4812 1414
f 1415 1414 4812
f 1430 1429 4814
f 1431 1430 4814
f 1432 1433 4815
f 4816 4679 4768
f 4767 4688 4672
f 3375 3372 4766
f 4766 3372 4818
f 4819 5429 4766
f 4818 3372 3371
f 4819 4766 4818
f 4820 5430 4819
f 4818 3371 4821
f 3371 3368 4821
f 4821 3368 4786
f 4819 4818 4823
f 4823 4818 4821
f 5431 4820 4822
f 4820 4819 4822
f 5431 4822 4824
f 4822 4819 4823
f 4823 4821 4825
f 4786 3368 3367
f 4826 5431 4824
f 4821 4786 4825
f 4822 4823 4827
f 4786 3367 3364
f 4824 4822 4827
f 4827 4823 4828
f 4823 4825 4828
f 4833 4867 4845
f 4848 4868 4835
f 4868 4836 4835
f 4838 4840 4839
f 4831 4843 4842
f 4846 4834 4847
f 4836 1416 4812
f 4812 1416 1415
f 5424 4829 4837
f 4837 4829 4838
f 4829 4840 4838
f 4839 4830 4841
f 4841 4830 4842
f 4845 4834 4846
f 4941 4835 4812
f 4843 4844 4849
f 4844 4845 4849
f 4848 4835 4941
f 4840 4830 4839
f 4830 4831 4842
f 4831 4844 4843
f 4844 4833 4845
f 4834 4848 4847
f 4835 4836 4812
f 4836 1417 1416
f 4838 4839 4930
f 4839 4841 4931
f 4849 4845 4846
f 5437 4837 4928
f 4837 4838 4850
f 4933 4842 4843
f 4846 4847 4937
f 4937 4847 4940
f 4847 4848 4940
f 4848 4941 4940
f 4941 4812 4811
f 4840 4866 4830
f 4831 4832 4844
f 4845 4867 4834
f 4836 4813 1417
f 4851 5432 4826
f 4828 4825 4852
f 4786 3364 4853
f 4851 4826 4824
f 4852 4825 4854
f 4825 4786 4854
f 4854 4786 4853
f 4824 4827 4856
f 4827 4828 4856
f 4853 3362 3361
f 4851 4824 4857
f 4857 4824 4856
f 4852 4854 4861
f 4853 3361 4858
f 4863 4851 4857
f 4856 4828 4860
f 4828 4852 4861
f 4854 4853 4862
f 4858 3361 3357
f 4855 4851 4863
f 4828 4861 4860
f 4861 4854 4864
f 4864 4854 4862
f 4862 4853 4858
f 5421 5420 4859
f 4859 4855 4863
f 4857 4856 4860
f 4858 3357 4865
f 5423 4866 4840
f 4866 4870 4830
f 4870 4871 4830
f 4871 4872 4831
f 4831 4872 4832
f 4868 4877 4836
f 4836 4877 4813
f 4813 1420 1419
f 4869 4870 4866
f 4875 4879 4876
f 4877 4878 4813
f 4870 4880 4871
f 4879 4885 4876
f 4878 1422 1421
f 4871 4881 4872
f 4872 4882 4832
f 4832 4882 4873
f 4876 4885 4877
f 4813 4878 1420
f 4878 1421 1420
f 4869 5436 4880
f 4880 4881 4871
f 4873 4883 4874
f 4883 4884 4874
f 4885 4886 4877
f 4877 4886 4878
f 4886 4887 4878
f 4887 4891 4878
f 4891 1423 1424
f 4873 4874 4867
f 4874 4875 4867
f 5423 4869 4866
f 4832 4873 4833
f 4833 4873 4867
f 4876 4877 4868
f 4830 4871 4831
f 4875 4876 4848
f 4848 4876 4868
f 4813 1419 1418
f 4829 5423 4840
f 4832 4833 4844
f 4867 4875 4834
f 4834 4875 4848
f 4813 1418 1417
f 4869 4880 4870
f 4881 4882 4872
f 4874 4884 4875
f 4884 4879 4875
f 4878 4891 1422
f 4891 1424 1422
f 4880 4888 4881
f 4881 4889 4882
f 4879 5023 4885
f 5024 4886 4885
f 5025 1427 1425
f 4882 4890 4873
f 4873 4890 4883
f 1423 5025 1425
f 5436 4888 4880
f 4888 4889 4881
f 4884 5023 4879
f 1423 4891 5025
f 1427 5025 1426
f 1426 5025 1428
f 1429 1428 5028
f 4859 4863 4892
f 4862 4858 4897
f 4857 4860 4893
f 4860 4861 4894
f 4894 4861 4864
f 4897 4858 4865
f 4865 3357 3354
f 5421 4859 4903
f 4863 4857 4895
f 4895 4857 4893
f 4860 4894 4896
f 4864 4862 4897
f 4897 4865 4898
f 5433 5421 4903
f 4899 4863 4895
f 4893 4860 4896
f 4894 4864 4900
f 4892 4863 4899
f 4864 4897 4900
f 4897 4898 4901
f 4898 4865 4902
f 4902 4865 3354
f 5422 5433 4903
f 4903 4859 4904
f 4904 4859 4892
f 4895 4893 4905
f 4900 4897 4901
f 4907 5422 4903
f 4899 4895 4908
f 4905 4893 4896
f 4896 4894 5010
f 5010 4894 4900
f 4902 3354 4906
f 4906 3354 3351
f 4908 4895 4905
f 5010 4900 4909
f 4455 4780 4462
f 4462 4780 4464
f 4780 4455 4694
f 4356 4464 4780
f 4356 4780 4910
f 4780 4694 4775
f 4357 4356 4912
f 4774 4360 4911
f 4911 4357 4912
f 4912 4910 4913
f 4910 4780 4775
f 4692 4775 4693
f 4910 4912 4356
f 4357 4911 4358
f 4358 4911 4359
f 4911 4360 4359
f 4775 4692 4914
f 4910 4775 4916
f 4916 4775 4917
f 4692 4691 4922
f 4361 4360 4774
f 4913 4910 4916
f 4917 4775 4914
f 4361 4774 4781
f 4363 4362 4919
f 4919 4362 4781
f 4774 4911 4915
f 4911 4912 4918
f 4918 4912 4913
f 4914 4692 4922
f 4922 4691 4923
f 4781 4774 4920
f 4774 4915 4920
f 4915 4911 4921
f 4921 4911 4918
f 4923 4691 4817
f 4691 4690 4817
f 4365 4364 4773
f 4364 4919 4970
f 4918 4913 4924
f 4913 4916 4924
f 4925 4914 4922
f 4817 4690 4689
f 4364 4363 4919
f 4919 4781 4967
f 4781 4920 4926
f 4920 4915 4921
f 4917 4914 4925
f 4773 4364 4970
f 4970 4919 4967
f 4967 4781 4926
f 4817 4689 4776
f 5425 4928 4927
f 4935 4849 4936
f 4846 4937 4938
f 4937 4940 4939
f 4928 4837 4929
f 4929 4837 4850
f 4850 4838 4930
f 4930 4839 4931
f 4811 4812 1413
f 5425 5437 4928
f 4841 4842 4933
f 4933 4843 4934
f 4934 4843 4849
f 4849 4846 4936
f 4927 4928 4942
f 4928 4929 4942
f 4850 4930 4943
f 4931 4841 4944
f 4841 4933 4944
f 4934 4849 4935
f 4936 4846 4938
f 4938 4937 4939
f 4940 4941 4945
f 4941 4811 4945
f 4930 4931 4932
f 4932 4931 4944
f 4944 4933 4946
f 4946 4933 4934
f 4934 4935 4947
f 4939 4940 4948
f 4948 4940 4945
f 4811 1412 1411
f 4929 4850 4943
f 4943 4930 4932
f 4938 4939 4949
f 4945 4811 1410
f 4811 1411 1410
f 4950 4929 4943
f 4947 4935 4951
f 4935 4936 4951
f 4810 1410 1409
f 5426 4927 4952
f 4927 4942 4953
f 4943 4932 4954
f 4946 4934 4957
f 4934 4947 4957
f 4949 4939 4948
f 4945 1410 4955
f 4955 1410 4810
f 4810 1409 1408
f 4952 4927 4953
f 4942 4929 4950
f 4932 4944 4956
f 4944 4946 4956
f 4948 4945 4955
f 4953 4942 4958
f 4950 4943 4954
f 4956 4946 4957
f 4951 4936 4959
f 4936 4938 4959
f 4959 4938 4949
f 4948 4955 4960
f 4810 1408 1407
f 4961 4962 4923
f 4963 4964 4917
f 4964 4971 4924
f 4924 4971 4918
f 4920 4966 4926
f 4970 4968 4773
f 4773 4969 4365
f 4969 4368 4367
f 4966 4920 4977
f 4963 4925 4972
f 4972 4925 4962
f 4367 4366 4969
f 4366 4365 4969
f 4921 4918 4965
f 4924 4916 4964
f 4916 4917 4964
f 4917 4925 4963
f 4925 4922 4962
f 4922 4923 4962
f 4923 4817 4961
f 4817 4776 4961
f 4920 4921 4965
f 4965 4918 4971
f 4961 4776 4973
f 4776 4688 4767
f 4368 4969 4369
f 4767 4973 4776
f 4973 4974 4961
f 4961 4975 4962
f 4965 4977 4920
f 4967 5143 4970
f 4773 4978 4969
f 4969 4979 4369
f 4978 4773 4968
f 4967 4926 4980
f 4980 4926 4966
f 4965 4971 4976
f 4971 4964 4982
f 4982 4964 4963
f 4972 4962 4975
f 4961 4974 4975
f 4767 4670 4816
f 4816 4670 4679
f 4952 4953 4983
f 4958 4942 4950
f 4954 4932 4956
f 4956 4957 4984
f 4810 1407 4809
f 4950 4954 4985
f 4954 4956 4986
f 4957 4947 4987
f 4987 4947 4988
f 4947 4951 4988
f 4959 4949 4997
f 4949 4948 4989
f 4989 4948 4990
f 4955 4810 4809
f 4809 1407 1406
f 5427 5438 4991
f 5438 4952 4991
f 4983 4953 4958
f 4958 4950 4996
f 4950 4985 4996
f 4990 4948 4960
f 4809 1406 1405
f 4983 4958 4992
f 4956 4984 4993
f 4984 4957 4987
f 4951 4959 5059
f 4997 4949 4989
f 4960 4955 4994
f 4991 4952 4995
f 4986 4956 4993
f 4988 4951 5059
f 5059 4959 4997
f 4990 4960 4994
f 4994 4955 4809
f 1405 1404 4809
f 4952 4983 4995
f 4992 4958 4996
f 4985 4954 4999
f 4999 4954 4986
f 4984 4987 5000
f 4987 4988 5000
f 4988 5059 5001
f 4809 1404 1403
f 4983 4992 5002
f 4999 4986 5058
f 4986 4993 5003
f 4989 4990 5006
f 4994 4809 5004
f 4809 1403 5005
f 4998 4991 5056
f 4991 4995 5056
f 4995 4983 5002
f 5058 4986 5003
f 4993 4984 5046
f 4984 5000 5047
f 5047 5000 5048
f 5000 4988 5001
f 5059 4997 5006
f 4997 4989 5006
f 5004 4809 5005
f 5005 1403 4770
f 1403 1402 4770
f 1402 1401 4770
f 4907 4903 4904
f 4904 4892 5007
f 4892 4899 5008
f 4899 4908 5008
f 4908 4905 5009
f 4905 4896 5010
f 4900 4901 5011
f 4901 4898 5011
f 5007 4892 5008
f 4900 5011 5013
f 5011 4898 5014
f 5014 4898 4902
f 4906 3351 5015
f 5016 5010 4909
f 4909 4900 5013
f 5015 3351 3349
f 4907 4904 5017
f 5020 4904 5007
f 5008 4908 5009
f 5014 4902 5018
f 4902 4906 5018
f 5434 5012 5019
f 5012 4907 5017
f 5017 4904 5020
f 4905 5010 5021
f 5013 5011 5022
f 5022 5011 5014
f 5018 4906 5015
f 5015 3349 5029
f 5435 5434 5019
f 5007 5008 5023
f 5008 5009 5024
f 5009 4905 5021
f 5021 5010 5016
f 5019 5012 5017
f 5016 4909 5025
f 4909 5013 5025
f 5022 5014 5026
f 5026 5014 5018
f 5018 5015 5027
f 5029 3349 3315
f 4888 5435 4889
f 5435 5019 4889
f 5019 5017 4890
f 5023 5008 5024
f 5009 5021 4887
f 5021 5016 4891
f 5013 5022 5028
f 5027 5015 5029
f 5029 3315 5030
f 1383 5070 5060
f 4890 5017 4883
f 5017 5020 4883
f 5020 5007 4884
f 4884 5007 5023
f 5024 5009 4887
f 4891 5016 5025
f 5025 5013 5028
f 5028 5022 4814
f 5022 5026 4814
f 4883 5020 4884
f 4886 5024 4887
f 4814 5026 4815
f 5026 5018 4815
f 4815 5018 5027
f 1429 5028 4814
f 5027 5029 5032
f 5032 5029 5030
f 4814 4815 1431
f 4815 5027 5066
f 5030 5033 5034
f 1384 1383 5060
f 5060 5070 5031
f 4772 4374 4373
f 5055 4376 4375
f 5035 5439 5036
f 5038 5056 5039
f 5040 5002 5041
f 5041 5002 5042
f 5042 5043 5505
f 5044 5058 5045
f 5003 5046 5045
f 5051 5052 5504
f 5037 5056 5038
f 5042 4992 5043
f 5043 5057 5505
f 5057 4999 5044
f 4999 5058 5044
f 5058 5003 5045
f 5048 5000 5049
f 5000 5001 5049
f 5049 5001 5050
f 5001 5059 5050
f 5050 5059 5051
f 5051 5006 5052
f 5053 4994 5054
f 4994 5004 5054
f 4770 1401 1400
f 5056 4995 5040
f 5040 4995 5002
f 5043 4996 5057
f 5057 4985 4999
f 5059 5006 5051
f 5006 4990 5053
f 5053 4990 4994
f 5056 5040 5039
f 5002 4992 5042
f 5505 5057 5044
f 5046 5047 5508
f 5052 5006 5053
f 5055 5005 4771
f 5005 4770 4771
f 4771 4770 4377
f 5037 4998 5056
f 4992 4996 5043
f 4996 4985 5057
f 5003 4993 5046
f 5046 4984 5047
f 4770 1400 1399
f 5004 5005 5055
f 1382 4355 1399
f 4355 4378 1399
f 1399 4378 4770
f 4378 4377 4770
f 4808 1388 1387
f 4808 1387 5060
f 5060 1387 1386
f 5060 1386 1385
f 5061 5060 5031
f 5060 1385 1384
f 4808 5060 5061
f 5061 5062 4808
f 5062 5063 4808
f 4808 5063 1390
f 1392 1391 4783
f 4783 1391 5063
f 4889 5019 4882
f 5019 4890 4882
f 5023 5024 4885
f 4887 5021 4891
f 5025 5028 1428
f 5030 3315 5033
f 3315 3313 5033
f 5033 3313 3308
f 3313 3309 3308
f 3306 5064 3308
f 5064 5065 3308
f 5065 5033 3308
f 5034 5032 5030
f 5032 5066 5027
f 5066 1435 4815
f 1435 1434 4815
f 4815 1433 1431
f 4354 1398 4379
f 4379 1396 4380
f 4380 1396 1395
f 1395 1394 4783
f 5063 5062 4784
f 4784 5062 5067
f 5062 4785 5067
f 4381 4783 4382
f 4382 4783 4383
f 4783 5063 4383
f 3303 5064 3306
f 1434 1432 4815
f 3264 4353 4785
f 5069 5031 5070
f 5070 1437 1436
f 5065 5071 5033
f 5033 5071 5034
f 5032 5070 5066
f 5066 1436 1435
f 3265 3264 3303
f 3303 3264 5064
f 5064 4785 5065
f 4785 5068 5065
f 5065 5068 5071
f 5069 5070 5032
f 4384 4784 4385
f 4784 5067 4385
f 4385 5067 4386
f 5067 4785 4386
f 1437 5070 1383
f 5031 5068 5061
f 5061 5068 5062
f 5062 5068 4785
f 5071 5069 5034
f 5034 5069 5032
f 5070 1436 5066
f 3264 4785 5064
f 5068 5031 5071
f 5071 5031 5069
f 4743 4741 5088
f 4741 5072 5457
f 5457 5072 5073
f 5073 5072 5074
f 5072 5075 5074
f 5074 5075 5076
f 5075 5077 5076
f 5076 5077 5460
f 5077 5079 5078
f 5079 5080 5463
f 5463 5080 5081
f 5084 9062 5090
f 5085 5086 9062
f 5086 5461 9062
f 5460 5077 5078
f 5080 5082 5089
f 5089 5082 5083
f 5082 5084 5090
f 5090 9062 5461
f 4764 5106 5094
f 5097 5099 5100
f 5103 5104 5490
f 5490 5104 4736
f 5093 5105 4764
f 5105 5106 4764
f 5094 5107 5095
f 5096 5098 5097
f 5097 5098 5099
f 5100 5099 5101
f 5099 5108 5101
f 5101 5108 5102
f 5104 5109 4736
f 5107 5096 5095
f 5102 5108 5103
f 5120 5121 5092
f 5121 4763 5092
f 5105 5110 5106
f 5106 5107 5094
f 5107 5111 5096
f 5096 5112 5098
f 5098 5113 5099
f 5108 5114 5103
f 5114 5115 5103
f 5103 5115 5104
f 4763 5116 5092
f 5092 5116 5093
f 5106 5117 5107
f 5107 5117 5111
f 5096 5111 5112
f 5113 5108 5099
f 5118 5124 5119
f 5119 5122 5120
f 5125 5124 5118
f 5124 5122 5119
f 5120 5122 5121
f 5093 5116 5105
f 5110 5117 5106
f 5112 5113 5098
f 5115 5126 5104
f 4711 4760 4777
f 4711 4777 4712
f 4713 4712 4777
f 4714 4713 4778
f 4713 4777 4778
f 4777 4760 5127
f 4715 4714 4778
f 5127 4760 5133
f 4760 5128 5133
f 4778 4777 5127
f 4715 4778 5129
f 4761 5133 5128
f 5129 5130 4715
f 4715 5130 4716
f 5129 4778 5131
f 5131 4778 5132
f 5132 4778 5127
f 4717 5130 4779
f 5132 5127 5133
f 4717 4716 5130
f 4761 5522 5138
f 5133 5138 5137
f 4762 5138 5522
f 4761 5138 5133
f 5137 5136 5133
f 5133 5136 5132
f 5131 5135 5129
f 5129 5135 5130
f 4779 5134 4718
f 4707 4718 5146
f 4718 5134 5146
f 5131 5132 5136
f 4779 5130 5135
f 5135 5131 5139
f 5136 5137 5140
f 5138 4762 5157
f 5157 4762 5523
f 4669 4707 5146
f 4779 5135 5148
f 5137 5138 5150
f 5157 5523 5525
f 4371 4370 5141
f 4370 4369 5141
f 4979 4969 5142
f 5142 4969 4978
f 4978 4968 5153
f 4968 4970 5143
f 5143 4967 4980
f 4966 4977 5144
f 4977 4965 5160
f 5160 4965 4976
f 4976 4971 4981
f 4981 4971 4982
f 4768 4669 5145
f 5145 4669 5146
f 5146 5134 5147
f 5147 5134 5148
f 5148 5135 5149
f 5135 5139 5149
f 5157 5525 5151
f 4772 4372 4765
f 5141 4979 5152
f 4972 4975 5164
f 4974 4973 5154
f 4973 4767 5154
f 4816 4768 5155
f 4768 5145 5155
f 5146 5147 5145
f 5148 5149 5513
f 5165 5136 5140
f 5157 5151 5158
f 4683 4669 4768
f 5134 4779 5148
f 5139 5131 5136
f 5140 5137 5150
f 4782 4374 4772
f 5152 4979 5142
f 5159 5143 4980
f 4980 5144 5509
f 4982 5163 5041
f 5163 4972 5164
f 5164 4975 4974
f 5154 4767 5035
f 5035 4767 5510
f 5147 5148 5512
f 5512 5148 5513
f 5149 5139 5165
f 5158 5151 5166
f 4373 4372 4772
f 5142 4978 5507
f 4978 5153 5507
f 5153 5143 5159
f 5160 4976 5161
f 5161 4976 5162
f 4976 4981 5162
f 4981 4982 5162
f 4982 4972 5163
f 4767 4816 5510
f 4372 4371 4765
f 4765 4371 5141
f 5141 4369 4979
f 5153 4968 5143
f 4980 4966 5144
f 5144 4977 5160
f 4982 4963 4972
f 5139 5136 5165
f 5150 5138 5156
f 5138 5157 5156
f 5087 5168 5091
f 4759 5167 5168
f 5167 4759 5169
f 5087 5091 5170
f 5171 5477 5091
f 5477 5170 5091
f 5171 5167 5477
f 5477 5167 5476
f 4759 5172 5169
f 5172 5173 4758
f 5169 5172 4757
f 5173 5175 5174
f 5170 5085 5087
f 5091 5168 5171
f 5168 5167 5171
f 5173 5174 4758
f 5173 5176 5175
f 5119 5177 5118
f 5118 5501 5123
f 5178 5179 5123
f 5123 5125 5118
f 5125 5123 5179
f 5179 5178 5213
f 5175 5176 4756
f 4755 5175 4756
f 5180 4756 5182
f 5175 5183 5473
f 4755 5184 5183
f 4756 5180 4755
f 5182 5181 5180
f 5180 5184 4755
f 5471 5184 5180
f 5181 5471 5180
f 4754 5181 4753
f 5181 5182 4753
f 3406 4752 3408
f 3408 4752 3302
f 4754 5186 5181
f 5185 5186 4754
f 4758 5174 5473
f 5473 5174 5175
f 5175 4755 5183
f 4753 4752 4751
f 4752 3406 4751
f 5185 4754 4753
f 4751 5185 4753
f 5197 5199 5198
f 5199 5200 5198
f 5198 5200 5201
f 5200 5202 5201
f 5201 5202 5203
f 3398 3397 5187
f 3397 5204 5187
f 5187 5204 5188
f 5188 5208 5189
f 5189 5205 5190
f 5190 5205 5191
f 5193 5206 5194
f 5194 5206 5195
f 5195 5207 5196
f 5196 5207 5197
f 5207 5199 5197
f 5204 5208 5188
f 5208 5205 5189
f 5205 5209 5191
f 5191 5209 5192
f 5192 5209 5193
f 5209 5257 5193
f 5193 5257 5206
f 5195 5206 5207
f 5210 5200 5199
f 5202 4749 5203
f 4749 5213 5203
f 5203 5213 5178
f 5124 5211 5122
f 5108 5212 5114
f 5215 5216 5125
f 5125 5216 5124
f 5124 5216 5211
f 5122 5217 5121
f 5217 4763 5121
f 4763 5218 5116
f 5218 5219 5116
f 5219 5220 5110
f 5110 5220 5117
f 5221 5222 5112
f 5112 5222 5113
f 5212 5224 5114
f 5114 5224 5115
f 5179 5215 5125
f 5116 5219 5105
f 5105 5219 5110
f 5111 5221 5112
f 5113 5212 5108
f 5213 4749 4750
f 5213 5214 5179
f 5179 5214 5215
f 5122 5211 5217
f 5117 5221 5111
f 5113 5223 5212
f 5214 5228 5215
f 5215 5228 5216
f 5216 5230 5211
f 5217 5225 4763
f 4763 5225 5218
f 5218 5226 5219
f 5220 5221 5117
f 5222 5223 5113
f 5229 5230 5216
f 5230 5231 5211
f 5217 5231 5225
f 5225 5226 5218
f 5226 5232 5219
f 5235 5236 5222
f 5222 5236 5223
f 5223 5236 5212
f 5236 5237 5212
f 5228 5229 5216
f 5211 5231 5217
f 5219 5232 5220
f 5220 5233 5221
f 5233 5234 5221
f 5221 5234 5222
f 5234 5235 5222
f 5212 5237 5224
f 5237 5238 5224
f 5214 5227 5228
f 5227 5239 5228
f 5225 5240 5226
f 5232 5241 5220
f 5241 5233 5220
f 4749 5244 4750
f 4750 5246 5242
f 5210 5251 5243
f 5243 5245 5244
f 5245 5246 5244
f 5251 5245 5243
f 5245 5251 5250
f 5248 5250 5249
f 5249 5250 5251
f 5247 5252 5253
f 5247 5253 5248
f 5253 5254 5248
f 5247 5255 5252
f 5252 5255 5256
f 5210 5249 5251
f 5247 5257 5255
f 5255 5258 5256
f 5258 5259 5260
f 5260 5259 5261
f 5259 5262 5261
f 5261 5262 5266
f 5208 5262 5205
f 5262 5259 5205
f 5205 5259 5209
f 5207 5210 5199
f 5210 5244 5200
f 5200 5244 5202
f 5244 4749 5202
f 5213 4750 5214
f 4750 5242 5214
f 5214 5242 5227
f 3393 5263 3395
f 3397 3395 5204
f 3395 5263 5204
f 5263 5264 5204
f 5204 5264 5208
f 5208 5264 5262
f 5259 5258 5209
f 5258 5255 5209
f 5209 5255 5257
f 5257 5247 5206
f 5247 5248 5206
f 5206 5248 5207
f 5248 5249 5207
f 5207 5249 5210
f 5210 5243 5244
f 4750 5244 5246
f 5264 5266 5262
f 3393 5265 5263
f 5263 5265 5264
f 5265 5266 5264
f 3393 3392 5265
f 5265 5267 5266
f 5266 5268 5261
f 5261 5269 5260
f 5260 5270 5258
f 5258 5270 5256
f 5270 5271 5256
f 5271 5252 5256
f 5248 5254 5250
f 5246 5272 5242
f 5231 5273 5225
f 5273 5240 5225
f 5240 5274 5226
f 5274 5275 5232
f 5241 5276 5233
f 5233 5276 5234
f 5236 5277 5237
f 3392 5278 5265
f 5278 5267 5265
f 5261 5268 5269
f 5260 5269 5270
f 5254 5279 5250
f 5245 5280 5246
f 5242 5281 5227
f 5239 5282 5228
f 5228 5282 5229
f 5229 5283 5230
f 5230 5284 5231
f 5284 5273 5231
f 5226 5274 5232
f 5275 5241 5232
f 5276 5285 5234
f 5234 5285 5235
f 5235 5286 5236
f 5286 5287 5236
f 5287 5277 5236
f 5277 5288 5237
f 5267 5289 5266
f 5266 5289 5268
f 5268 5290 5269
f 5271 5291 5252
f 5291 5292 5252
f 5252 5292 5253
f 5246 5280 5272
f 5272 5294 5242
f 5242 5294 5281
f 5281 5295 5227
f 5227 5295 5239
f 5283 5284 5230
f 5273 5296 5240
f 5240 5297 5274
f 5241 5298 5276
f 5285 5286 5235
f 3392 3388 5278
f 5289 5290 5268
f 5269 5299 5270
f 5270 5299 5271
f 5292 5300 5253
f 5253 5300 5254
f 5279 5293 5250
f 5250 5293 5245
f 5245 5293 5280
f 5282 5283 5229
f 5283 5301 5284
f 5240 5296 5297
f 5298 5302 5276
f 5278 5289 5267
f 5300 5279 5254
f 5239 5295 5282
f 5295 5303 5282
f 5282 5303 5283
f 5284 5304 5273
f 5304 5296 5273
f 5297 5305 5274
f 5274 5305 5275
f 5275 5298 5241
f 5302 5285 5276
f 5286 5306 5287
f 5287 5306 5277
f 3388 5307 5278
f 5289 5308 5290
f 5290 5309 5269
f 5299 5310 5271
f 5310 5311 5271
f 5271 5311 5291
f 5292 5312 5300
f 5300 5313 5279
f 5293 5314 5280
f 5314 5315 5280
f 5280 5315 5272
f 5272 5316 5294
f 5316 5317 5294
f 5281 5318 5295
f 5303 5319 5283
f 5319 5301 5283
f 5301 5320 5284
f 5296 5321 5297
f 5321 5305 5297
f 5302 5322 5285
f 5286 5323 5306
f 3388 3386 5307
f 5278 5307 5289
f 5290 5308 5309
f 5269 5309 5299
f 5311 5324 5291
f 5291 5324 5292
f 5324 5312 5292
f 5312 5325 5300
f 5300 5325 5313
f 5313 5326 5279
f 5279 5326 5293
f 5326 5314 5293
f 5272 5315 5316
f 5294 5317 5281
f 5317 5318 5281
f 5284 5320 5304
f 5305 5327 5275
f 5275 5327 5298
f 5322 5328 5285
f 5285 5328 5286
f 5328 5323 5286
f 3386 5329 5307
f 5307 5330 5289
f 5309 5331 5299
f 5318 5332 5295
f 5295 5332 5303
f 5319 5333 5301
f 5301 5333 5320
f 5320 5334 5304
f 5304 5321 5296
f 5327 5335 5298
f 5298 5335 5302
f 5335 5322 5302
f 5330 5336 5289
f 5289 5336 5308
f 5299 5331 5310
f 5324 5351 5312
f 5317 5337 5318
f 5337 5332 5318
f 5304 5338 5321
f 5329 5330 5307
f 5308 5336 5309
f 5336 5340 5309
f 5309 5340 5331
f 5310 5341 5311
f 5311 5341 5324
f 5351 5325 5312
f 5325 5342 5313
f 5326 5343 5314
f 5314 5343 5315
f 5315 5344 5316
f 5316 5344 5317
f 5332 5319 5303
f 5320 5333 5334
f 5334 5338 5304
f 5338 5339 5321
f 5321 5339 5305
f 5339 5345 5305
f 5305 5345 5327
f 5328 5346 5323
f 3386 3382 5329
f 3382 5347 5329
f 5329 5347 5330
f 5336 5348 5340
f 5340 5349 5331
f 5331 5349 5310
f 5349 5350 5310
f 5310 5350 5341
f 5341 5351 5324
f 5351 5352 5325
f 5313 5342 5326
f 5342 5353 5326
f 5326 5353 5343
f 5343 5354 5315
f 5354 5344 5315
f 5344 5355 5317
f 5317 5355 5337
f 5337 5356 5332
f 5332 5357 5319
f 5319 5357 5333
f 5333 5358 5334
f 5358 5338 5334
f 5345 5359 5327
f 5359 5360 5327
f 5327 5360 5335
f 5335 5360 5322
f 5360 5361 5322
f 5328 5362 5346
f 5352 5342 5325
f 5337 5363 5356
f 5357 5364 5333
f 5333 5364 5358
f 5338 5365 5339
f 5322 5361 5328
f 5361 5362 5328
f 5347 5366 5330
f 5330 5366 5336
f 5366 5348 5336
f 5348 5367 5340
f 5340 5367 5349
f 5353 5368 5343
f 5343 5368 5354
f 5354 5355 5344
f 5355 5363 5337
f 5356 5369 5332
f 5332 5369 5357
f 5358 5365 5338
f 5365 5370 5339
f 5370 5371 5339
f 5339 5371 5345
f 5347 5372 5366
f 5350 5374 5341
f 5374 5375 5341
f 5341 5375 5351
f 5352 5376 5342
f 5342 5376 5353
f 5376 5377 5353
f 5363 5378 5356
f 5357 5379 5364
f 5379 5380 5364
f 5364 5380 5358
f 5371 5381 5345
f 5345 5381 5359
f 5359 5382 5360
f 5361 5511 5362
f 5349 5367 5373
f 5349 5373 5350
f 5373 5374 5350
f 5375 5383 5351
f 5351 5383 5352
f 5353 5377 5368
f 5368 5384 5354
f 5354 5385 5355
f 5355 5385 5363
f 5385 5378 5363
f 5369 5379 5357
f 5381 5382 5359
f 5382 5386 5360
f 5360 5386 5361
f 5386 5511 5361
f 3382 3380 5347
f 3380 5387 5347
f 5387 5372 5347
f 5366 5388 5348
f 5348 5388 5367
f 5367 5389 5373
f 5383 5391 5352
f 5352 5391 5376
f 5378 5392 5356
f 5356 5392 5369
f 5380 5393 5358
f 5393 5394 5358
f 5358 5394 5365
f 5365 5394 5370
f 5370 5395 5371
f 5371 5395 5381
f 5366 5396 5388
f 5373 5389 5390
f 5373 5390 5374
f 5375 5397 5383
f 5391 5398 5376
f 5398 5377 5376
f 5384 5385 5354
f 5380 5400 5393
f 5386 5401 5511
f 5372 5402 5366
f 5402 5396 5366
f 5388 5403 5367
f 5367 5403 5389
f 5390 5404 5374
f 5374 5404 5375
f 5404 5397 5375
f 5397 5391 5383
f 5377 5405 5368
f 5368 5405 5384
f 5405 5406 5384
f 5384 5406 5385
f 5406 5407 5385
f 5385 5399 5378
f 5399 5392 5378
f 5392 5408 5369
f 5369 5408 5379
f 5408 5409 5379
f 5409 5400 5379
f 5379 5400 5380
f 5394 5410 5370
f 5410 5411 5370
f 5370 5411 5395
f 5395 5412 5381
f 5412 5413 5381
f 5381 5413 5382
f 5413 5414 5382
f 5382 5414 5386
f 5386 5414 5401
f 5387 5402 5372
f 5396 5415 5388
f 5403 5416 5389
f 5389 5416 5390
f 5397 5422 5391
f 5377 5417 5405
f 5385 5407 5399
f 5393 5410 5394
f 5411 5418 5395
f 5395 5418 5412
f 3380 3378 5387
f 5402 5415 5396
f 5388 5416 5403
f 5416 5419 5390
f 5419 5420 5390
f 5390 5420 5404
f 5404 5421 5397
f 5398 5417 5377
f 5407 5423 5399
f 5392 5424 5408
f 5408 5425 5409
f 5409 5426 5400
f 5410 5427 5411
f 5411 5427 5418
f 5413 5428 5414
f 3378 5429 5387
f 5387 5429 5402
f 5402 5430 5415
f 5415 5431 5388
f 5388 5431 5416
f 5416 5432 5419
f 5420 5421 5404
f 5421 5433 5397
f 5397 5433 5422
f 5422 5434 5391
f 5391 5434 5398
f 5434 5435 5398
f 5398 5435 5417
f 5405 5436 5406
f 5406 4869 5407
f 5399 5424 5392
f 5424 5437 5408
f 5408 5437 5425
f 5409 5425 5426
f 5400 5426 5393
f 5393 5438 5410
f 5412 5439 5413
f 5413 5439 5428
f 3378 3375 5429
f 5429 5430 5402
f 5416 5431 5432
f 5405 5417 5436
f 5406 5436 4869
f 5407 4869 5423
f 5423 4829 5399
f 5399 4829 5424
f 5393 5426 5438
f 5438 5427 5410
f 5412 5418 5439
f 5430 4820 5415
f 5432 4855 5419
f 5422 4907 5434
f 5435 4888 5417
f 4888 5436 5417
f 5424 4837 5437
f 5426 4952 5438
f 5427 4998 5418
f 3375 4766 5429
f 5429 4819 5430
f 5415 4820 5431
f 5431 4826 5432
f 5432 4851 4855
f 5419 4855 5420
f 4855 4859 5420
f 4907 5012 5434
f 5425 4927 5426
f 5427 4991 4998
f 4998 5037 5418
f 5418 5037 5439
f 5037 5036 5439
f 5440 4788 4748
f 4748 4788 4747
f 4788 4787 4747
f 4790 4789 5442
f 5442 4789 5441
f 4791 4790 5442
f 4748 5443 5444
f 4748 5444 5441
f 5441 5444 5445
f 4747 5443 4748
f 5440 5441 4789
f 5446 5445 5447
f 5440 4748 5441
f 5441 5445 5446
f 4746 4793 4791
f 4795 4796 4797
f 5446 5448 5442
f 5448 4791 5442
f 4791 4793 4792
f 5449 4745 4793
f 4739 4791 5454
f 4791 5448 5454
f 5454 5448 5447
f 5448 5446 5447
f 4744 5451 5444
f 5451 5452 5445
f 5447 4740 5454
f 5447 5445 5453
f 4744 5452 5451
f 5445 5452 5453
f 5453 4740 5447
f 5452 4743 5455
f 5455 4743 4742
f 5088 4742 4743
f 5453 4742 4740
f 4740 4742 5462
f 4742 5088 5462
f 5074 5076 5459
f 5459 5076 5460
f 5086 5085 5466
f 5078 5463 5483
f 5081 5089 5481
f 5089 5083 5464
f 5464 5083 5480
f 5083 5090 5480
f 5480 5090 5465
f 5090 5461 5465
f 5461 5086 5465
f 5465 5086 5466
f 5462 5088 5456
f 5456 5457 5458
f 5458 5457 5073
f 5078 5079 5463
f 5170 5466 5085
f 5090 5083 5082
f 5089 5081 5080
f 5457 5456 4741
f 4741 5456 5088
f 4734 4738 5467
f 4738 5449 5467
f 5454 5468 4739
f 4739 5467 5449
f 5443 4744 5444
f 5451 5445 5444
f 4746 4739 5449
f 4740 5468 5454
f 5468 5467 4739
f 4734 4735 5450
f 3405 3402 4751
f 3402 5469 4751
f 4751 5469 5185
f 5185 5470 5186
f 5471 5472 5184
f 5184 5495 5183
f 5473 5474 4758
f 4758 5474 5475
f 5475 5498 4757
f 4757 5498 5476
f 5477 5478 5170
f 5478 5466 5170
f 5466 5479 5465
f 5483 5484 5485
f 5486 5492 5487
f 5487 5488 5458
f 5488 5489 5462
f 5462 5489 4737
f 5490 4734 5489
f 5489 5491 5490
f 5491 5492 5101
f 5101 5492 5100
f 5100 5493 5097
f 5097 5493 5095
f 5470 5494 5471
f 5472 5495 5184
f 5474 5498 5475
f 5501 5177 5465
f 5465 5177 5480
f 5480 5177 5464
f 5177 5502 5464
f 5502 5503 5481
f 5481 5503 5482
f 5484 5095 5485
f 5485 5095 5493
f 5492 5491 5487
f 5491 5489 5488
f 5469 5470 5185
f 5470 5471 5186
f 5495 5496 5183
f 5496 5497 5183
f 5183 5497 5473
f 5473 5497 5474
f 5498 5499 5476
f 5476 5499 5477
f 5499 5500 5477
f 5500 5478 5477
f 5478 5479 5466
f 5479 5501 5465
f 5464 5502 5481
f 5482 5484 5483
f 5485 5493 5459
f 5459 5493 5486
f 5493 5100 5486
f 5486 5100 5492
f 5487 5491 5488
f 5489 4734 4737
f 4738 5450 4745
f 4744 4743 5452
f 5455 4742 5452
f 5452 4742 5453
f 4740 5462 5468
f 5462 4737 5468
f 5468 4737 5467
f 4737 4734 5467
f 4734 4736 4735
f 5101 5102 5491
f 5490 4736 4734
f 5048 5508 5047
f 5046 5509 5045
f 5038 5036 5037
f 5439 5510 5428
f 5428 5401 5414
f 5346 5506 5323
f 5323 5506 5306
f 5306 5288 5277
f 5224 5514 5115
f 4745 5449 4738
f 5449 4793 4746
f 3401 3398 5187
f 5188 5189 5494
f 5189 5190 5494
f 5472 5190 5191
f 5191 5192 5495
f 5495 5192 5496
f 5192 5193 5496
f 5496 5193 5497
f 5193 5194 5497
f 5497 5194 5195
f 5196 5197 5498
f 5201 5203 5500
f 5500 5203 5478
f 5203 5178 5478
f 5501 5118 5177
f 5177 5119 5502
f 5119 5120 5502
f 5120 5092 5502
f 5502 5092 5503
f 5092 5093 5503
f 5503 5093 4764
f 5095 5096 5097
f 5102 5103 5490
f 4765 5052 5053
f 5507 5049 5050
f 5044 5161 5505
f 5041 5039 5040
f 5039 5164 5038
f 5154 5035 5036
f 5428 5155 5401
f 5155 5511 5401
f 5362 5512 5346
f 5346 5513 5506
f 5306 5165 5288
f 5126 5166 5109
f 5109 5515 4736
f 4736 5515 4735
f 5515 5516 5450
f 5516 4795 4745
f 4782 4772 5054
f 4765 5141 5504
f 5141 5152 5504
f 5507 5153 5049
f 5508 4980 5509
f 5509 5144 5045
f 5144 5160 5045
f 5161 5162 5505
f 5162 4982 5042
f 5042 4982 5041
f 5163 5164 5039
f 5038 4974 5154
f 5510 4816 5155
f 5155 5145 5511
f 5511 5145 5512
f 5149 5165 5506
f 5288 5150 5238
f 5238 5156 5514
f 5109 5518 5515
f 4375 4782 5055
f 5054 4772 5053
f 4772 4765 5053
f 4765 5504 5052
f 5152 5142 5507
f 5153 5159 5508
f 5045 5160 5044
f 5041 5163 5039
f 5038 5154 5036
f 5510 5155 5428
f 5512 5513 5346
f 5506 5165 5306
f 5518 5516 5515
f 4771 4376 5055
f 5055 4782 5004
f 5004 4782 5054
f 5504 5152 5051
f 5051 5152 5050
f 5152 5507 5050
f 5049 5153 5048
f 5153 5508 5048
f 5508 5509 5046
f 5505 5162 5042
f 5035 5510 5439
f 5511 5512 5362
f 5288 5238 5237
f 5238 5514 5224
f 5514 5158 5115
f 5115 5158 5126
f 5126 5109 5104
f 5515 5450 4735
f 5450 5516 4745
f 4745 4794 4793
f 3401 5187 3402
f 3402 5187 5469
f 5187 5188 5469
f 5469 5188 5470
f 5188 5494 5470
f 5494 5190 5471
f 5471 5190 5472
f 5472 5191 5495
f 5497 5195 5474
f 5195 5196 5474
f 5474 5196 5498
f 5197 5198 5498
f 5498 5198 5499
f 5198 5201 5499
f 5499 5201 5500
f 5478 5178 5479
f 5178 5123 5479
f 5123 5501 5479
f 5503 4764 5482
f 4764 5094 5482
f 5482 5094 5484
f 5094 5095 5484
f 5491 5102 5490
f 5186 5471 5181
f 4758 5475 4757
f 4757 5476 5169
f 5169 5476 5167
f 5464 5481 5089
f 5081 5481 5463
f 5481 5482 5463
f 5463 5482 5483
f 5483 5485 5078
f 5078 5485 5460
f 5485 5459 5460
f 5459 5486 5074
f 5486 5487 5074
f 5074 5487 5073
f 5073 5487 5458
f 5458 5488 5456
f 5456 5488 5462
f 4799 4798 5520
f 4798 4797 4796
f 4796 5518 4798
f 4798 5519 5520
f 5517 4769 4800
f 4803 5517 4804
f 4801 4769 5517
f 5517 4800 5521
f 4800 5520 5521
f 4761 4805 5522
f 4805 4804 5522
f 4804 5517 5523
f 5523 5517 5521
f 5519 4798 5524
f 4798 5518 5524
f 5520 5525 5521
f 5776 4807 5128
f 5128 4807 4761
f 4807 4806 4761
f 5522 4804 4762
f 4762 4804 5523
f 5525 5520 5151
f 5520 5519 5151
f 5151 5519 5166
f 5519 5524 5166
f 4709 4733 4760
f 5523 5521 5525
f 4711 4709 4760
f 4760 4733 5128
f 5159 4980 5508
f 5044 5160 5161
f 5164 4974 5038
f 5145 5147 5512
f 5513 5149 5506
f 5165 5140 5288
f 5140 5150 5288
f 5150 5156 5238
f 5156 5157 5514
f 5157 5158 5514
f 5158 5166 5126
f 5166 5524 5109
f 5524 5518 5109
f 5518 4796 5516
f 4796 4795 5516
f 5541 5540 5539
f 3054 2883 3027
f 3029 3009 3007
f 3027 3028 5544
f 5544 3028 3029
f 5545 3029 3007
f 3007 3035 3036
f 3055 3054 3027
f 5544 3029 5545
f 5545 3007 3036
f 3055 3027 5546
f 5546 3027 5544
f 5545 3036 3144
f 3144 3036 3137
f 5547 5545 3144
f 5546 5544 5548
f 5548 5544 5545
f 5548 5545 5547
f 5547 3144 3145
f 3056 3055 5546
f 5550 5546 5548
f 5548 5547 5549
f 5547 3145 5542
f 5542 3145 5543
f 3056 5546 5550
f 5549 5547 5542
f 5543 5541 5542
f 5550 5548 5551
f 5551 5548 5549
f 3057 3056 5550
f 5551 5549 5542
f 5539 5542 5541
f 5551 5542 5539
f 3057 5550 5552
f 5552 5550 5551
f 5552 5551 5553
f 5553 5551 5539
f 5554 5552 5553
f 5555 5553 5539
f 3057 5552 5556
f 5556 5552 5554
f 5555 5539 5538
f 3058 3057 5556
f 5557 5553 5555
f 5555 5538 5537
f 5554 5553 5557
f 5555 5537 5535
f 5557 5555 5535
f 3059 3058 5556
f 5556 5554 5558
f 5558 5554 5557
f 5557 5535 5536
f 5559 5557 5536
f 5558 5557 5559
f 3060 3059 5556
f 5560 5556 5558
f 5561 5558 5559
f 5534 5559 5536
f 5561 5559 5534
f 5561 5560 5558
f 5560 3061 5556
f 5556 3061 3060
f 5561 5534 5562
f 5562 5534 5533
f 5560 5561 5563
f 5561 5562 5563
f 3061 5560 5564
f 5564 5560 5563
f 5562 5533 5532
f 5562 5532 5531
f 5563 5562 5565
f 5565 5562 5531
f 3062 3061 5566
f 3061 5564 5566
f 5566 5564 5567
f 5564 5563 5567
f 5567 5563 5565
f 5567 5565 5568
f 5568 5565 5530
f 5565 5531 5530
f 3063 3062 5566
f 5569 5567 5568
f 5566 5567 5569
f 5530 5529 5568
f 3063 5566 5571
f 3064 3063 5571
f 5571 5566 5569
f 5570 5569 5568
f 5529 5570 5568
f 5571 5569 5572
f 5572 5569 5570
f 5570 5529 5528
f 5573 5571 5572
f 5574 5573 5572
f 5527 5592 5526
f 5526 5574 5572
f 5573 3064 5571
f 5573 3065 3064
f 5528 5527 5570
f 5527 5526 5570
f 5570 5526 5572
f 3065 5575 3088
f 3086 3087 5576
f 5576 3087 5575
f 3087 3088 5575
f 5576 5577 3086
f 3086 5577 3085
f 5577 5578 3085
f 3085 5578 3080
f 3080 5578 3066
f 5578 5579 3066
f 5579 5580 3066
f 3066 5580 3079
f 5580 5581 3079
f 3079 5581 3078
f 5581 5582 3078
f 3078 5582 3077
f 3077 5582 3076
f 5582 5583 3076
f 3076 5583 3075
f 5584 3075 5583
f 5584 3074 3075
f 5584 5585 3074
f 5585 3073 3074
f 5585 5586 3073
f 3073 5586 3072
f 5586 5587 3072
f 3072 5587 3071
f 3071 5587 3070
f 5587 5588 3070
f 3065 5573 5589
f 5589 5573 5574
f 5589 5574 5590
f 5590 5574 5526
f 5590 5526 5591
f 5591 5526 5592
f 5575 3065 5589
f 5575 5589 5576
f 5576 5589 5595
f 5589 5590 5595
f 5595 5590 5596
f 5596 5590 5591
f 5591 5592 5594
f 5576 5595 5597
f 5597 5595 5596
f 5596 5591 5594
f 5577 5576 5597
f 5577 5597 5598
f 5597 5596 5599
f 5599 5596 5594
f 5578 5577 5598
f 5598 5597 5599
f 5599 5594 5600
f 5579 5578 5598
f 5579 5598 5601
f 5601 5598 5602
f 5598 5599 5602
f 5599 5600 5605
f 5605 5600 5593
f 5580 5579 5601
f 5602 5599 5605
f 5581 5580 5601
f 5581 5601 5603
f 5603 5601 5604
f 5601 5602 5604
f 5604 5602 5605
f 5582 5581 5603
f 5607 5604 5605
f 5609 5605 5606
f 5605 5593 5606
f 5603 5604 5607
f 5607 5605 5609
f 5583 5607 5608
f 5608 5607 5609
f 5610 5609 5611
f 5609 5606 5611
f 5607 5583 5603
f 5603 5583 5582
f 5608 5609 5612
f 5612 5609 5610
f 5584 5583 5608
f 5584 5608 5613
f 5613 5608 5612
f 5614 5612 5610
f 5585 5584 5613
f 5613 5612 5615
f 5615 5612 5614
f 5614 5610 5616
f 5585 5613 5586
f 5586 5613 5615
f 5610 5611 5617
f 5615 5614 5616
f 5616 5610 5617
f 5587 5586 5615
f 5619 5615 5616
f 5618 5616 5617
f 5587 5615 5619
f 5619 5616 5621
f 5621 5616 5618
f 5588 5587 5620
f 5587 5619 5620
f 5620 5619 5621
f 5622 5535 5623
f 5535 5537 5623
f 5623 5537 5538
f 5535 5624 5536
f 5624 5625 5536
f 5536 5625 5534
f 5625 5626 5534
f 5534 5626 5533
f 5626 5627 5533
f 5533 5627 5532
f 5627 5628 5532
f 5532 5628 5531
f 5531 5628 5530
f 5628 5629 5530
f 5629 5630 5530
f 5630 5529 5530
f 5630 5631 5529
f 5631 5528 5529
f 5631 5632 5528
f 5528 5632 5527
f 5632 5633 5527
f 5633 5634 5527
f 5592 5527 5634
f 5634 5888 5592
f 3145 3143 5543
f 5540 5636 5539
f 5539 5636 5538
f 5538 5636 5623
f 5624 5535 5622
f 3142 3141 3602
f 3602 3601 5642
f 5642 3601 5638
f 3601 3603 5638
f 3603 3604 5638
f 5638 3604 5639
f 5639 3604 3606
f 3606 3607 5640
f 5640 3607 5637
f 3142 3602 5641
f 5641 3602 5642
f 5642 5638 5643
f 5639 3606 5644
f 5644 3606 5640
f 5640 5637 5645
f 5646 5641 5642
f 5642 5643 5647
f 5643 5638 5648
f 5648 5638 5649
f 5638 5639 5649
f 5649 5639 5644
f 5644 5640 5650
f 3143 5641 5646
f 5646 5642 5647
f 5647 5643 5636
f 5636 5643 5648
f 5626 5644 5650
f 5650 5640 5645
f 5645 5651 5630
f 3143 5646 5543
f 5543 5646 5541
f 5646 5647 5541
f 5541 5647 5540
f 5540 5647 5636
f 5636 5648 5623
f 5623 5648 5622
f 5648 5649 5622
f 5622 5649 5624
f 5649 5644 5624
f 5624 5644 5625
f 5644 5626 5625
f 5626 5650 5627
f 5627 5650 5628
f 5650 5645 5628
f 5628 5645 5629
f 5645 5630 5629
f 5631 5630 5651
f 5645 5637 5652
f 3607 3586 5637
f 5637 3586 5652
f 5652 5651 5645
f 5632 5631 5651
f 5632 5651 5653
f 5651 5652 5653
f 5653 5652 3586
f 3608 5653 3586
f 3608 5654 5653
f 5653 5654 5632
f 5632 5654 5635
f 5632 5635 5633
f 5633 5635 5634
f 5655 5672 5617
f 5617 5672 5618
f 5672 5670 5618
f 5618 5670 5621
f 5670 5671 5621
f 5621 5671 5620
f 5671 4622 5620
f 5620 4622 5588
f 4573 4622 4574
f 4622 5656 4574
f 4574 5656 4575
f 5656 5657 4575
f 4575 5657 4576
f 5657 5658 4576
f 4576 5658 4577
f 5658 5659 4577
f 4577 5659 4578
f 5659 5660 4578
f 4578 5660 4579
f 5660 5661 4579
f 4579 5661 4600
f 5661 5662 4600
f 5662 4580 4600
f 4581 4580 5662
f 5662 5663 4581
f 5663 5664 4581
f 5664 4582 4581
f 5665 4583 5666
f 4583 4582 5666
f 5666 4582 5664
f 4623 4571 5667
f 4571 4584 5667
f 5667 4584 5665
f 4584 4583 5665
f 5656 4622 5671
f 5656 5671 5673
f 5673 5671 5670
f 5672 5655 5676
f 5672 5675 5670
f 5676 5675 5672
f 5675 5674 5670
f 5670 5674 5673
f 5673 5657 5656
f 5675 5676 5679
f 5658 5657 5677
f 5657 5673 5677
f 5677 5673 5674
f 5674 5675 5678
f 5677 5674 5678
f 5678 5675 5679
f 5659 5658 5677
f 5659 5677 5680
f 5680 5677 5681
f 5677 5678 5681
f 5681 5678 5679
f 5659 5680 5660
f 5681 5679 5669
f 5682 5681 5669
f 5680 5681 5682
f 5661 5660 5683
f 5683 5660 5680
f 5683 5680 5682
f 5684 5682 5669
f 5683 5682 5684
f 5684 5669 5685
f 5685 5669 5686
f 5662 5661 5683
f 5662 5683 5687
f 5686 5689 5685
f 5684 5687 5683
f 5687 5663 5662
f 5684 5688 5687
f 5664 5663 5687
f 5688 5684 5689
f 5684 5685 5689
f 5689 5686 5668
f 5664 5687 5690
f 5688 5691 5687
f 5687 5691 5690
f 5668 5692 5689
f 5689 5692 5688
f 5690 5666 5664
f 5691 5688 5693
f 5693 5688 5692
f 5665 5666 5690
f 5690 5691 5694
f 5694 5691 5693
f 5665 5690 5694
f 5693 5692 5742
f 5742 5692 5668
f 4661 4655 5695
f 5757 5696 5697
f 5699 5757 5697
f 5715 5716 5714
f 4623 5716 5717
f 5717 5716 5715
f 5715 5714 5713
f 5714 5743 5713
f 4625 4623 5718
f 5718 4623 5717
f 5717 5715 5719
f 5719 5715 5713
f 5718 5717 5719
f 5719 5713 5720
f 5720 5713 5712
f 5720 5712 5711
f 4626 4625 5718
f 5720 5711 5710
f 4626 5718 5721
f 5721 5718 5722
f 5722 5718 5719
f 5723 5719 5720
f 5722 5719 5723
f 5723 5720 5710
f 5710 5709 5723
f 4624 4626 5721
f 5721 5722 5725
f 5725 5722 5724
f 5724 5723 5708
f 5723 5709 5708
f 5723 5724 5722
f 4627 4624 5721
f 5725 5724 5726
f 5724 5708 5728
f 5728 5708 5706
f 5708 5707 5706
f 4627 5721 5727
f 5727 5721 5725
f 5726 5724 5728
f 5727 5725 5729
f 5729 5725 5726
f 5728 5706 5705
f 5705 5703 5728
f 5728 5730 5726
f 5726 5730 5729
f 5730 5728 5703
f 5703 5705 5704
f 4628 4627 5727
f 5730 5731 5729
f 5729 5731 5727
f 5730 5703 5702
f 5702 5701 5730
f 5701 5731 5730
f 5727 4629 4628
f 5732 5731 5734
f 5731 5701 5734
f 5734 5701 5733
f 5731 5732 5727
f 5727 5732 4629
f 4629 5732 5735
f 5735 5732 5734
f 5737 5734 5698
f 5734 5733 5698
f 5698 5733 5700
f 4630 4629 5736
f 5736 4629 5735
f 5735 5734 5737
f 4631 4630 5736
f 5698 5700 5699
f 5699 5697 5698
f 5698 5697 5737
f 5736 5735 5737
f 5736 5737 5738
f 5738 5737 5697
f 5696 4732 5697
f 4732 5738 5697
f 4632 4631 5736
f 5739 5736 5738
f 4632 5736 4636
f 4636 5736 5739
f 4661 4732 4710
f 5740 4732 5695
f 4732 4661 5695
f 4732 5740 5738
f 5738 5740 5739
f 5740 5695 4634
f 4502 4632 4636
f 4636 5739 4635
f 5739 5740 4635
f 4635 5740 4634
f 4634 5695 4633
f 4633 5695 4655
f 5741 5694 5693
f 5741 5693 5742
f 5714 5742 5743
f 5743 5742 5668
f 5694 5667 5665
f 5714 5741 5742
f 5714 5716 5741
f 4623 5667 5716
f 5716 5667 5741
f 5667 5694 5741
f 5746 5743 5747
f 5746 5745 5743
f 5743 5745 5713
f 5713 5745 5712
f 5745 5748 5712
f 5712 5748 5711
f 5748 5749 5711
f 5711 5749 5710
f 5749 5750 5710
f 5750 5751 5710
f 5710 5751 5709
f 5709 5751 5708
f 5751 5744 5708
f 5708 5744 5707
f 5707 5752 5706
f 5706 5752 5705
f 5752 5753 5705
f 5753 5704 5705
f 5704 5754 5703
f 5754 5755 5703
f 5703 5755 5702
f 5755 5756 5702
f 5702 5756 5701
f 5701 5756 5733
f 4801 5774 4802
f 5752 5707 5744
f 5758 4803 4804
f 5756 5759 5733
f 5733 5759 5700
f 5759 5760 5700
f 5699 5700 5760
f 5759 5756 5761
f 5756 5755 5761
f 5761 5755 5754
f 5704 5753 5754
f 5754 5753 5762
f 5753 5752 5762
f 5752 5744 5762
f 5762 5744 5763
f 5744 5751 5763
f 5763 5751 5764
f 5751 5750 5764
f 5750 5749 5764
f 5764 5749 5765
f 5749 5748 5765
f 5748 5745 5765
f 5765 5745 5766
f 5766 5745 5940
f 5745 5746 5940
f 5760 5759 5767
f 5767 5759 5768
f 5759 5761 5768
f 5761 5754 5769
f 5769 5754 5762
f 5769 5762 5770
f 5770 5762 5771
f 5762 5763 5771
f 5771 5763 5772
f 5763 5764 5772
f 5772 5764 5773
f 5764 5765 5773
f 5765 5766 5773
f 5773 5766 5774
f 5774 5766 5940
f 5776 5767 4807
f 5767 5768 4807
f 4807 5768 4806
f 5768 5761 4806
f 4806 5761 5769
f 5771 5772 5758
f 5772 5773 5758
f 4806 5769 4805
f 5769 5770 4805
f 4805 5770 4804
f 5770 5771 4804
f 5771 5758 4804
f 5758 5773 4803
f 4803 5773 4801
f 5773 5774 4801
f 5760 5767 5775
f 5767 5776 5775
f 5696 5757 4731
f 5757 5775 4731
f 5699 5760 5757
f 5760 5775 5757
f 4731 5775 4723
f 5775 5776 4723
f 4723 5776 4733
f 5654 5887 5778
f 5635 5778 5634
f 5634 5778 5888
f 5887 5654 5779
f 5779 5654 5777
f 5777 5654 3608
f 5778 5635 5654
f 5789 5790 5886
f 5801 5799 5800
f 5807 5786 5857
f 5806 5807 5808
f 5809 5808 5810
f 5785 5811 5784
f 3581 5815 3582
f 5779 5816 5817
f 5816 5818 5817
f 5817 5818 5819
f 5818 5820 5819
f 5779 5817 5797
f 5797 5817 5823
f 5823 5817 5824
f 5817 5819 5824
f 5819 5820 5825
f 5825 5820 5826
f 5820 5821 5826
f 5826 5821 5827
f 5821 5822 5827
f 5824 5819 5828
f 5819 5825 5828
f 5799 5797 5798
f 5797 5823 5798
f 5798 5823 5830
f 5823 5824 5830
f 5830 5824 5831
f 5824 5828 5831
f 5828 5825 5832
f 5825 5826 5832
f 5828 5832 5831
f 5832 5826 5833
f 5826 5827 5833
f 5827 5829 5833
f 5833 5829 5872
f 5799 5798 5800
f 5798 5830 5800
f 5800 5830 5834
f 5830 5831 5834
f 5834 5831 5835
f 5831 5832 5835
f 5835 5832 5836
f 5832 5833 5836
f 5836 5833 5837
f 5833 5872 5837
f 5801 5800 5838
f 5800 5834 5838
f 5801 5838 5802
f 5838 5834 5839
f 5839 5834 5840
f 5834 5835 5840
f 5835 5836 5840
f 5840 5836 5841
f 5836 5837 5841
f 5841 5837 5842
f 5802 5838 5843
f 5843 5838 5839
f 5840 5841 5844
f 5841 5842 5844
f 5802 5843 5803
f 5843 5839 5845
f 5845 5839 5846
f 5839 5840 5846
f 5846 5840 5844
f 5844 5842 5847
f 5803 5843 5845
f 5845 5846 5848
f 5848 5846 5849
f 5846 5844 5849
f 5849 5844 5850
f 5844 5847 5850
f 5803 5845 5804
f 5804 5845 5852
f 5852 5845 5848
f 5850 5847 5853
f 5853 5847 5851
f 5852 5848 5854
f 5848 5849 5854
f 5854 5849 5855
f 5849 5850 5855
f 5855 5850 5853
f 5853 5851 5856
f 5805 5804 5857
f 5804 5852 5857
f 5852 5854 5857
f 5854 5855 5858
f 5855 5853 5859
f 5853 5856 5859
f 5805 5857 5786
f 5857 5854 5860
f 5854 5858 5860
f 5858 5855 5861
f 5861 5855 5862
f 5855 5859 5862
f 5859 5856 5863
f 5807 5857 5864
f 5857 5860 5864
f 5860 5858 5861
f 5862 5859 5865
f 5865 5859 5866
f 5859 5863 5866
f 5807 5864 5808
f 5864 5860 5784
f 5860 5861 5784
f 5784 5861 5813
f 5861 5862 5813
f 5813 5862 5865
f 5808 5864 5810
f 5864 5784 5810
f 5810 5784 5811
f 5784 5813 5812
f 5813 5865 5783
f 5783 5865 5814
f 5814 5865 5782
f 5865 5866 5782
f 5851 5847 5867
f 5867 5847 5842
f 5829 5827 5868
f 5868 5827 5869
f 5827 5822 5869
f 3581 5870 5815
f 5867 5842 5871
f 5871 5842 5872
f 5842 5837 5872
f 5877 5866 5863
f 5875 5829 5868
f 5873 5856 5874
f 5856 5851 5874
f 5874 5851 5867
f 5881 5872 5875
f 5872 5829 5875
f 5868 5869 5876
f 5781 5782 5879
f 5879 5782 5877
f 5782 5866 5877
f 5863 5856 5873
f 5871 5872 5878
f 5880 5867 5871
f 5878 5872 5881
f 5882 5875 5868
f 5876 5869 5883
f 5876 5882 5868
f 5867 5880 5874
f 5871 5878 5880
f 5863 5884 5877
f 5875 5886 5881
f 5873 5884 5863
f 5879 5877 5793
f 5878 5881 5886
f 5780 5885 5879
f 5793 5877 5884
f 5875 5882 5796
f 5780 5879 5792
f 5792 5879 5793
f 5874 5880 5795
f 5795 5880 5878
f 5876 5883 5788
f 5793 5884 5794
f 5884 5873 5791
f 5873 5874 5791
f 5791 5874 5795
f 5795 5878 5790
f 5790 5878 5886
f 5796 5882 5876
f 5886 5875 5789
f 5789 5875 5796
f 5796 5876 5788
f 3579 5787 3613
f 5787 5883 3613
f 3613 5883 3580
f 3580 5883 5870
f 5883 5815 5870
f 3582 5821 3583
f 3583 5821 3584
f 5821 3611 3584
f 3611 5818 3609
f 5818 5816 3609
f 3609 5816 3585
f 5816 5777 3585
f 3585 5777 3608
f 5788 5883 5787
f 5883 5869 5815
f 5869 5822 5815
f 5815 5822 3582
f 5822 5821 3582
f 5821 5820 3611
f 5820 5818 3611
f 5816 5779 5777
f 5794 5884 5791
f 5779 5797 5887
f 5887 5797 5892
f 5797 5799 5892
f 5799 5801 5893
f 5801 5802 5893
f 5893 5802 5894
f 5894 5802 5895
f 5802 5803 5895
f 5895 5803 5804
f 5804 5805 5896
f 5896 5805 5786
f 5786 5807 5897
f 5807 5806 5897
f 5897 5806 5898
f 5892 5799 5893
f 5895 5804 5899
f 5804 5896 5899
f 5896 5786 5897
f 5778 5887 5900
f 5887 5892 5900
f 5892 5893 5900
f 5900 5893 5901
f 5893 5894 5901
f 5894 5895 5901
f 5901 5895 5902
f 5902 5895 5899
f 5899 5896 5903
f 5903 5896 5897
f 5897 5898 5904
f 5902 5899 5891
f 5891 5899 5903
f 5903 5897 5905
f 5897 5904 5905
f 5778 5900 5888
f 5888 5900 5889
f 5900 5901 5889
f 5889 5901 5890
f 5901 5902 5890
f 5890 5902 5891
f 5891 5903 5906
f 5903 5905 5906
f 5905 5904 5907
f 5906 5905 5907
f 5904 5898 5908
f 5910 5907 5909
f 5907 5904 5909
f 5611 5606 5891
f 5891 5906 5611
f 5906 5907 5611
f 5611 5907 5617
f 5617 5907 5655
f 5907 5910 5655
f 5910 5911 5655
f 5655 5911 5676
f 5912 5676 5911
f 5679 5676 5912
f 5912 5669 5679
f 5593 5890 5606
f 5606 5890 5891
f 5594 5592 5888
f 5593 5600 5890
f 5600 5594 5889
f 5889 5594 5888
f 5890 5600 5889
f 5912 5913 5669
f 5913 5914 5669
f 5669 5914 5686
f 5914 5915 5686
f 5686 5915 5668
f 5915 5747 5668
f 5668 5747 5743
f 6038 5916 5908
f 5908 5916 5925
f 5916 5917 5925
f 5918 5919 5926
f 5919 5920 5927
f 5927 5920 5928
f 5920 5921 5928
f 5921 5922 5928
f 5922 5923 5928
f 5924 5929 5930
f 5908 5925 5909
f 5909 5925 5931
f 5931 5926 5911
f 5911 5926 5932
f 5926 5933 5932
f 5933 5927 5934
f 5927 5928 5934
f 5934 5928 5935
f 5930 5936 5924
f 5936 5935 5924
f 5924 5935 5923
f 5935 5928 5923
f 5927 5933 5919
f 5933 5926 5919
f 5926 5931 5918
f 5918 5931 5917
f 5931 5925 5917
f 5930 5937 5936
f 5909 5931 5911
f 5934 5935 5914
f 5914 5935 5915
f 5935 5936 5915
f 5915 5936 5937
f 5909 5911 5910
f 5911 5932 5912
f 5932 5933 5912
f 5912 5933 5913
f 5933 5934 5913
f 5913 5934 5914
f 5915 5937 5747
f 5938 4802 5774
f 5930 5939 5937
f 5939 5774 5940
f 5937 5940 5747
f 5747 5940 5746
f 5774 5939 5938
f 5938 5939 5930
f 5940 5937 5939
f 6033 5917 5916
f 5952 5922 5921
f 5953 5954 5955
f 5955 5956 5957
f 5965 5966 5964
f 5964 5966 5967
f 5918 5968 5919
f 5919 5968 5969
f 5968 5970 5969
f 5969 5970 5971
f 5970 5972 5971
f 5973 5974 5975
f 5974 5976 5975
f 5975 5976 5977
f 5976 5978 5977
f 5971 5972 5980
f 5972 5973 5980
f 5980 5973 5981
f 5973 5975 5981
f 5977 5978 5982
f 5919 5969 5920
f 5920 5969 5983
f 5969 5971 5983
f 5983 5971 5984
f 5984 5971 5985
f 5971 5980 5985
f 5980 5981 5986
f 5981 5975 5986
f 5986 5975 5987
f 5975 5977 5987
f 5987 5977 5988
f 5988 5977 5982
f 5983 5984 5989
f 5988 5982 5990
f 5990 5982 5947
f 5921 5920 5951
f 5920 5983 5951
f 5983 5989 5951
f 5989 5984 5991
f 5991 5984 5985
f 5985 5980 5992
f 5980 5986 5992
f 5986 5987 5993
f 5987 5988 5993
f 5988 5990 5993
f 5921 5951 5952
f 5951 5989 5952
f 5952 5989 5994
f 5989 5991 5994
f 5991 5985 5995
f 5985 5992 5995
f 5995 5992 5996
f 5992 5986 5996
f 5986 5993 5996
f 5996 5993 5997
f 5993 5990 5997
f 5997 5990 5998
f 5994 5991 5999
f 5922 5952 6000
f 5952 5994 6000
f 6000 5994 6001
f 5994 5999 6001
f 5999 5991 6002
f 5991 5995 6002
f 6002 5995 6003
f 5995 5996 6003
f 6003 5996 6004
f 5996 5997 6004
f 6004 5997 6005
f 5997 5998 6005
f 6005 5998 6006
f 5998 5945 6006
f 5922 6000 5923
f 6001 5999 6007
f 5999 6002 6007
f 6007 6002 6003
f 6003 6004 6008
f 6008 6004 6005
f 5924 5923 6009
f 5923 6000 6009
f 6000 6001 6009
f 6009 6001 6010
f 6010 6001 6011
f 6001 6007 6011
f 6007 6003 6012
f 6003 6008 6012
f 6008 6005 6013
f 6005 6006 6013
f 6013 6006 5944
f 6011 6007 6012
f 6012 6008 6014
f 6008 6013 6014
f 6014 6013 6015
f 5924 6009 5929
f 5929 6009 6016
f 6009 6010 6016
f 6010 6011 6017
f 6011 6012 6017
f 6015 6013 6018
f 5930 5929 6019
f 5929 6016 6019
f 6019 6016 6020
f 6016 6010 6020
f 6010 6017 6020
f 6020 6017 6021
f 6021 6017 6022
f 6017 6012 6022
f 6012 6014 6022
f 6022 6014 6023
f 6023 6014 6024
f 6014 6015 6024
f 6024 6015 6018
f 5930 6019 5938
f 6024 6018 6025
f 6018 5942 6025
f 6025 5942 4787
f 5938 6019 4802
f 4802 6019 4769
f 4769 6019 4800
f 6019 6020 4800
f 6020 6021 4800
f 4800 6021 4799
f 4799 6021 4797
f 6021 6022 4797
f 4797 6022 4795
f 6022 6023 4795
f 4795 6023 4794
f 6023 6024 4794
f 4794 6024 4792
f 6024 6025 4792
f 4792 6025 4790
f 4790 6025 4789
f 6025 4787 4789
f 5979 5941 5978
f 5978 5941 5982
f 5990 5946 5998
f 5998 5946 5945
f 6006 5945 5944
f 5944 5943 6013
f 6013 5943 6018
f 4788 5440 4789
f 4788 4789 4787
f 5942 6018 5943
f 5946 5990 5947
f 5947 5982 5941
f 5950 5949 5967
f 5949 6026 5967
f 5967 6026 5964
f 6026 6027 5964
f 5964 6027 5963
f 6027 5962 5963
f 5962 5959 5961
f 5961 5959 5960
f 5958 6028 5957
f 5957 6028 5955
f 5955 6028 5953
f 6028 5916 5953
f 5953 5916 6038
f 5949 6029 6026
f 6029 6027 6026
f 6027 6030 5962
f 6030 6031 5962
f 5962 6031 5959
f 6031 6032 5959
f 5959 6032 5958
f 6032 6028 5958
f 6028 6033 5916
f 5948 6029 5949
f 6029 6034 6027
f 6032 6035 6028
f 6035 6033 6028
f 5948 5979 6029
f 5979 6034 6029
f 6034 5976 6027
f 6027 5976 6030
f 5976 5974 6030
f 6030 5974 6031
f 5974 6036 6031
f 6036 6037 6031
f 6031 6037 6032
f 6032 6037 6035
f 6037 5970 6035
f 5970 5968 6035
f 6035 5968 6033
f 5968 5918 6033
f 6033 5918 5917
f 5948 5941 5979
f 5979 5978 6034
f 5978 5976 6034
f 5974 5973 6036
f 5973 5972 6036
f 6036 5972 6037
f 5972 5970 6037
f 5909 5904 5908
f 5908 5898 6038
f 5898 5806 6038
f 1995 6046 1993
f 6046 1992 1993
f 6048 6041 6047
f 6041 6049 6047
f 6047 6049 6045
f 6045 6050 6044
f 6050 6051 6044
f 6044 6051 6043
f 1991 1992 6052
f 6052 1992 6046
f 6049 6053 6045
f 6045 6053 6050
f 6043 6054 6042
f 6041 6061 6049
f 6061 6055 6049
f 6055 6053 6049
f 6050 6056 6051
f 6061 6040 6055
f 6053 6056 6050
f 6051 6054 6043
f 6040 6057 6055
f 6055 6057 6053
f 6057 6056 6053
f 6056 6058 6051
f 6039 6057 6040
f 6051 6058 6054
f 6042 6054 1999
f 6039 6059 6057
f 6057 6059 6056
f 6059 6060 6056
f 6056 6060 6058
f 1998 6054 6058
f 6054 1997 1999
f 6039 6052 6059
f 1998 1997 6054
f 6052 6046 6059
f 6046 1995 6059
f 6059 1995 6060
f 1995 1996 6060
f 6060 1996 6058
f 1996 1998 6058
f 1989 2047 6326
f 529 530 6264
f 1939 1935 6319
f 6064 444 443
f 6065 447 446
f 539 540 6069
f 6236 493 492
f 434 435 6077
f 6077 435 494
f 6082 6081 6080
f 1991 6082 6083
f 1991 6083 2001
f 2047 2037 6084
f 6326 2047 6084
f 1935 1981 6319
f 6310 1905 1943
f 1910 1911 6086
f 6087 1886 1908
f 6088 1895 1893
f 1769 6089 1772
f 1704 1754 6090
f 1709 1704 6091
f 1719 6159 1720
f 1019 6184 1017
f 6093 749 727
f 828 830 738
f 738 830 832
f 828 6094 826
f 823 826 6094
f 818 820 6095
f 756 814 6096
f 806 807 6097
f 789 794 6161
f 786 788 6098
f 782 783 6068
f 771 773 6100
f 6100 773 775
f 769 771 6100
f 6101 764 768
f 763 765 6101
f 543 759 757
f 758 759 543
f 6085 6086 1912
f 1912 6086 1911
f 6086 6102 1910
f 1910 6102 1909
f 6102 6087 1909
f 1909 6087 1908
f 6111 6102 6086
f 6087 6103 1886
f 1886 6103 1892
f 6103 1893 1892
f 6102 6111 6087
f 6103 6088 1893
f 6111 6104 6087
f 6104 6103 6087
f 6103 1776 6088
f 6105 6106 6104
f 6106 6107 6103
f 6107 1775 6103
f 6104 6106 6103
f 6103 1775 1776
f 6105 6113 6106
f 6113 6107 6106
f 6107 6109 1775
f 6109 1774 1775
f 6113 6108 6107
f 6108 6109 6107
f 6109 1773 1774
f 6108 6110 6109
f 6109 6110 1773
f 6108 6071 6110
f 6110 1769 1773
f 6071 6089 6110
f 1769 6110 6089
f 6112 6104 6111
f 6113 6114 6108
f 6114 6115 6108
f 6071 6214 6089
f 531 532 6121
f 6121 532 6117
f 6118 6119 6120
f 533 534 6119
f 6119 6122 6120
f 6069 540 541
f 535 6075 6119
f 6075 6076 6122
f 6076 6124 6122
f 539 6069 6126
f 6076 539 6126
f 757 761 543
f 763 6101 761
f 6101 542 761
f 761 542 543
f 765 764 6101
f 828 738 6094
f 534 535 6119
f 6119 6075 6122
f 6122 6124 6123
f 6123 6124 6129
f 537 539 6076
f 6126 6069 6125
f 535 537 6075
f 6124 6126 6127
f 537 6076 6075
f 6076 6126 6124
f 6126 6125 6127
f 6125 6100 6127
f 6127 6100 6130
f 6130 6100 775
f 769 6125 768
f 6125 6101 768
f 6101 6069 542
f 6069 541 542
f 6100 6125 769
f 6125 6069 6101
f 6124 6127 6129
f 6130 775 6099
f 775 778 6099
f 6099 778 780
f 532 533 6117
f 6117 533 6118
f 533 6119 6118
f 6129 6127 6130
f 6099 780 6068
f 6068 780 782
f 1772 6089 1771
f 6089 6070 1771
f 6115 6071 6108
f 6089 6213 6070
f 1771 6070 1770
f 1770 6070 1758
f 6248 6136 6137
f 6091 6139 1711
f 6139 6149 1711
f 6143 6144 6145
f 6145 6144 6146
f 6147 6148 6149
f 6140 6141 6252
f 6136 6143 6145
f 6145 6146 6138
f 6146 6147 6138
f 6147 6149 6139
f 6150 1714 1713
f 788 789 6098
f 6098 789 6161
f 6152 794 793
f 6152 793 796
f 6152 796 797
f 6184 1008 1017
f 1008 6154 1014
f 6154 6183 1014
f 6183 1012 1014
f 1012 6182 1010
f 6182 727 1010
f 1010 727 731
f 1714 6150 6151
f 6136 6142 6143
f 6140 6253 6116
f 1716 6151 6155
f 6151 6150 6156
f 6150 6148 6156
f 6156 6148 6167
f 6153 6152 6158
f 6152 797 6158
f 797 801 6158
f 6158 801 803
f 6153 6158 6160
f 6165 1717 1716
f 6159 6153 6160
f 6158 803 6097
f 803 806 6097
f 6161 6068 783
f 6159 6160 6162
f 6160 6158 6097
f 6118 6120 6166
f 6166 6120 6128
f 6120 6122 6128
f 6122 6123 6128
f 6130 6099 6163
f 6099 6068 6164
f 6161 6152 6165
f 6153 6159 1719
f 786 6098 783
f 783 6098 6161
f 794 6152 6161
f 530 531 6264
f 6264 531 6121
f 6117 6118 6266
f 6266 6118 6166
f 6123 6129 6268
f 6164 6068 6168
f 6161 6165 6155
f 6165 6152 1718
f 6152 6153 1718
f 809 6097 807
f 6162 1720 6159
f 814 815 6096
f 6096 6169 6097
f 6162 6160 6169
f 6160 6097 6169
f 6097 809 6096
f 809 756 6096
f 1721 1720 6092
f 1720 6162 6092
f 6092 6162 6170
f 6170 6162 6169
f 6096 815 6172
f 815 816 6095
f 816 818 6095
f 822 6095 820
f 6095 6172 815
f 6171 6172 6095
f 6174 6173 6172
f 6170 6169 6173
f 6169 6096 6173
f 6173 6096 6172
f 6095 822 6171
f 822 823 6094
f 6094 738 740
f 6093 6177 6171
f 6174 6178 6173
f 6178 6175 6173
f 6175 6176 6170
f 6170 6176 6092
f 6176 1722 6092
f 6171 6179 6174
f 6179 6178 6174
f 6176 1723 1722
f 6093 740 749
f 1721 6092 1722
f 6170 6173 6175
f 6172 6171 6174
f 6171 822 6093
f 822 6094 6093
f 6094 740 6093
f 6093 6182 6177
f 6179 6154 6178
f 6154 6180 6178
f 6178 6180 6175
f 6180 6181 6175
f 6176 1724 1723
f 6181 6176 6175
f 6179 6171 6177
f 6183 6154 6179
f 6154 6184 6180
f 6180 1007 6181
f 6181 1725 1724
f 1724 6176 6181
f 6179 6177 6183
f 6177 6182 6183
f 6093 727 6182
f 6154 1008 6184
f 6184 1019 1007
f 1007 1022 6181
f 6181 1022 1680
f 1725 6181 1680
f 6180 6184 1007
f 1012 6183 6182
f 6066 633 407
f 6185 6066 448
f 6066 407 448
f 634 633 6066
f 6185 448 447
f 6185 447 6065
f 635 634 6066
f 635 6066 6072
f 445 6187 446
f 636 635 6072
f 6185 6065 6186
f 6065 446 6187
f 6072 6066 6188
f 6066 6185 6188
f 6188 6185 6186
f 6186 6065 6187
f 6187 445 6064
f 445 444 6064
f 639 638 6189
f 638 636 6189
f 6072 6188 6190
f 6189 636 6191
f 636 6072 6191
f 6188 6186 6192
f 6191 6072 6190
f 6186 6187 6193
f 6064 443 6078
f 6078 443 442
f 6190 6188 6192
f 6192 6186 6193
f 6187 6064 6194
f 6194 6193 6187
f 640 639 6203
f 639 6189 6203
f 6195 6190 6192
f 6064 6078 6194
f 6194 6078 6197
f 6078 442 6063
f 6189 6191 6200
f 6191 6190 6196
f 6196 6190 6195
f 6193 6194 6198
f 6078 6063 6199
f 642 640 6203
f 6203 6189 6200
f 6194 6197 6201
f 6197 6078 6199
f 6198 6194 6201
f 6202 642 6203
f 6200 6196 6204
f 6195 6192 6205
f 6205 6192 6206
f 6199 6063 441
f 6200 6191 6196
f 6192 6193 6206
f 6206 6193 6198
f 643 642 6202
f 6202 6203 6207
f 6196 6195 6208
f 6198 6201 6209
f 6197 6199 6226
f 6210 6199 441
f 6215 1914 1906
f 1913 1914 6085
f 1914 6211 6085
f 6211 1914 6215
f 1757 1758 6131
f 6131 6070 6212
f 6071 6115 6214
f 6112 6111 6315
f 6315 6111 6314
f 6086 6085 6314
f 6314 6085 6313
f 6313 6085 6211
f 1912 1913 6085
f 6218 6227 6219
f 6227 6230 6219
f 6219 6230 6220
f 6220 6229 6221
f 6225 6226 6233
f 6204 6196 6208
f 6206 6198 6209
f 6201 6197 6226
f 6226 6199 6210
f 6210 441 439
f 6203 6200 6227
f 6227 6200 6204
f 6195 6205 6208
f 632 643 6228
f 643 6202 6228
f 6228 6202 6207
f 6207 6203 6227
f 6208 6205 6229
f 6229 6205 6206
f 6209 6201 6224
f 6224 6201 6225
f 6201 6226 6225
f 6204 6208 6230
f 6210 439 6073
f 439 434 6073
f 632 6228 6216
f 6228 6207 6231
f 6206 6209 6222
f 6073 434 6077
f 673 632 6216
f 6207 6227 6218
f 6227 6204 6230
f 6230 6208 6220
f 6229 6206 6222
f 6226 6210 6234
f 6234 6210 6073
f 494 493 6236
f 1757 6131 6132
f 6213 6089 6300
f 6089 6214 6300
f 1906 1905 6310
f 6280 673 6216
f 6231 6218 6232
f 6221 6222 6291
f 6233 6226 6234
f 6237 6250 6238
f 6240 6242 6241
f 6247 6248 6249
f 6137 6138 6090
f 6090 6138 6091
f 6091 1710 1709
f 6077 494 6236
f 6074 6250 6237
f 6238 6250 6239
f 6240 6251 6242
f 6244 6253 6245
f 6245 6253 6246
f 6246 6252 6247
f 6252 6248 6247
f 6216 6228 6217
f 6228 6231 6217
f 6231 6207 6218
f 6208 6229 6220
f 6221 6229 6222
f 6222 6209 6223
f 6209 6224 6223
f 6234 6073 6235
f 6235 6073 6077
f 6077 6236 6285
f 6239 6240 6272
f 6249 6248 6137
f 6091 1711 1710
f 484 6074 6236
f 6250 6257 6239
f 6257 6240 6239
f 6251 6243 6242
f 6250 6254 6257
f 6255 6256 6240
f 6240 6256 6251
f 6256 6258 6251
f 6142 6136 6248
f 6136 6145 6137
f 6149 6150 1712
f 484 521 6074
f 6074 6254 6250
f 6257 6255 6240
f 6251 6258 6243
f 6252 6142 6248
f 521 522 6074
f 6074 522 6254
f 6258 6244 6243
f 492 484 6236
f 6236 6074 6237
f 6253 6252 6246
f 6137 6145 6138
f 6138 6139 6091
f 6149 1712 1711
f 524 525 6254
f 6254 525 6257
f 6259 6256 6255
f 6261 6116 6244
f 522 524 6254
f 6257 6259 6255
f 6256 6260 6258
f 6258 6261 6244
f 6259 6260 6256
f 6261 6262 6116
f 6141 6263 6142
f 6151 1715 1714
f 526 527 6259
f 6259 527 6260
f 6260 6062 6261
f 6265 6263 6141
f 6262 6140 6116
f 6140 6265 6141
f 6263 6143 6142
f 6146 6157 6147
f 6148 6150 6149
f 6151 1716 1715
f 527 528 6260
f 528 6062 6260
f 6062 6264 6261
f 6265 6266 6263
f 6263 6128 6143
f 6128 6144 6143
f 525 526 6257
f 6257 526 6259
f 6260 6261 6258
f 6244 6116 6253
f 6253 6140 6252
f 6141 6142 6252
f 6138 6147 6139
f 1712 6150 1713
f 1758 6070 6131
f 6070 6213 6212
f 6111 6086 6314
f 528 529 6062
f 6266 6166 6263
f 6128 6267 6144
f 6168 6155 6151
f 6267 6268 6144
f 6144 6268 6157
f 6268 6167 6157
f 6155 6165 1716
f 6117 6266 6265
f 6163 6164 6156
f 6165 1718 1717
f 6128 6123 6267
f 6267 6123 6268
f 6268 6129 6167
f 529 6264 6062
f 6264 6121 6262
f 6121 6117 6262
f 6262 6117 6265
f 6263 6166 6128
f 6167 6163 6156
f 6156 6164 6151
f 6164 6168 6151
f 6129 6130 6167
f 6167 6130 6163
f 6163 6099 6164
f 6068 6161 6168
f 6168 6161 6155
f 6153 1719 1718
f 6261 6264 6262
f 6262 6265 6140
f 6144 6157 6146
f 6147 6157 6148
f 6157 6167 6148
f 6083 6082 6269
f 6270 6083 6269
f 6269 6082 6280
f 6082 6080 6280
f 6279 6216 6217
f 6291 6222 6223
f 6223 6224 6276
f 6224 6225 6276
f 6285 6236 6273
f 6238 6239 6271
f 6239 6272 6271
f 6240 6241 6272
f 6243 6244 6281
f 6281 6244 6245
f 6249 6137 6133
f 6133 6137 6090
f 6091 1704 6090
f 6246 6298 6245
f 6238 6283 6237
f 6235 6294 6275
f 6234 6275 6233
f 6291 6277 6221
f 6277 6219 6220
f 6219 6289 6218
f 6218 6289 6232
f 6232 6278 6217
f 6278 6279 6217
f 6298 6281 6245
f 6241 6296 6272
f 6272 6296 6282
f 6271 6282 6238
f 6284 6285 6273
f 6275 6293 6233
f 6293 6276 6233
f 6287 6288 6219
f 6232 6290 6278
f 6133 6134 6249
f 6134 6135 6249
f 6272 6282 6271
f 6283 6284 6237
f 6237 6284 6273
f 6274 6294 6235
f 6276 6286 6223
f 6277 6287 6219
f 6289 6290 6232
f 6280 6080 673
f 673 6080 672
f 6080 6081 672
f 672 6081 6079
f 6280 6216 6279
f 6217 6231 6232
f 6277 6220 6221
f 6225 6233 6276
f 6234 6235 6275
f 6235 6077 6274
f 6077 6285 6274
f 6273 6236 6237
f 6242 6243 6281
f 6246 6247 6135
f 6135 6247 6249
f 6291 6223 6303
f 6223 6286 6303
f 6286 6276 6292
f 6292 6276 6293
f 6295 6294 6312
f 6312 6285 6284
f 6299 6281 6298
f 6246 6135 6297
f 1754 1755 6133
f 1755 6067 6133
f 6316 6297 6135
f 6297 6212 6298
f 6299 6300 6281
f 6296 6114 6282
f 6114 6301 6282
f 6301 6302 6282
f 6295 6311 6294
f 6294 6311 6293
f 6293 6310 6292
f 6292 6303 6286
f 6303 6304 6291
f 6304 6308 6287
f 6288 6305 6289
f 6290 6317 6278
f 6317 6270 6278
f 6133 6067 6134
f 6134 6316 6135
f 6300 6296 6241
f 6302 6315 6283
f 6315 6284 6283
f 6284 6313 6312
f 6304 6287 6277
f 6289 6306 6290
f 6278 6270 6279
f 6270 6269 6279
f 6317 6290 6306
f 6308 6304 6309
f 6304 6303 6319
f 6303 6292 6310
f 6311 6295 6215
f 6302 6301 6105
f 6296 6300 6214
f 6316 6067 1756
f 6317 6306 6318
f 6318 6306 6321
f 6309 6304 6319
f 6295 6312 6211
f 6312 6313 6211
f 6213 6299 6212
f 6212 6297 6131
f 6131 6297 6132
f 6315 6302 6112
f 6112 6302 6105
f 6114 6296 6115
f 6300 6299 6213
f 6299 6298 6212
f 6297 6316 6132
f 6132 6316 1753
f 6316 1756 1753
f 1755 1756 6067
f 6067 6316 6134
f 6315 6314 6284
f 6284 6314 6313
f 6311 6310 6293
f 6287 6305 6288
f 6305 6307 6289
f 6289 6307 6306
f 1754 6133 6090
f 6246 6297 6298
f 6281 6300 6242
f 6300 6241 6242
f 6282 6302 6238
f 6302 6283 6238
f 6285 6312 6274
f 6312 6294 6274
f 6294 6293 6275
f 6291 6304 6277
f 6288 6289 6219
f 6279 6269 6280
f 1941 1939 6303
f 1939 6319 6303
f 6308 6323 6287
f 6323 6320 6287
f 6320 6324 6307
f 6317 2008 6270
f 1981 1983 6319
f 6319 1983 6309
f 6317 2012 2010
f 6324 6321 6307
f 6321 6322 6318
f 6317 2010 2008
f 6326 6322 6321
f 6318 2015 6317
f 6317 2015 2012
f 2057 1985 6323
f 1985 6325 6323
f 6320 6325 6324
f 6322 2017 2015
f 1983 2057 6309
f 6309 2057 6323
f 6323 6325 6320
f 6324 6327 6321
f 6327 6326 6321
f 6322 2015 6318
f 6309 6323 6308
f 2052 1986 6325
f 1985 2052 6325
f 6325 6327 6324
f 6326 2017 6322
f 6326 6084 2037
f 2020 6326 2037
f 1989 6326 1987
f 6326 6327 1987
f 6327 1986 1987
f 6325 1986 6327
f 6326 2020 2017
f 6214 6115 6296
f 6114 6113 6301
f 6113 6105 6301
f 6105 6104 6112
f 6211 6215 6295
f 6215 1906 6311
f 6311 1906 6310
f 6310 1943 6303
f 1943 1941 6303
f 6287 6320 6305
f 6320 6307 6305
f 6307 6321 6306
f 6270 2008 6083
f 2008 2004 6083
f 2004 2001 6083
f 6081 6082 6328
f 6081 6328 6079
f 6328 6330 6079
f 6333 6346 6332
f 6334 6346 6333
f 6335 6334 6329
f 6328 6331 6330
f 6331 6336 6332
f 6328 6338 6331
f 6338 6336 6331
f 6336 6333 6332
f 6333 6339 6334
f 6339 6329 6334
f 6339 6337 6329
f 6338 6039 6336
f 6061 6339 6333
f 6339 6340 6337
f 6048 6340 6041
f 6340 6339 6041
f 6041 6339 6061
f 6061 6333 6040
f 6333 6336 6040
f 6040 6336 6039
f 6039 6338 6052
f 6338 6328 6052
f 6052 6328 1991
f 6328 6082 1991
f 6341 6048 6342
f 6048 6047 6342
f 6342 6047 6343
f 6047 6045 6343
f 6045 6044 6343
f 6044 6043 6343
f 6343 6043 6345
f 6345 6043 6344
f 6043 6042 6344
f 6352 6353 6355
f 6355 6353 6356
f 6353 6354 6356
f 6351 6352 6355
f 6351 6355 6357
f 6355 6356 666
f 6350 6351 6358
f 6351 6357 6358
f 6349 6350 6358
f 6355 666 6359
f 6357 6355 6359
f 6349 6358 6360
f 6358 6357 6361
f 6359 666 668
f 6362 6349 6360
f 6357 6359 6361
f 6348 6349 6362
f 6360 6358 6361
f 6361 6359 6363
f 6359 668 6363
f 6360 6361 6364
f 6364 6361 6365
f 6361 6363 6365
f 6348 6362 6369
f 6362 6360 6368
f 6347 6348 6369
f 6369 6362 6368
f 6368 6360 6364
f 6365 6363 670
f 671 6079 6330
f 671 6330 6366
f 6366 6367 6364
f 6367 6346 6368
f 670 671 6365
f 671 6366 6365
f 6368 6346 6369
f 6365 6366 6364
f 6364 6367 6368
f 6335 6347 6334
f 6347 6369 6334
f 6334 6369 6346
f 6346 6367 6332
f 6332 6367 6331
f 6367 6366 6331
f 6331 6366 6330
f 6335 6373 6370
f 6370 6347 6335
f 6347 6370 6348
f 6380 6348 6370
f 6380 6349 6348
f 6349 6378 6350
f 6377 6351 6378
f 6351 6350 6378
f 6374 6352 6377
f 6352 6351 6377
f 6375 6353 6376
f 6353 6352 6376
f 6376 6352 6374
f 6354 6353 6375
f 6372 6354 6371
f 6371 6354 6375
f 6378 6349 6379
f 6379 6349 6380
f 6048 6341 6340
f 6341 6381 6340
f 6340 6381 6337
f 6381 6382 6337
f 6337 6382 6329
f 6382 6373 6329
f 6373 6335 6329
f 6383 6392 6384
f 6373 6382 6386
f 6382 6387 6386
f 6386 6387 6388
f 6388 6390 6389
f 6389 6390 6391
f 6384 6392 6391
f 6381 6387 6382
f 6387 6393 6388
f 6393 6390 6388
f 6390 6384 6391
f 6381 6385 6387
f 6385 6394 6387
f 6394 6393 6387
f 6384 6390 6407
f 6407 6390 6395
f 6390 6393 6395
f 6395 6393 6394
f 6385 6381 6341
f 6384 6397 6383
f 6341 6342 6385
f 6385 6342 6398
f 6342 6343 6398
f 6398 6343 6399
f 6343 6345 6399
f 6394 6385 6398
f 6398 6399 6400
f 6395 6394 6401
f 6394 6398 6401
f 6401 6398 6402
f 6398 6400 6402
f 6400 6399 6396
f 6400 6396 6402
f 6403 6404 6405
f 6404 6397 6405
f 6405 6397 6406
f 6397 6384 6406
f 6406 6384 6407
f 6396 6403 6402
f 6403 6405 6402
f 6402 6405 6401
f 6405 6407 6401
f 6401 6407 6395
f 6405 6406 6407
f 2473 4597 4585
f 2473 6408 4597
f 4597 6408 6424
f 4597 6424 6409
f 6409 6411 4597
f 6410 4614 6411
f 4614 4611 6411
f 4604 6411 4611
f 4604 4597 6411
f 6410 6412 4614
f 6412 6413 4614
f 4614 6413 3067
f 3067 6413 6414
f 3084 3083 6414
f 3083 3082 6414
f 6414 3082 3067
f 3084 6414 6415
f 6415 6416 3084
f 6416 6417 3084
f 6418 6345 6344
f 1999 3084 6042
f 3084 6417 6042
f 6042 6417 6344
f 6344 6417 6418
f 2907 3089 1999
f 3089 3084 1999
f 2896 2899 2009
f 2009 2899 2007
f 2899 2900 2007
f 2007 2900 2006
f 2006 2900 2005
f 2900 2901 2005
f 2005 2901 2003
f 2901 2916 2003
f 2916 2904 2003
f 2003 2904 2002
f 2904 2906 2002
f 2002 2906 2000
f 2000 2906 1999
f 2906 2907 1999
f 2013 2895 2011
f 2895 2896 2011
f 2011 2896 2009
f 2895 2013 2894
f 2888 2890 2016
f 2016 2890 2014
f 2890 2892 2014
f 2892 2894 2014
f 2014 2894 2013
f 2016 2018 2888
f 2888 2018 2887
f 2887 2018 2943
f 2018 2019 2943
f 2019 2022 2943
f 2943 2022 2946
f 2946 2022 2947
f 2022 2021 2947
f 2947 2021 2884
f 2021 1988 2884
f 1988 2051 2884
f 2884 2051 2082
f 2051 2054 2082
f 2082 2054 2085
f 2085 2054 2087
f 2054 1982 2087
f 1937 1980 1982
f 1980 2087 1982
f 2473 4585 2474
f 4585 4506 2474
f 2474 4506 2482
f 4506 4507 2482
f 2482 4507 2483
f 4507 4509 2483
f 2483 4509 2484
f 4509 2485 2484
f 4509 4511 2485
f 4511 4512 2485
f 2485 4512 2487
f 4512 4514 2487
f 2487 4514 2488
f 4514 4515 2488
f 4515 4516 2488
f 2488 4516 2491
f 2502 2499 4526
f 4526 2499 4525
f 2499 2497 4525
f 4525 2497 4522
f 2497 2496 4522
f 2496 2494 4522
f 4522 2494 4520
f 4520 2494 4518
f 2494 2493 4518
f 4518 2493 4516
f 2493 2491 4516
f 4526 4528 2502
f 2502 4528 2504
f 4528 4529 2504
f 4529 4531 2504
f 4531 2506 2504
f 4531 4532 2506
f 2506 4532 2508
f 4532 4533 2508
f 2508 4533 2510
f 4533 2583 2510
f 2568 2514 2583
f 2514 2510 2583
f 2568 2569 2514
f 2514 2569 2516
f 2569 2571 2516
f 2437 2472 2438
f 2438 2472 2571
f 2472 2516 2571
f 6423 6421 6422
f 6440 6441 6442
f 6415 6414 6444
f 6414 6413 6445
f 6413 6412 6445
f 6424 6423 6409
f 6423 6449 6409
f 6449 6450 6409
f 6409 6450 6411
f 6450 6451 6411
f 6411 6451 6410
f 6451 6452 6410
f 6410 6452 6412
f 6452 6453 6412
f 6412 6453 6445
f 6445 6454 6414
f 6414 6454 6444
f 6444 6455 6415
f 6455 6456 6415
f 6415 6456 6416
f 6456 6417 6416
f 6417 6457 6418
f 6457 6458 6418
f 6458 6459 6418
f 6418 6459 6345
f 6459 6399 6345
f 6451 6460 6452
f 6453 6461 6445
f 6461 6462 6445
f 6462 6454 6445
f 6454 6463 6444
f 6444 6463 6455
f 6456 6464 6417
f 6464 6457 6417
f 6457 6465 6458
f 6423 6422 6449
f 6422 6466 6449
f 6466 6467 6449
f 6449 6467 6450
f 6467 6468 6450
f 6450 6468 6451
f 6468 6460 6451
f 6460 6469 6452
f 6469 6470 6452
f 6452 6470 6453
f 6470 6461 6453
f 6462 6471 6454
f 6454 6471 6463
f 6471 6472 6463
f 6472 6473 6463
f 6463 6473 6455
f 6455 6473 6456
f 6473 6464 6456
f 6464 6474 6457
f 6474 6465 6457
f 6458 6475 6459
f 6475 6476 6459
f 6459 6476 6399
f 6476 6396 6399
f 6468 6477 6460
f 6470 6478 6461
f 6478 6479 6461
f 6461 6479 6462
f 6479 6480 6462
f 6462 6480 6471
f 6480 6481 6471
f 6471 6481 6472
f 6473 6482 6464
f 6482 6474 6464
f 6474 6483 6465
f 6465 6483 6458
f 6458 6483 6475
f 6421 6466 6422
f 6466 6484 6467
f 6484 6485 6467
f 6467 6485 6468
f 6485 6477 6468
f 6477 6486 6460
f 6460 6486 6469
f 6469 6486 6470
f 6486 6487 6470
f 6487 6478 6470
f 6488 6480 6479
f 6481 6489 6472
f 6489 6473 6472
f 6482 6490 6474
f 6490 6491 6474
f 6491 6492 6474
f 6474 6492 6483
f 6483 6493 6475
f 6493 6476 6475
f 6420 6494 6421
f 6421 6494 6466
f 6466 6494 6484
f 6477 6495 6486
f 6487 6496 6478
f 6478 6496 6479
f 6496 6497 6479
f 6479 6497 6488
f 6488 6498 6480
f 6480 6498 6481
f 6498 6499 6481
f 6499 6500 6481
f 6481 6500 6489
f 6489 6501 6473
f 6473 6501 6482
f 6501 6502 6482
f 6502 6490 6482
f 6492 6503 6483
f 6483 6503 6493
f 6493 6504 6476
f 6476 6504 6396
f 6504 6403 6396
f 6485 6446 6477
f 6477 6446 6495
f 6486 6441 6487
f 6441 6496 6487
f 6497 6498 6488
f 6500 6435 6489
f 6435 6434 6489
f 6489 6434 6501
f 6502 6431 6490
f 6431 6430 6490
f 6490 6430 6491
f 6430 6492 6491
f 6503 6425 6493
f 6425 6504 6493
f 6420 6419 6494
f 6419 6448 6494
f 6494 6448 6484
f 6448 6447 6484
f 6484 6447 6485
f 6485 6447 6446
f 6446 6443 6495
f 6443 6442 6495
f 6495 6442 6486
f 6442 6441 6486
f 6441 6440 6496
f 6440 6439 6496
f 6496 6439 6497
f 6439 6438 6497
f 6497 6438 6498
f 6438 6437 6498
f 6498 6437 6499
f 6499 6437 6500
f 6437 6436 6500
f 6500 6436 6435
f 6434 6433 6501
f 6501 6433 6502
f 6433 6432 6502
f 6502 6432 6431
f 6430 6429 6492
f 6429 6428 6492
f 6492 6428 6503
f 6428 6425 6503
f 6425 6427 6504
f 6427 6426 6504
f 6504 6426 6403
f 6426 6404 6403
f 6424 6508 6507
f 6423 6424 6507
f 6507 6508 6509
f 6508 6505 6509
f 6509 6505 6510
f 6423 6507 6509
f 6509 6510 6511
f 6423 6509 6421
f 6421 6509 6512
f 6509 6511 6512
f 6511 6510 6520
f 6512 6511 6513
f 6511 6520 6513
f 6420 6421 6514
f 6421 6512 6514
f 6514 6512 6513
f 6514 6513 6516
f 6516 6513 6517
f 6513 6515 6517
f 6420 6514 6419
f 6419 6514 6506
f 6514 6516 6506
f 6506 6516 6518
f 6516 6517 6518
f 6517 6519 6518
f 6515 6513 6520
f 6521 6510 6505
f 6520 6510 6521
f 6521 6505 6522
f 6391 6527 6389
f 6528 6527 6529
f 6527 6524 6529
f 6524 6530 6529
f 6532 6528 6533
f 6533 6529 6534
f 6534 6529 6535
f 6529 6530 6535
f 6530 6536 6535
f 6537 6533 6379
f 6533 6534 6379
f 6534 6535 6374
f 6374 6535 6376
f 6535 6538 6376
f 6526 6531 6525
f 6531 6530 6525
f 6525 6530 6524
f 6524 6527 6523
f 6523 6527 6392
f 6392 6527 6391
f 6536 6530 6531
f 6529 6533 6528
f 6528 6532 6527
f 6527 6532 6389
f 6532 6388 6389
f 6536 6543 6538
f 6536 6538 6535
f 6533 6537 6532
f 6537 6386 6532
f 6532 6386 6388
f 6373 6386 6370
f 6386 6537 6370
f 6370 6537 6380
f 6537 6379 6380
f 6379 6534 6378
f 6378 6534 6377
f 6534 6374 6377
f 6376 6538 6375
f 6375 6538 6371
f 6544 6531 6526
f 6536 6531 6594
f 6538 6542 6371
f 6566 6595 6567
f 6567 6595 6568
f 6595 6569 6568
f 6568 6570 6571
f 6571 6570 6572
f 6572 6573 6585
f 6574 6597 6587
f 6587 6597 6575
f 6575 6599 6576
f 6599 6577 6576
f 6576 6577 6578
f 6577 6579 6578
f 6579 6580 6578
f 6580 6581 6582
f 6581 6583 6582
f 6542 6567 6584
f 6567 6568 6584
f 6584 6571 6585
f 6588 6576 6589
f 6576 6578 6589
f 6589 6578 6590
f 6578 6591 6590
f 6591 6582 6592
f 6582 6593 6592
f 6531 6544 6594
f 6544 6545 6594
f 6545 6546 6594
f 6546 6547 6595
f 6595 6547 6548
f 6549 6550 6570
f 6570 6550 6596
f 6550 6551 6596
f 6596 6551 6552
f 6553 6554 6555
f 6555 6556 6597
f 6556 6557 6597
f 6597 6557 6598
f 6557 6558 6598
f 6598 6558 6599
f 6558 6559 6599
f 6599 6559 6577
f 6559 6560 6577
f 6565 6541 6539
f 6539 6541 6540
f 6594 6546 6566
f 6546 6595 6566
f 6595 6548 6569
f 6548 6549 6569
f 6552 6553 6573
f 6553 6555 6574
f 6574 6555 6597
f 6577 6560 6579
f 6560 6561 6579
f 6562 6563 6581
f 6563 6564 6581
f 6564 6565 6581
f 6536 6594 6543
f 6543 6594 6566
f 6569 6549 6568
f 6568 6549 6570
f 6570 6596 6572
f 6596 6552 6572
f 6552 6573 6572
f 6573 6553 6574
f 6597 6598 6575
f 6598 6599 6575
f 6579 6561 6580
f 6561 6562 6580
f 6562 6581 6580
f 6581 6565 6583
f 6565 6539 6583
f 6539 6540 6583
f 6583 6540 6959
f 6959 6600 6583
f 6600 6593 6583
f 6593 6582 6583
f 6582 6591 6580
f 6591 6578 6580
f 6576 6588 6575
f 6575 6588 6587
f 6574 6587 6573
f 6587 6586 6573
f 6573 6586 6585
f 6585 6571 6572
f 6571 6584 6568
f 6567 6542 6566
f 6566 6542 6543
f 6542 6538 6543
f 6600 6957 6593
f 6371 6542 6372
f 6542 6584 6372
f 6592 6593 6948
f 6593 6957 6948
f 6604 6606 6519
f 6603 6506 6607
f 6607 6506 6518
f 6518 6519 6607
f 6605 6607 6519
f 6603 6419 6506
f 7008 6419 6603
f 6448 7008 7011
f 6448 6419 7008
f 6608 6447 7011
f 6447 6448 7011
f 6609 6446 6608
f 6608 6446 6447
f 6443 6610 7012
f 6610 6443 6609
f 6609 6443 6446
f 7016 6442 7012
f 6442 6443 7012
f 6440 6442 6611
f 6611 6442 7016
f 6612 6440 6611
f 6612 7020 6439
f 6612 6439 6440
f 7023 6438 7020
f 6438 6439 7020
f 6438 7023 6437
f 6436 6437 7025
f 7025 6437 7023
f 6435 6436 6613
f 6613 6436 7025
f 6614 6435 6613
f 6615 6434 6614
f 6614 6434 6435
f 6433 6434 6615
f 7030 6433 6615
f 7030 6432 6433
f 6616 6432 7030
f 7033 6431 6616
f 6616 6431 6432
f 6429 6430 7033
f 7033 6430 6431
f 6429 7033 6602
f 6428 6429 7035
f 7035 6429 6602
f 6425 6428 6617
f 6617 6428 7035
f 6601 6427 6617
f 6427 6425 6617
f 6618 6426 6601
f 6601 6426 6427
f 6404 6426 6618
f 6397 6404 7038
f 6404 6618 7038
f 7041 6383 6397
f 6397 7038 7041
f 6523 6392 6383
f 7041 6619 6383
f 6383 6619 6523
f 6619 6524 6523
f 6525 6524 6620
f 6620 6524 6619
f 6526 6525 6620
f 6620 6621 6526
f 6526 6621 6544
f 6621 6622 6544
f 6544 6622 6545
f 6622 7046 6545
f 6545 7046 6546
f 7046 6623 6546
f 6546 6623 6547
f 6623 7051 6547
f 6547 7051 6548
f 6548 7051 6549
f 7051 6624 6549
f 6549 6624 6550
f 6624 6625 6550
f 6550 6625 6551
f 6625 7052 6551
f 6551 7052 6552
f 7052 6626 6552
f 6552 6626 6553
f 6626 6627 6553
f 6553 6627 6554
f 6627 6628 6554
f 6554 6628 6555
f 6628 6629 6555
f 6555 6629 6556
f 6629 6630 6556
f 6556 6630 6557
f 6630 6631 6557
f 6631 6558 6557
f 6631 6632 6558
f 6558 6632 6559
f 6632 6633 6559
f 6559 6633 6560
f 6633 6634 6560
f 6560 6634 6561
f 6634 6635 6561
f 6561 6635 6562
f 6635 6636 6562
f 6562 6636 6563
f 6636 6637 6563
f 6637 6638 6563
f 6563 6638 6564
f 6564 6638 6565
f 6638 6639 6565
f 6565 6639 6541
f 6639 6640 6541
f 6641 6541 6640
f 6642 6541 6641
f 6641 6605 6642
f 6519 6606 6605
f 6605 6606 6642
f 6956 6645 6972
f 6645 6646 6972
f 6972 6646 6973
f 6971 6973 6647
f 6644 6971 6647
f 6647 6973 6646
f 6644 6647 6643
f 6645 6956 6517
f 6956 6604 6519
f 6643 6647 6521
f 6647 6646 6521
f 6956 6519 6517
f 6522 6643 6521
f 6521 6646 6520
f 6520 6646 6515
f 6646 6645 6515
f 6515 6645 6517
f 6649 6648 6505
f 6508 6424 6651
f 6408 6651 6424
f 6651 6650 6508
f 6650 6649 6508
f 6508 6649 6505
f 6505 6648 6522
f 6651 6657 6650
f 2476 2478 6658
f 6649 6660 6648
f 2481 6656 2479
f 6656 6659 2479
f 2479 6659 2478
f 6659 6658 2478
f 6660 6649 6661
f 6661 6649 6662
f 6649 6650 6662
f 6657 6651 6663
f 6651 6408 6663
f 6664 2475 2477
f 6656 6655 6659
f 6655 6658 6659
f 6658 6665 2476
f 2476 6664 2477
f 2475 6663 2474
f 2474 6663 2473
f 6655 6654 6658
f 6654 6665 6658
f 6665 6664 2476
f 6653 6666 6654
f 6666 6665 6654
f 6666 6667 6665
f 6667 6664 6665
f 6652 6668 6653
f 6653 6668 6666
f 6666 6668 6667
f 6664 6657 2475
f 2475 6657 6663
f 6652 6661 6668
f 6661 6662 6668
f 6668 6662 6667
f 6667 6662 6664
f 6662 6650 6664
f 6650 6657 6664
f 6660 6661 6652
f 6663 6408 2473
f 1483 1485 6672
f 2294 2293 6859
f 6677 1801 1800
f 1812 1811 6780
f 6713 6712 1814
f 6712 1815 1814
f 1819 6682 1818
f 2471 2458 6676
f 6669 2507 2509
f 2489 2492 6685
f 2490 2489 6685
f 6686 2481 2486
f 1469 1441 6687
f 1125 1469 6687
f 1130 1129 6688
f 1140 1139 6690
f 1141 1140 6691
f 6693 1145 1144
f 6732 1147 1146
f 1148 1147 6671
f 1149 6670 1151
f 1151 1301 1120
f 1151 1298 1301
f 6670 1295 1296
f 6670 1293 1295
f 1290 1293 6694
f 1288 1290 6694
f 1282 1225 6695
f 6695 1225 1285
f 6799 1278 1281
f 6799 1281 1282
f 1272 1274 6696
f 1269 1272 6696
f 1269 6697 1268
f 6697 1227 1268
f 1262 1265 6698
f 1257 1260 6804
f 1253 1258 6808
f 6699 1248 1229
f 1245 1246 6699
f 1246 1248 6699
f 1245 6700 1244
f 1242 1244 6700
f 1233 1235 6701
f 1232 1233 6701
f 1086 1232 1057
f 1016 6824 1018
f 2287 2286 6731
f 6729 6705 6738
f 6728 6706 6707
f 6728 6707 6737
f 1822 1820 6768
f 6682 6709 6771
f 6771 6709 6767
f 6709 6710 6767
f 6710 6712 6711
f 6711 6712 6774
f 6712 6713 6774
f 6709 6682 1819
f 6682 6683 1818
f 1818 6683 1820
f 1142 1141 6692
f 6692 1141 6691
f 6691 6690 6714
f 6690 6689 6715
f 6715 6689 6716
f 6724 2290 2289
f 2289 2288 6724
f 6724 6731 6723
f 6723 6730 6722
f 6719 6725 6718
f 6715 6726 6690
f 6726 6714 6690
f 6714 6727 6691
f 1142 6692 1144
f 6692 6693 1144
f 1146 1145 6732
f 6732 1145 6693
f 6692 6691 6735
f 6735 6691 6727
f 6716 6717 6728
f 6728 6717 6725
f 6717 6718 6725
f 6729 6719 6720
f 6721 6722 6730
f 6730 6723 6731
f 6732 6693 6733
f 6733 6693 6734
f 6693 6692 6734
f 6727 6714 6736
f 6714 6726 6736
f 6715 6716 6737
f 6737 6716 6728
f 6725 6719 6738
f 6738 6719 6729
f 6729 6720 6739
f 6720 6721 6739
f 6739 6721 6730
f 6731 6724 2287
f 6724 2288 2287
f 6707 6742 6737
f 6737 6743 6708
f 6745 6746 6747
f 6734 6754 6733
f 6731 6703 6730
f 6730 6704 6739
f 6738 6706 6725
f 6725 6706 6728
f 6715 6737 6726
f 6737 6708 6726
f 6726 6708 6736
f 6736 6745 6727
f 6727 6747 6735
f 6735 6734 6692
f 6733 6748 6732
f 6763 6732 6748
f 6734 6735 6747
f 6747 6727 6745
f 6745 6736 6744
f 6744 6736 6708
f 6731 2286 6703
f 6703 6740 6730
f 6730 6740 6704
f 6739 6741 6729
f 6741 6705 6729
f 6748 6752 6763
f 6752 6748 6753
f 6748 6733 6753
f 6754 6734 6749
f 6749 6734 6747
f 6744 6708 6743
f 6743 6737 6742
f 6707 6706 6759
f 6741 6739 6704
f 6740 6703 6751
f 6751 6703 2285
f 6703 2286 2285
f 6738 6750 6706
f 6747 6746 6749
f 6754 6753 6733
f 1296 1298 6670
f 1298 1151 6670
f 1293 6670 6694
f 6701 1057 1232
f 6749 6746 6776
f 6776 6746 6755
f 6755 6744 6756
f 6756 6744 6757
f 6744 6743 6757
f 6757 6742 6758
f 6772 6750 6760
f 6740 6751 6762
f 6705 6760 6738
f 6760 6750 6738
f 6706 6750 6759
f 6707 6759 6742
f 6744 6755 6745
f 6745 6755 6746
f 6769 6752 6753
f 6754 6749 6765
f 6765 6749 6766
f 6766 6749 6776
f 6742 6759 6767
f 6770 6759 6750
f 6760 6741 6768
f 6773 6740 6762
f 6762 6751 2229
f 6751 2285 2229
f 6753 6754 6765
f 6767 6759 6770
f 6770 6750 6771
f 6768 6741 6761
f 2229 2232 6762
f 2232 2234 6762
f 2234 6773 6762
f 6768 6683 6760
f 6742 6767 6758
f 6758 6774 6757
f 6740 6761 6704
f 6704 6761 6741
f 6741 6760 6705
f 6742 6757 6743
f 1148 6670 1149
f 6764 1287 6694
f 6694 1287 1288
f 1824 1823 6777
f 2232 2236 2234
f 6683 6682 6772
f 6771 6767 6770
f 6712 6710 1815
f 1815 6710 1816
f 1816 6710 1817
f 6710 6709 1817
f 1817 6709 1819
f 6713 1814 1813
f 1823 1822 6777
f 6777 1822 6768
f 6768 1820 6683
f 6772 6682 6771
f 6713 1813 1812
f 6774 6713 6778
f 6778 6713 6780
f 6780 6713 1812
f 6775 6778 6781
f 6781 6778 6780
f 6781 6776 6775
f 6781 6780 6681
f 6780 1811 6681
f 6776 6781 6779
f 6779 6781 6782
f 6781 6681 6782
f 2234 1824 6773
f 6773 1824 6777
f 6767 6710 6758
f 6710 6711 6758
f 6758 6711 6774
f 6774 6778 6756
f 6756 6778 6775
f 6681 1811 1810
f 6782 6783 6779
f 6779 6766 6776
f 6681 1810 6782
f 6766 6779 6783
f 6783 6782 6680
f 6782 1810 6680
f 1810 1809 6680
f 1809 6679 6680
f 6765 6766 6785
f 6766 6783 6785
f 6783 6784 6785
f 6783 6680 6784
f 6784 6680 6786
f 6786 6680 6679
f 1809 1808 6679
f 6761 6777 6768
f 6757 6774 6756
f 6775 6776 6755
f 6765 6785 6787
f 6785 6784 6787
f 6784 6786 6787
f 1808 1807 6679
f 1807 6788 6679
f 6679 6788 6786
f 6786 6789 6787
f 6787 6789 6765
f 6789 6769 6765
f 6769 6753 6765
f 6769 6789 6790
f 6790 6789 6791
f 6789 6788 6791
f 6789 6786 6788
f 1061 6792 985
f 985 6792 1009
f 1009 6792 1011
f 6792 6826 1011
f 1011 6826 1013
f 6826 6825 1013
f 1013 6825 1015
f 1806 6793 1807
f 6793 6788 1807
f 6752 6769 6794
f 6769 6790 6794
f 6791 6788 6793
f 6793 1806 1805
f 6773 6777 6740
f 6740 6777 6761
f 6760 6683 6772
f 6772 6771 6750
f 6756 6775 6755
f 6794 6790 6797
f 6790 6791 6797
f 6797 6791 6796
f 6791 6793 6796
f 1804 6795 1805
f 6794 6798 6752
f 6798 6763 6752
f 1147 6732 6671
f 6732 6763 6671
f 6796 6793 6795
f 6793 1805 6795
f 6799 6797 6800
f 6795 1804 1803
f 1802 6801 1803
f 1803 6801 6795
f 6801 6802 6795
f 6795 6802 6800
f 1282 6695 6799
f 1285 1287 6695
f 6764 6694 6763
f 6694 6670 6763
f 1148 6671 6670
f 6671 6763 6670
f 6763 6798 6764
f 6764 6798 1287
f 6798 6695 1287
f 6798 6794 6695
f 6794 6797 6695
f 6695 6797 6799
f 6797 6796 6800
f 6796 6795 6800
f 1278 6799 1276
f 6799 6800 1276
f 1276 6800 6696
f 6800 6802 6696
f 6696 1274 1276
f 1792 6678 1802
f 1802 6678 6801
f 6697 1269 6696
f 6696 6802 6697
f 6802 6801 6678
f 1227 6697 1266
f 1266 6697 6698
f 6697 6678 6698
f 6697 6802 6678
f 1801 6803 1792
f 1792 6803 6678
f 6803 6698 6678
f 6698 1265 1266
f 6677 6698 6803
f 6698 1260 1262
f 6808 1258 6804
f 6804 1258 1257
f 1260 6698 6804
f 6804 6698 6677
f 6803 1801 6677
f 6804 6677 6805
f 6805 6677 6806
f 1800 6806 6677
f 6805 6808 6804
f 6808 1254 1253
f 1229 1254 6699
f 1254 6808 6699
f 6805 6806 6807
f 6806 1800 1799
f 6699 6808 6812
f 6812 6808 6809
f 6808 6805 6809
f 6805 6807 6809
f 6806 1799 6807
f 1798 6807 1799
f 6812 1245 6699
f 6700 1239 1242
f 6810 6811 6809
f 6811 6815 6809
f 6820 1238 6700
f 1238 6816 1235
f 6816 1057 1235
f 6701 1235 1057
f 1239 6700 1238
f 6700 1245 6813
f 1245 6812 6813
f 6812 6809 6815
f 6809 6807 6810
f 6807 1798 6810
f 1797 6814 6810
f 6810 6814 6811
f 6814 6817 6811
f 6817 6815 6811
f 6816 1058 1057
f 1797 1796 6814
f 6818 6819 6813
f 6819 6820 6813
f 6702 1059 6816
f 6816 1059 1058
f 6813 6815 6818
f 1238 6820 6816
f 6700 6813 6820
f 6813 6812 6815
f 6810 1798 1797
f 1796 6823 6814
f 6814 6823 6817
f 6817 6821 6818
f 6821 6825 6818
f 6818 6825 6819
f 6702 6816 6822
f 6816 6820 6822
f 6820 6819 6822
f 6818 6815 6817
f 1794 6823 1795
f 6825 6826 6822
f 1059 6702 1061
f 1061 6702 6792
f 6702 6822 6792
f 6792 6822 6826
f 6822 6819 6825
f 6821 6817 6824
f 6817 6823 6824
f 1796 1795 6823
f 1023 1021 1794
f 1794 1021 6823
f 1021 1020 6823
f 1020 1018 6824
f 1016 1015 6824
f 6824 1015 6821
f 1015 6825 6821
f 6824 6823 1020
f 1493 1513 6827
f 1513 1627 6827
f 1627 1628 6827
f 1628 1629 6879
f 1491 1482 6828
f 6885 6827 6834
f 6827 6879 6834
f 6834 6879 6829
f 6829 6830 6836
f 1491 6828 6673
f 6673 6828 6885
f 6835 6829 6836
f 6836 6830 6837
f 6887 6832 6892
f 6834 6829 6835
f 6838 6831 6887
f 6887 6831 6832
f 6924 6842 6849
f 2517 6845 6846
f 2513 6846 2512
f 6846 6926 2512
f 6841 6924 6847
f 6843 6844 6676
f 2515 6846 2513
f 6848 6840 6853
f 6844 6845 2518
f 2518 6845 2517
f 6672 6839 6848
f 6848 6839 6840
f 6853 6840 6841
f 6924 6849 6847
f 6676 6842 6843
f 2517 6846 2515
f 6844 2471 6676
f 6676 6850 6842
f 6842 6850 6849
f 6849 6851 6847
f 6847 6853 6841
f 2518 2471 6844
f 6850 6851 6849
f 6853 6854 6848
f 6848 6854 6672
f 6854 1484 6672
f 6672 1484 1483
f 6854 6853 6852
f 6852 6853 6855
f 6853 6847 6855
f 6855 6847 6851
f 6850 6676 2466
f 2466 6676 2458
f 2466 2459 6850
f 6850 6684 6851
f 6851 6684 6855
f 6854 6856 1484
f 1484 6856 1533
f 6856 1444 1533
f 1454 1444 6856
f 6856 6854 6857
f 6857 6854 6858
f 6854 6852 6858
f 6852 6855 6858
f 6684 6850 2460
f 6850 2459 2460
f 1441 1454 6856
f 6858 6855 6859
f 6855 6684 6859
f 6859 6684 2294
f 6684 2460 2294
f 6687 1441 6860
f 1441 6856 6860
f 6860 6856 6857
f 6859 6861 6858
f 6861 6862 6858
f 6858 6862 6857
f 6862 6863 6857
f 6863 6860 6857
f 2293 6864 6859
f 6859 6864 6861
f 6860 6865 6687
f 6687 6688 1125
f 1125 6688 1129
f 2293 2292 6864
f 6865 6866 6687
f 6687 6866 6688
f 6688 1131 1130
f 6871 1132 1131
f 6873 6865 6860
f 6860 6863 6868
f 6868 6863 6869
f 6869 6863 6862
f 6862 6861 6870
f 6861 6864 6870
f 6870 6864 2291
f 2291 6864 2292
f 1134 1132 6871
f 6871 1131 6872
f 1131 6688 6872
f 6872 6688 6867
f 6867 6688 6866
f 6866 6865 6873
f 6873 6860 6868
f 6869 6862 6870
f 1137 1135 6689
f 6689 1135 6874
f 1135 1134 6874
f 1134 6871 6874
f 6717 6871 6872
f 6867 6866 6875
f 6866 6873 6875
f 2290 6870 2291
f 6690 1139 1138
f 1138 1137 6689
f 6874 6871 6716
f 6716 6871 6717
f 6717 6872 6718
f 6872 6867 6718
f 6875 6873 6721
f 6873 6868 6722
f 6691 1140 6690
f 6690 1138 6689
f 6689 6874 6716
f 6718 6867 6719
f 6867 6875 6719
f 6719 6875 6720
f 6875 6721 6720
f 6721 6873 6722
f 6722 6868 6723
f 6868 6869 6723
f 6723 6869 6724
f 6869 6870 6724
f 6870 2290 6724
f 6674 6675 6876
f 6879 1629 6877
f 6877 1629 6880
f 1629 1630 6880
f 1630 1631 6880
f 1631 1632 6878
f 1632 1633 6878
f 6878 1633 1635
f 6882 1635 1661
f 6883 1661 1672
f 1631 6878 6881
f 6831 6878 6882
f 1482 1492 6828
f 6877 6880 6829
f 6882 6883 6833
f 1492 6827 6828
f 6829 6879 6877
f 6830 6880 6881
f 6883 1672 6876
f 6876 6675 6883
f 1492 1493 6827
f 6827 1628 6879
f 6880 1631 6881
f 6878 1635 6882
f 6882 1661 6883
f 1665 6674 6876
f 6883 6675 6884
f 6674 6686 6675
f 6833 6883 6884
f 6884 6675 6888
f 1490 1491 6673
f 6885 6834 6889
f 6897 6834 6835
f 6893 6832 6888
f 6673 6885 6889
f 6897 6835 6896
f 6835 6886 6896
f 6891 6887 6901
f 6901 6887 6892
f 6889 6834 6897
f 6886 6836 6890
f 6836 6837 6890
f 6890 6837 6891
f 6837 6838 6891
f 6838 6887 6891
f 6892 6832 6893
f 6835 6836 6886
f 6832 6833 6888
f 6833 6884 6888
f 6828 6827 6885
f 6829 6880 6830
f 6830 6881 6837
f 6881 6878 6837
f 6837 6878 6838
f 6878 6831 6838
f 6831 6882 6832
f 6832 6882 6833
f 6911 2500 2503
f 1490 6673 6903
f 6673 6889 6895
f 6896 6886 6898
f 6899 6890 6891
f 6888 2486 2490
f 6895 6889 6904
f 6904 6889 6897
f 6907 6902 6893
f 6893 6894 6911
f 6894 6685 2498
f 6685 2492 2498
f 1488 1490 6903
f 6903 6673 6895
f 6898 6890 6899
f 6899 6891 6900
f 6900 6891 6901
f 6901 6892 6902
f 6894 6888 6685
f 6888 2490 6685
f 6904 6897 6905
f 6914 6898 6908
f 6898 6899 6908
f 6908 6900 6909
f 6900 6901 6909
f 6906 6902 6907
f 6911 6894 2498
f 1488 6903 6912
f 6903 6895 6912
f 6912 6895 6916
f 6904 6905 6913
f 6909 6901 6920
f 6920 6901 6906
f 6895 6904 6916
f 6906 6907 6910
f 6910 6907 6911
f 6911 2498 2500
f 6897 6896 6905
f 6905 6896 6914
f 6896 6898 6914
f 6908 6899 6900
f 6901 6902 6906
f 6907 6893 6911
f 6913 6905 6917
f 6908 6909 6919
f 6921 6920 6906
f 6921 6906 6910
f 6910 6911 6922
f 6916 6913 6923
f 6919 6920 6925
f 6669 6922 2507
f 6922 2505 2507
f 1486 1487 6912
f 6917 6914 6918
f 6918 6914 6915
f 6915 6908 6919
f 6919 6909 6920
f 6922 6911 2505
f 2505 6911 2503
f 6912 6916 6840
f 6840 6916 6923
f 6843 6918 6915
f 6843 6915 6919
f 6925 6920 6845
f 6920 6921 6845
f 6846 6910 6926
f 6926 6669 2511
f 2511 6669 2509
f 6672 1485 6839
f 6840 6923 6841
f 6841 6923 6924
f 6842 6918 6843
f 6843 6919 6844
f 6919 6925 6844
f 6844 6925 6845
f 2512 6926 2511
f 1485 1486 6839
f 1486 6912 6839
f 6839 6912 6840
f 6924 6917 6842
f 6917 6918 6842
f 6845 6921 6846
f 6913 6917 6923
f 6923 6917 6924
f 6921 6910 6846
f 6910 6922 6926
f 6926 6922 6669
f 1487 1488 6912
f 6916 6904 6913
f 6917 6905 6914
f 6914 6908 6915
f 6898 6886 6890
f 6902 6892 6893
f 6893 6888 6894
f 6888 6675 2486
f 2486 6675 6686
f 6939 6928 6930
f 6939 6930 6931
f 6930 6932 6931
f 6933 6935 6934
f 6934 6938 1665
f 6937 6935 6974
f 6974 6935 6933
f 6938 6674 1665
f 6930 6936 6932
f 6936 6937 6932
f 6932 6937 6974
f 6935 6938 6934
f 6938 6686 6674
f 6928 6929 6930
f 6929 6936 6930
f 6936 6653 6937
f 6653 6935 6937
f 6935 6656 6938
f 6927 6929 6928
f 6929 6652 6936
f 6653 6654 6935
f 6927 6648 6929
f 6648 6660 6929
f 6660 6652 6929
f 6936 6652 6653
f 6654 6655 6935
f 6935 6655 6656
f 6938 6656 6686
f 6656 2481 6686
f 6648 6927 6522
f 6522 6927 6643
f 6927 6928 6643
f 6643 6928 6644
f 6928 6939 6644
f 1671 6957 6949
f 6949 6947 6950
f 6947 6946 6950
f 6951 6950 6945
f 6945 6950 6946
f 6945 6944 6951
f 6944 6952 6951
f 6944 6943 6952
f 6952 6943 6953
f 6954 6953 6942
f 6942 6953 6943
f 6941 6954 6942
f 6954 6941 6955
f 6940 6955 6941
f 6644 6939 6940
f 6939 6955 6940
f 6948 6957 1671
f 6957 6947 6949
f 6958 6957 6600
f 6540 6541 6642
f 6958 6600 6959
f 6947 6957 6958
f 6960 6959 6540
f 6958 6959 6961
f 6961 6959 6960
f 6946 6947 6945
f 6947 6958 6945
f 6945 6958 6961
f 6962 6540 6642
f 6960 6540 6962
f 6963 6961 6960
f 6945 6961 6964
f 6964 6961 6963
f 6962 6642 6606
f 6944 6945 6964
f 6963 6960 6965
f 6965 6960 6962
f 6944 6964 6942
f 6942 6964 6963
f 6943 6944 6942
f 6942 6963 6966
f 6966 6963 6967
f 6963 6965 6967
f 6967 6965 6968
f 6965 6962 6968
f 6968 6962 6604
f 6962 6606 6604
f 6941 6942 6969
f 6969 6942 6966
f 6969 6966 6970
f 6970 6966 6967
f 6941 6969 6971
f 6969 6970 6971
f 6970 6967 6972
f 6972 6967 6968
f 6940 6941 6971
f 6972 6968 6956
f 6956 6968 6604
f 6644 6940 6971
f 6971 6970 6973
f 6973 6970 6972
f 6949 1662 1671
f 1662 6949 6950
f 1669 1668 6975
f 1668 1662 6975
f 6975 1662 6950
f 1663 1669 6976
f 1669 6975 6976
f 6976 6975 6977
f 6975 6950 6977
f 6977 6950 6951
f 1664 1663 6976
f 6978 6976 6977
f 6977 6951 6980
f 6980 6951 6952
f 1664 6976 6979
f 6979 6976 6978
f 6978 6977 6980
f 6980 6952 6953
f 1667 1664 6979
f 6982 6980 6953
f 6979 6978 6981
f 6978 6980 6982
f 1667 6979 6983
f 6983 6979 6981
f 6981 6978 6982
f 6982 6953 6984
f 6984 6953 6954
f 6985 1667 6983
f 1666 1667 6985
f 6981 6982 6986
f 6986 6982 6984
f 1665 1666 6985
f 6987 6981 6986
f 6984 6954 6955
f 6983 6981 6987
f 6932 6986 6984
f 1665 6985 6934
f 6985 6983 6933
f 6933 6983 6987
f 6932 6984 6955
f 6987 6986 6974
f 6974 6986 6932
f 6934 6985 6933
f 6933 6987 6974
f 6932 6955 6931
f 6931 6955 6939
f 6990 6989 6991
f 6989 7057 6991
f 7057 6992 6632
f 6993 6997 6994
f 6994 6997 6634
f 6993 6999 6997
f 6997 6636 6635
f 6999 6637 6636
f 7001 7002 7058
f 7002 6638 7058
f 7059 7006 7003
f 7010 7061 7008
f 7008 7061 7011
f 7009 7013 7062
f 7013 7014 7062
f 7062 7014 7012
f 7013 7015 7014
f 7014 7015 7016
f 7018 7019 7013
f 6611 7017 6612
f 7026 7027 7024
f 7024 7027 6614
f 7064 7028 7029
f 7029 6616 7030
f 7031 7032 7028
f 7032 6602 7033
f 7031 7036 7034
f 7034 7037 7035
f 7039 7040 7066
f 7040 7041 7066
f 7066 7041 7038
f 7043 6621 7068
f 7068 6621 6620
f 7042 7044 7043
f 7048 7070 7049
f 7070 7053 7055
f 7055 7052 6625
f 7054 6626 7055
f 7055 6626 7052
f 7053 6990 7056
f 7056 6628 6627
f 6630 6629 7057
f 6629 6991 7057
f 6631 6630 7057
f 7057 6989 6992
f 6631 7057 6632
f 6632 6992 6995
f 6995 6992 6988
f 6988 6994 6995
f 6995 6996 6632
f 6996 6633 6632
f 6994 6988 6993
f 6995 6994 6996
f 6996 6634 6633
f 6634 6996 6994
f 6635 6634 6997
f 6999 6993 6998
f 6997 6999 6636
f 6637 6999 7058
f 7058 6999 6998
f 6998 7001 7058
f 7058 6638 6637
f 7001 6998 7000
f 7002 6639 6638
f 6639 7002 6640
f 7001 7059 7002
f 7002 7059 6640
f 7059 7001 7000
f 6641 6640 7059
f 7059 7000 7005
f 7059 7003 6641
f 7003 6605 6641
f 7006 7059 7005
f 7006 6607 7003
f 7003 6607 6605
f 6603 6607 7060
f 6607 7006 7060
f 7006 7005 7007
f 7007 7005 7004
f 7006 7007 7060
f 6603 7060 7008
f 7008 7060 7007
f 7004 7009 7007
f 7007 7009 7010
f 7007 7010 7008
f 6608 7011 7061
f 7061 7010 7009
f 6608 7061 6609
f 7061 7009 7062
f 6609 7061 7062
f 6610 6609 7012
f 7012 6609 7062
f 7016 7012 7014
f 6611 7016 7015
f 6611 7015 7017
f 7017 7015 7019
f 7019 7015 7013
f 7019 7020 7017
f 7017 7020 6612
f 7020 7019 7021
f 7021 7019 7018
f 7021 7022 7020
f 7022 7023 7020
f 7022 7021 7063
f 7063 7021 7018
f 7022 7025 7023
f 7063 7024 7022
f 7022 7024 7025
f 6613 7025 7024
f 7024 7063 7026
f 7024 6614 6613
f 7026 7064 7027
f 6615 6614 7027
f 7029 7027 7064
f 6615 7027 7029
f 7064 7026 7028
f 7030 6615 7029
f 6616 7029 7033
f 7033 7029 7032
f 7032 7029 7028
f 7031 7034 7032
f 7032 7034 6602
f 7035 6602 7034
f 6617 7035 7037
f 7037 7034 7036
f 6617 7037 6601
f 7037 7036 7065
f 7036 7066 7065
f 7037 7065 6601
f 6601 7065 6618
f 7066 7036 7067
f 6618 7065 7066
f 7038 6618 7066
f 7067 7039 7066
f 6619 7041 7068
f 7041 7040 7068
f 7068 7040 7043
f 7040 7039 7043
f 7068 6620 6619
f 7043 7039 7042
f 7043 7044 6621
f 7044 6622 6621
f 6622 7044 7046
f 7042 7045 7044
f 7045 7069 7044
f 7069 7046 7044
f 6623 7046 7069
f 7069 7045 7048
f 7048 7047 7069
f 7069 7047 6623
f 6623 7047 7051
f 7051 7047 7050
f 7050 7047 7048
f 7048 7049 7050
f 7049 6624 7050
f 7050 6624 7051
f 6624 7049 7071
f 7071 7049 7070
f 6624 7071 6625
f 7070 7055 7071
f 7071 7055 6625
f 7053 7054 7055
f 7054 6627 6626
f 6627 7054 7056
f 7056 7054 7053
f 7053 6989 6990
f 6990 6991 7056
f 7056 6991 6628
f 6991 6629 6628
f 6988 6992 6989
f 7076 7072 6989
f 6993 7073 7074
f 7076 6989 7053
f 7077 7009 7082
f 7078 7018 7075
f 7075 7018 7013
f 7073 6988 7072
f 6988 6989 7072
f 7013 7009 7075
f 7075 7009 7077
f 7076 7053 7079
f 6993 6988 7073
f 7082 7004 7081
f 7082 7009 7004
f 7084 7018 7078
f 7080 6998 7083
f 7000 6998 7080
f 7004 7005 7081
f 7081 7005 7080
f 7026 7063 7084
f 7084 7063 7018
f 7086 7026 7084
f 7087 7079 7070
f 7005 7000 7080
f 7086 7028 7026
f 7031 7028 7085
f 7085 7028 7086
f 7053 7070 7079
f 7083 6998 7074
f 7074 6998 6993
f 7042 7039 7089
f 7088 7042 7089
f 7045 7042 7088
f 7090 7045 7088
f 7070 7048 7087
f 7087 7048 7090
f 7090 7048 7045
f 7089 7067 7091
f 7039 7067 7089
f 7091 7036 7085
f 7085 7036 7031
f 7091 7067 7036
f 7092 7076 7093
f 7076 7079 7093
f 7093 7079 7094
f 7079 7087 7094
f 7094 7087 7095
f 7087 7090 7095
f 7095 7090 7096
f 7090 7088 7096
f 7096 7088 7097
f 7088 7089 7097
f 7097 7089 7098
f 7098 7089 7099
f 7089 7091 7099
f 7099 7091 7100
f 7091 7085 7100
f 7100 7085 7101
f 7085 7086 7101
f 7101 7086 7102
f 7086 7084 7102
f 7102 7084 7103
f 7103 7084 7104
f 7084 7078 7104
f 7078 7075 7104
f 7104 7075 7105
f 7105 7075 7106
f 7075 7077 7106
f 7106 7077 7107
f 7077 7082 7107
f 7107 7082 7108
f 7082 7081 7108
f 7108 7081 7109
f 7081 7080 7109
f 7109 7080 7110
f 7080 7083 7110
f 7110 7083 7111
f 7083 7074 7111
f 7111 7074 7112
f 7074 7073 7112
f 7112 7073 7113
f 7073 7072 7113
f 7113 7072 7092
f 7072 7076 7092
f 7105 7113 7092
f 7105 7112 7113
f 7105 7111 7112
f 7110 7111 7105
f 7109 7110 7105
f 7108 7109 7105
f 7107 7108 7105
f 7105 7106 7107
f 7105 7103 7104
f 7105 7102 7103
f 7101 7102 7105
f 7100 7101 7105
f 7099 7100 7105
f 7098 7099 7105
f 7097 7098 7105
f 7096 7097 7105
f 7095 7096 7105
f 7094 7095 7105
f 7093 7094 7105
f 7092 7093 7105
f 7114 1218 1219
f 548 547 7115
f 7115 547 7117
f 7114 1219 7115
f 7116 1222 7114
f 7114 1222 1218
f 1219 1223 7115
f 1092 1056 724
f 1095 1096 1093
f 547 545 7117
f 7117 545 7118
f 7118 545 7119
f 1214 1222 7116
f 723 724 1065
f 1095 549 7115
f 549 548 7115
f 713 694 724
f 7119 545 7120
f 724 1056 1065
f 1093 1092 1095
f 1095 1092 724
f 1223 1221 7115
f 1065 743 723
f 1095 694 551
f 1095 550 549
f 432 7120 433
f 545 544 7120
f 7120 544 433
f 1221 1095 7115
f 724 694 1095
f 551 550 1095
f 1534 1438 7121
f 1438 1224 7121
f 7121 1224 7122
f 1224 1214 7122
f 7122 1214 7116
f 7117 7118 7125
f 7118 7119 7126
f 7120 7129 7128
f 7120 7128 7119
f 7119 7128 7127
f 7127 7126 7119
f 7126 7125 7118
f 7117 7125 7124
f 7124 7123 7117
f 7117 7123 7115
f 7130 7115 7123
f 7131 7132 7114
f 7114 7132 7116
f 7132 7133 7116
f 7133 7134 7116
f 7116 7134 7122
f 7134 7135 7122
f 7135 7136 7122
f 7122 7136 7121
f 7136 7137 7121
f 7121 7137 7138
f 1549 1537 1536
f 1596 1595 7152
f 1535 1534 7138
f 7152 1595 1594
f 7138 1534 7121
f 1598 1597 7152
f 7152 1594 1593
f 1597 1596 7152
f 7138 1593 1592
f 7138 1592 1591
f 1604 1603 7152
f 1599 1598 7152
f 7152 1593 7138
f 1535 7138 1536
f 7138 1580 1536
f 1580 1579 1536
f 1536 1579 1549
f 1605 1604 7152
f 7152 1603 1602
f 1589 1588 7138
f 7139 1606 7152
f 1606 1605 7152
f 7138 1591 1590
f 7138 1587 1586
f 7152 1602 1601
f 1601 1600 7152
f 1590 1589 7138
f 1588 1587 7138
f 1586 1585 7138
f 1585 1584 7138
f 1584 1583 7138
f 1583 1582 7138
f 7138 1582 1581
f 1600 1599 7152
f 7138 1581 1580
f 370 395 402
f 429 427 395
f 395 427 402
f 432 429 395
f 384 383 7129
f 382 381 7151
f 7129 383 382
f 381 380 7151
f 390 389 7129
f 387 386 7129
f 388 387 7129
f 386 385 7129
f 7129 382 7151
f 380 379 7151
f 379 378 7151
f 7151 378 377
f 377 376 7151
f 7129 389 388
f 385 384 7129
f 395 7129 432
f 432 7129 7120
f 374 373 7151
f 396 7140 371
f 7140 7151 371
f 394 393 7129
f 393 392 7129
f 7151 373 372
f 395 394 7129
f 7151 376 375
f 375 374 7151
f 372 371 7151
f 7129 392 391
f 391 390 7129
f 7142 7143 7141
f 7143 7144 7141
f 7141 7144 7145
f 7145 7144 7146
f 7144 7147 7146
f 7147 7148 7146
f 7146 7148 7149
f 7148 7150 7149
f 7150 7151 7149
f 7149 7151 7140
f 7152 7153 7139
f 7139 7153 7154
f 7153 7155 7154
f 7154 7155 7156
f 7155 7157 7156
f 7157 7158 7156
f 7156 7158 7159
f 7158 7160 7159
f 7160 7161 7159
f 7159 7161 7162
f 7161 7163 7162
f 7129 7151 7164
f 7151 7209 7164
f 7164 7209 7165
f 7209 7227 7165
f 7165 7227 7166
f 7227 7167 7166
f 7166 7167 7168
f 7167 7230 7168
f 7168 7230 7169
f 7230 7221 7169
f 7169 7221 7170
f 7221 7171 7170
f 7170 7171 7173
f 7171 7172 7173
f 7172 7197 7174
f 7172 7174 7173
f 7152 7138 7175
f 7138 7774 7175
f 7774 7773 7175
f 7175 7773 7176
f 7176 7773 7177
f 7773 7762 7177
f 7177 7762 7178
f 7762 7761 7178
f 7178 7761 7179
f 7761 7181 7179
f 7305 7303 7654
f 7654 7303 7180
f 7303 7181 7180
f 7181 7761 7180
f 7197 7182 7174
f 7174 7182 7432
f 7432 7182 7183
f 7182 7184 7183
f 7183 7184 7185
f 7184 7186 7185
f 7185 7186 7434
f 7186 7187 7434
f 7434 7187 7188
f 7187 7189 7188
f 7188 7189 7190
f 7197 7172 7198
f 7198 7199 7196
f 7200 7196 7199
f 7199 7195 7200
f 7200 7195 7194
f 7201 7194 7195
f 7142 7205 7143
f 7205 7206 7143
f 7143 7206 7144
f 7206 7207 7144
f 7144 7207 7147
f 7207 7148 7147
f 7148 7208 7150
f 7150 7208 7151
f 7208 7209 7151
f 7193 7202 7210
f 7202 7201 7210
f 7210 7201 7195
f 7198 7172 7171
f 7203 7210 7211
f 7210 7212 7211
f 7212 7214 7213
f 7214 7171 7215
f 7215 7171 7221
f 7192 7211 7216
f 7216 7211 7217
f 7217 7213 7218
f 7219 7215 7220
f 7215 7221 7220
f 7204 7222 7205
f 7205 7222 7206
f 7222 7223 7206
f 7206 7223 7207
f 7207 7223 7224
f 7223 7225 7224
f 7224 7225 7208
f 7225 7226 7208
f 7208 7226 7227
f 7171 7214 7198
f 7198 7214 7199
f 7214 7212 7199
f 7199 7212 7195
f 7212 7210 7195
f 7210 7203 7193
f 7215 7219 7214
f 7214 7219 7213
f 7213 7217 7212
f 7212 7217 7211
f 7211 7192 7203
f 7192 7216 7191
f 7216 7217 7218
f 7218 7213 7228
f 7228 7213 7229
f 7213 7219 7229
f 7229 7219 7220
f 7220 7221 7230
f 7191 7216 7231
f 7231 7216 7232
f 7216 7218 7232
f 7218 7228 7232
f 7229 7220 7230
f 7232 7228 7233
f 7233 7228 7234
f 7228 7229 7234
f 7234 7229 7235
f 7229 7230 7235
f 7235 7230 7167
f 7167 7226 7235
f 7235 7225 7234
f 7225 7223 7234
f 7223 7233 7234
f 7233 7222 7232
f 7222 7236 7232
f 7232 7236 7231
f 7227 7226 7167
f 7226 7225 7235
f 7233 7223 7222
f 7222 7204 7236
f 7227 7209 7208
f 7208 7148 7224
f 7224 7148 7207
f 7142 7163 7205
f 7163 7329 7205
f 7205 7329 7204
f 7329 7328 7204
f 7204 7328 7236
f 7328 7323 7236
f 7236 7323 7231
f 7231 7323 7191
f 7323 7237 7191
f 7191 7237 7192
f 7237 7314 7192
f 7192 7314 7203
f 7314 7332 7203
f 7203 7332 7193
f 7332 7293 7193
f 7197 7198 7196
f 7201 7202 7250
f 7184 7259 7258
f 7258 7259 7260
f 7259 7261 7260
f 7262 7264 7263
f 7264 7256 7265
f 7256 7266 7265
f 7187 7186 7268
f 7186 7258 7268
f 7268 7258 7269
f 7258 7260 7269
f 7269 7260 7270
f 7260 7271 7270
f 7270 7271 7272
f 7271 7273 7272
f 7274 7265 7275
f 7265 7276 7275
f 7187 7268 7189
f 7268 7269 7240
f 7269 7277 7240
f 7277 7270 7242
f 7270 7272 7242
f 7242 7272 7278
f 7278 7279 7245
f 7279 7275 7280
f 7202 7193 7250
f 7257 7256 7250
f 7250 7256 7201
f 7256 7255 7201
f 7201 7255 7194
f 7255 7254 7194
f 7194 7254 7200
f 7254 7253 7200
f 7200 7253 7196
f 7253 7252 7196
f 7252 7182 7196
f 7196 7182 7197
f 7267 7266 7257
f 7257 7266 7256
f 7256 7264 7255
f 7264 7262 7255
f 7255 7262 7254
f 7262 7261 7254
f 7254 7261 7253
f 7253 7261 7252
f 7261 7259 7252
f 7252 7259 7182
f 7259 7184 7182
f 7267 7276 7266
f 7266 7276 7265
f 7265 7274 7264
f 7274 7263 7264
f 7263 7273 7262
f 7273 7271 7262
f 7262 7271 7261
f 7261 7271 7260
f 7258 7186 7184
f 7281 7280 7276
f 7276 7280 7275
f 7275 7279 7274
f 7274 7279 7263
f 7279 7278 7263
f 7263 7278 7273
f 7278 7272 7273
f 7277 7269 7270
f 7189 7268 7238
f 7238 7268 7239
f 7268 7240 7239
f 7240 7277 7241
f 7277 7242 7241
f 7242 7278 7243
f 7243 7278 7244
f 7278 7245 7244
f 7246 7245 7247
f 7245 7279 7247
f 7247 7279 7248
f 7279 7280 7248
f 7248 7280 7249
f 7249 7280 7251
f 7280 7281 7251
f 7282 7249 7394
f 7249 7251 7394
f 7283 7248 7282
f 7248 7249 7282
f 7247 7248 7283
f 7246 7247 7284
f 7284 7247 7283
f 7284 7285 7246
f 7246 7285 7245
f 7285 7286 7245
f 7245 7286 7244
f 7286 7287 7244
f 7244 7287 7243
f 7243 7287 7242
f 7287 7288 7242
f 7242 7288 7241
f 7288 7289 7241
f 7241 7289 7240
f 7240 7289 7239
f 7289 7424 7239
f 7239 7424 7238
f 7424 7290 7238
f 7238 7290 7189
f 7193 7293 7291
f 7193 7291 7250
f 7250 7291 7257
f 7291 7292 7257
f 7257 7292 7267
f 7292 7368 7267
f 7368 7294 7267
f 7267 7294 7276
f 7276 7294 7281
f 7294 7349 7281
f 7281 7349 7251
f 7299 7298 7300
f 7301 7299 7300
f 7301 7300 7302
f 7296 7302 7300
f 7295 7296 7304
f 7303 7304 7296
f 7305 7304 7303
f 7300 7298 7306
f 7298 7297 7306
f 7306 7297 7293
f 7178 7179 7307
f 7179 7308 7307
f 7307 7308 7309
f 7308 7331 7309
f 7331 7310 7309
f 7311 7312 7310
f 7310 7312 7313
f 7312 7314 7313
f 7178 7307 7177
f 7177 7307 7315
f 7307 7316 7315
f 7318 7313 7319
f 7313 7237 7319
f 7177 7315 7176
f 7176 7315 7320
f 7315 7321 7320
f 7321 7317 7322
f 7317 7318 7322
f 7322 7318 7319
f 7176 7320 7175
f 7324 7322 7325
f 7325 7322 7326
f 7322 7327 7326
f 7327 7328 7329
f 7175 7153 7152
f 7153 7324 7155
f 7155 7324 7157
f 7324 7325 7157
f 7157 7325 7158
f 7325 7326 7158
f 7326 7160 7158
f 7160 7329 7161
f 7161 7329 7163
f 7181 7303 7330
f 7303 7296 7330
f 7296 7300 7330
f 7330 7300 7331
f 7331 7300 7306
f 7306 7293 7332
f 7332 7312 7306
f 7312 7311 7306
f 7311 7331 7306
f 7331 7308 7330
f 7308 7179 7330
f 7179 7181 7330
f 7332 7314 7312
f 7311 7310 7331
f 7237 7313 7314
f 7313 7318 7310
f 7318 7317 7310
f 7310 7317 7309
f 7317 7316 7309
f 7316 7307 7309
f 7237 7323 7319
f 7317 7321 7316
f 7321 7315 7316
f 7328 7327 7323
f 7323 7327 7319
f 7319 7327 7322
f 7322 7324 7321
f 7321 7324 7320
f 7329 7160 7327
f 7327 7160 7326
f 7324 7153 7320
f 7153 7175 7320
f 7302 7296 7295
f 7297 7298 7299
f 7333 7338 7334
f 7334 7338 7354
f 7354 7338 7339
f 7339 7340 7350
f 7340 7341 7350
f 7350 7341 7351
f 7341 7342 7351
f 7342 7343 7352
f 7343 7344 7352
f 7352 7344 7345
f 7346 7347 7353
f 7353 7347 7348
f 7355 7350 7356
f 7350 7351 7356
f 7357 7352 7358
f 7352 7359 7358
f 7359 7353 7360
f 7353 7361 7360
f 7362 7356 7363
f 7356 7364 7363
f 7364 7358 7365
f 7358 7366 7365
f 7359 7367 7366
f 7367 7368 7369
f 7370 7363 7371
f 7371 7363 7372
f 7363 7373 7372
f 7373 7365 7374
f 7365 7375 7374
f 7375 7369 7292
f 7305 7371 7304
f 7371 7372 7304
f 7304 7372 7295
f 7372 7302 7295
f 7301 7376 7299
f 7299 7376 7297
f 7376 7291 7297
f 7293 7297 7291
f 7294 7361 7349
f 7349 7361 7348
f 7361 7353 7348
f 7353 7359 7346
f 7346 7359 7345
f 7359 7352 7345
f 7352 7357 7342
f 7357 7351 7342
f 7350 7355 7339
f 7339 7355 7354
f 7354 7335 7334
f 7294 7368 7361
f 7361 7368 7360
f 7368 7367 7360
f 7367 7359 7360
f 7359 7366 7358
f 7358 7364 7357
f 7357 7364 7351
f 7364 7356 7351
f 7356 7362 7355
f 7355 7362 7354
f 7362 7336 7354
f 7354 7336 7335
f 7292 7369 7368
f 7369 7375 7367
f 7367 7375 7366
f 7375 7365 7366
f 7365 7373 7364
f 7373 7363 7364
f 7363 7370 7362
f 7362 7370 7336
f 7370 7337 7336
f 7292 7291 7375
f 7291 7376 7375
f 7375 7376 7374
f 7376 7301 7374
f 7374 7301 7373
f 7301 7302 7373
f 7373 7302 7372
f 7371 7305 7370
f 7370 7305 7337
f 7394 7251 7386
f 7251 7349 7386
f 7522 7377 7333
f 7333 7377 7338
f 7377 7378 7338
f 7338 7378 7339
f 7378 7379 7339
f 7340 7339 7379
f 7340 7379 7341
f 7379 7380 7341
f 7341 7380 7342
f 7380 7381 7342
f 7342 7381 7343
f 7381 7383 7343
f 7343 7383 7344
f 7345 7344 7382
f 7382 7344 7383
f 7345 7382 7346
f 7382 7384 7346
f 7346 7384 7347
f 7384 7385 7347
f 7347 7385 7348
f 7385 7386 7348
f 7348 7386 7349
f 7513 7388 7387
f 7388 7413 7387
f 7387 7413 7389
f 7413 7390 7389
f 7389 7390 7391
f 7390 7427 7391
f 7427 7392 7391
f 7391 7392 7393
f 7392 7394 7393
f 7393 7394 7386
f 7395 7419 7396
f 7420 7395 7398
f 7398 7395 7396
f 7421 7398 7399
f 7422 7399 7400
f 7398 7396 7401
f 7400 7399 7402
f 7399 7398 7402
f 7402 7398 7401
f 7401 7396 7403
f 7406 7400 7407
f 7400 7402 7407
f 7290 7424 7408
f 7424 7406 7408
f 7402 7401 7397
f 7397 7401 7403
f 7396 7404 7403
f 7408 7406 7405
f 7406 7407 7405
f 7407 7402 7397
f 7414 7415 7430
f 7415 7416 7417
f 7418 7289 7288
f 7419 7420 7414
f 7282 7394 7392
f 7282 7392 7425
f 7283 7282 7425
f 7283 7425 7426
f 7425 7392 7427
f 7283 7426 7284
f 7426 7425 7410
f 7410 7425 7411
f 7425 7427 7411
f 7427 7390 7412
f 7285 7284 7409
f 7284 7426 7409
f 7409 7426 7410
f 7411 7427 7412
f 7412 7390 7413
f 7409 7410 7428
f 7286 7285 7409
f 7410 7411 7428
f 7411 7412 7430
f 7413 7388 7431
f 7286 7409 7429
f 7428 7411 7430
f 7412 7413 7431
f 7409 7428 7417
f 7430 7412 7431
f 7288 7287 7418
f 7287 7286 7429
f 7429 7409 7417
f 7417 7428 7415
f 7415 7428 7430
f 7431 7414 7430
f 7429 7418 7287
f 7289 7418 7423
f 7429 7417 7421
f 7431 7388 7419
f 7431 7419 7414
f 7416 7421 7417
f 7421 7422 7429
f 7429 7422 7418
f 7422 7423 7418
f 7416 7415 7420
f 7415 7414 7420
f 7289 7423 7406
f 7406 7423 7422
f 7419 7395 7420
f 7406 7424 7289
f 7406 7422 7400
f 7422 7421 7399
f 7421 7416 7398
f 7398 7416 7420
f 7436 7190 7290
f 7190 7189 7290
f 7435 7436 7408
f 7408 7436 7290
f 7408 7405 7435
f 7435 7405 7437
f 7405 7407 7437
f 7397 7437 7407
f 7397 7438 7437
f 7403 7439 7397
f 7439 7438 7397
f 7440 7439 7403
f 7404 7440 7403
f 7190 7436 7441
f 7436 7442 7441
f 7441 7442 7443
f 7442 7444 7443
f 7443 7444 7445
f 7445 7444 7446
f 7444 7447 7446
f 7446 7447 7448
f 7447 7449 7448
f 7448 7449 7450
f 7449 7451 7450
f 7450 7451 7452
f 7452 7451 7453
f 7451 7454 7453
f 7454 7455 7453
f 7453 7455 7456
f 7458 7457 7492
f 7492 7457 7455
f 7457 7456 7455
f 7459 7458 7460
f 7460 7458 7492
f 7460 7478 7459
f 7459 7478 7461
f 7479 7436 7435
f 7466 7485 7467
f 7485 7463 7467
f 7467 7463 7468
f 7502 7466 7469
f 7469 7466 7467
f 7472 7502 7473
f 7502 7469 7473
f 7467 7468 7474
f 7469 7467 7474
f 7491 7472 7475
f 7475 7472 7473
f 7473 7469 7476
f 7469 7474 7476
f 7474 7468 7462
f 7460 7475 7478
f 7478 7475 7477
f 7475 7473 7477
f 7477 7473 7471
f 7473 7476 7470
f 7473 7470 7471
f 7476 7474 7462
f 7496 7439 7483
f 7439 7440 7483
f 7486 7489 7498
f 7489 7487 7500
f 7490 7491 7488
f 7442 7436 7479
f 7444 7442 7493
f 7442 7479 7493
f 7479 7435 7465
f 7465 7435 7437
f 7493 7479 7465
f 7444 7493 7494
f 7465 7437 7464
f 7447 7444 7494
f 7494 7493 7495
f 7493 7465 7495
f 7464 7437 7438
f 7495 7465 7464
f 7464 7438 7496
f 7494 7495 7497
f 7495 7464 7482
f 7482 7464 7496
f 7449 7447 7480
f 7447 7494 7481
f 7481 7494 7497
f 7497 7495 7482
f 7496 7438 7439
f 7451 7449 7480
f 7480 7447 7481
f 7481 7497 7498
f 7497 7482 7499
f 7482 7496 7499
f 7483 7499 7496
f 7499 7498 7497
f 7481 7500 7480
f 7451 7480 7501
f 7480 7500 7501
f 7500 7481 7498
f 7498 7499 7486
f 7483 7440 7484
f 7454 7451 7501
f 7501 7487 7454
f 7455 7454 7488
f 7488 7454 7487
f 7487 7501 7500
f 7500 7498 7489
f 7486 7499 7485
f 7499 7483 7485
f 7488 7487 7490
f 7489 7486 7466
f 7485 7483 7463
f 7463 7483 7484
f 7485 7466 7486
f 7489 7490 7487
f 7488 7491 7455
f 7491 7492 7455
f 7491 7490 7472
f 7490 7489 7502
f 7502 7489 7466
f 7460 7492 7475
f 7492 7491 7475
f 7472 7490 7502
f 7503 7504 7462
f 7462 7504 7476
f 7504 7505 7476
f 7476 7505 7470
f 7505 7506 7470
f 7470 7506 7471
f 7506 7507 7471
f 7471 7507 7477
f 7507 7508 7477
f 7477 7508 7478
f 7508 7509 7478
f 7536 7512 7515
f 7510 7513 7516
f 7545 7536 7515
f 7515 7512 7517
f 7512 7510 7517
f 7517 7510 7516
f 7545 7515 7518
f 7518 7515 7520
f 7515 7517 7520
f 7385 7537 7521
f 7537 7518 7521
f 7517 7516 7387
f 7518 7520 7521
f 7521 7520 7391
f 7520 7517 7389
f 7389 7517 7387
f 7386 7385 7393
f 7385 7521 7393
f 7391 7520 7389
f 7516 7513 7387
f 7381 7380 7524
f 7529 7530 7542
f 7542 7530 7531
f 7529 7512 7530
f 7512 7536 7530
f 7530 7536 7532
f 7536 7545 7532
f 7545 7537 7533
f 7377 7522 7523
f 7377 7523 7538
f 7538 7523 7519
f 7378 7377 7538
f 7379 7378 7539
f 7539 7378 7538
f 7540 7519 7514
f 7538 7519 7540
f 7380 7379 7524
f 7379 7539 7524
f 7539 7538 7525
f 7538 7540 7525
f 7540 7514 7527
f 7524 7539 7525
f 7525 7540 7526
f 7526 7540 7527
f 7381 7524 7541
f 7524 7525 7542
f 7526 7527 7543
f 7543 7527 7528
f 7383 7381 7544
f 7381 7541 7544
f 7541 7524 7542
f 7525 7526 7542
f 7541 7542 7531
f 7542 7526 7543
f 7382 7383 7533
f 7383 7544 7533
f 7544 7541 7531
f 7528 7511 7534
f 7528 7534 7543
f 7543 7529 7542
f 7531 7532 7544
f 7532 7533 7544
f 7532 7531 7530
f 7534 7535 7543
f 7535 7529 7543
f 7533 7537 7382
f 7384 7382 7537
f 7533 7532 7545
f 7512 7529 7535
f 7535 7534 7510
f 7537 7385 7384
f 7537 7545 7518
f 7512 7535 7510
f 7391 7393 7521
f 7511 7528 7546
f 7546 7528 7547
f 7527 7547 7528
f 7527 7548 7547
f 7549 7548 7527
f 7514 7549 7527
f 7514 7550 7549
f 7519 7550 7514
f 7519 7523 7550
f 7550 7523 7551
f 7523 7522 7551
f 7551 7522 7552
f 7462 7553 7503
f 7553 7554 7503
f 7558 7555 7462
f 7462 7555 7553
f 7554 7556 7503
f 7557 7558 7462
f 7462 7468 7557
f 7559 7607 7503
f 7556 7559 7503
f 7546 7562 7559
f 7627 7607 7559
f 7561 7557 7484
f 7562 7627 7559
f 7484 7440 7561
f 7560 7546 7559
f 7463 7484 7557
f 7560 7563 7546
f 7557 7468 7463
f 7440 7564 7561
f 7563 7565 7546
f 7566 7567 7440
f 7440 7567 7564
f 7513 7568 7388
f 7569 7568 7513
f 7568 7570 7388
f 7571 7569 7513
f 7570 7572 7388
f 7576 7571 7513
f 7572 7573 7388
f 7565 7574 7546
f 7575 7566 7440
f 7573 7577 7388
f 7574 7578 7546
f 7584 7575 7440
f 7513 7579 7576
f 7388 7577 7580
f 7388 7580 7581
f 7513 7582 7579
f 7578 7583 7546
f 7546 7583 7511
f 7404 7584 7440
f 7586 7584 7404
f 7419 7388 7587
f 7583 7588 7511
f 7582 7513 7585
f 7581 7587 7388
f 7585 7513 7510
f 7585 7510 7534
f 7585 7534 7589
f 7590 7589 7511
f 7396 7419 7587
f 7591 7396 7587
f 7592 7586 7404
f 7534 7511 7589
f 7404 7396 7591
f 7588 7593 7511
f 7593 7590 7511
f 7591 7594 7404
f 7594 7592 7404
f 7605 7551 7552
f 7550 7551 7605
f 7549 7550 7606
f 7608 7609 7624
f 7624 7609 7610
f 7611 7601 7612
f 7627 7562 7613
f 7614 7615 7629
f 7629 7615 7628
f 7628 7615 7616
f 7616 7598 7599
f 7606 7550 7617
f 7617 7550 7605
f 7604 7509 7508
f 7618 7507 7506
f 7619 7504 7503
f 7504 7619 7505
f 7505 7618 7506
f 7618 7620 7507
f 7507 7620 7508
f 7620 7604 7508
f 7619 7503 7607
f 7620 7618 7621
f 7618 7505 7622
f 7622 7505 7619
f 7621 7623 7620
f 7620 7623 7604
f 7604 7623 7603
f 7602 7603 7623
f 7621 7618 7624
f 7624 7618 7622
f 7622 7619 7607
f 7612 7602 7611
f 7611 7602 7623
f 7623 7621 7610
f 7610 7621 7624
f 7607 7608 7622
f 7622 7608 7624
f 7610 7611 7623
f 7625 7610 7609
f 7608 7607 7627
f 7627 7626 7608
f 7610 7625 7611
f 7625 7600 7611
f 7600 7601 7611
f 7625 7609 7628
f 7609 7608 7629
f 7629 7608 7626
f 7600 7625 7616
f 7628 7609 7629
f 7627 7613 7626
f 7613 7614 7626
f 7626 7614 7629
f 7625 7628 7616
f 7616 7599 7600
f 7598 7616 7630
f 7630 7616 7615
f 7613 7631 7614
f 7597 7598 7632
f 7598 7630 7632
f 7632 7630 7633
f 7630 7615 7633
f 7633 7615 7631
f 7615 7614 7631
f 7634 7633 7631
f 7634 7635 7633
f 7633 7635 7632
f 7632 7636 7597
f 7636 7596 7597
f 7636 7632 7635
f 7634 7631 7637
f 7637 7631 7547
f 7631 7613 7547
f 7547 7613 7562
f 7596 7636 7595
f 7636 7635 7617
f 7635 7634 7606
f 7595 7636 7605
f 7605 7636 7617
f 7617 7635 7606
f 7606 7634 7637
f 7547 7562 7546
f 7547 7548 7637
f 7548 7549 7637
f 7637 7549 7606
f 7605 7552 7595
f 7522 7333 7552
f 7333 7650 7552
f 7305 7654 7734
f 7734 7638 7305
f 7638 7639 7305
f 7305 7639 7337
f 7639 7652 7337
f 7337 7652 7336
f 7652 7775 7336
f 7336 7775 7335
f 7775 7651 7335
f 7335 7651 7334
f 7651 7650 7334
f 7334 7650 7333
f 7641 7640 7604
f 7604 7640 7509
f 7642 7641 7603
f 7603 7641 7604
f 7602 7642 7603
f 7644 7643 7601
f 7601 7643 7612
f 7612 7643 7602
f 7602 7643 7642
f 7600 7645 7601
f 7645 7644 7601
f 7646 7645 7599
f 7599 7645 7600
f 7598 7646 7599
f 7648 7646 7598
f 7597 7647 7648
f 7597 7648 7598
f 7597 7596 7647
f 7647 7596 7649
f 7596 7595 7649
f 7649 7595 7552
f 7649 7552 7650
f 7639 7653 7652
f 7665 7188 7190
f 7434 7188 7665
f 7183 7185 7666
f 7185 7434 7667
f 7667 7434 7665
f 7663 7433 7432
f 7666 7185 7667
f 7667 7665 7668
f 7668 7665 7441
f 7665 7190 7441
f 7663 7432 7664
f 7664 7432 7183
f 7183 7666 7669
f 7671 7667 7668
f 7668 7441 7443
f 7664 7183 7669
f 7669 7666 7670
f 7670 7666 7671
f 7666 7667 7671
f 7662 7664 7669
f 7671 7668 7445
f 7668 7443 7445
f 7663 7664 7662
f 7662 7669 7672
f 7672 7669 7673
f 7673 7669 7670
f 7670 7671 7674
f 7674 7671 7445
f 7674 7445 7448
f 7448 7445 7446
f 7673 7670 7675
f 7675 7670 7674
f 7661 7662 7672
f 7675 7674 7676
f 7676 7674 7448
f 7672 7673 7677
f 7677 7673 7675
f 7678 7675 7676
f 7676 7448 7450
f 7661 7672 7680
f 7680 7672 7677
f 7660 7661 7659
f 7679 7677 7675
f 7678 7676 7452
f 7676 7450 7452
f 7680 7677 7679
f 7659 7661 7680
f 7679 7675 7681
f 7675 7678 7681
f 7681 7678 7682
f 7682 7678 7452
f 7682 7452 7453
f 7683 7680 7679
f 7684 7679 7681
f 7683 7679 7684
f 7685 7681 7682
f 7684 7681 7685
f 7685 7682 7686
f 7686 7682 7453
f 7659 7680 7687
f 7687 7680 7683
f 7686 7453 7456
f 7686 7456 7457
f 7657 7659 7658
f 7658 7659 7687
f 7683 7684 7691
f 7691 7684 7688
f 7688 7684 7689
f 7684 7685 7689
f 7689 7685 7690
f 7685 7686 7690
f 7690 7686 7457
f 7687 7683 7691
f 7690 7457 7458
f 7688 7689 7692
f 7693 7691 7688
f 7692 7689 7690
f 7690 7458 7459
f 7694 7690 7459
f 7656 7658 7687
f 7693 7688 7692
f 7692 7690 7694
f 7656 7687 7695
f 7687 7691 7695
f 7695 7691 7693
f 7693 7692 7696
f 7695 7693 7697
f 7696 7692 7694
f 7697 7693 7696
f 7698 7694 7459
f 7696 7694 7698
f 7698 7459 7461
f 7655 7658 7656
f 7657 7700 7659
f 7660 7659 7700
f 7661 7660 7662
f 7433 7174 7432
f 7164 7128 7129
f 7128 7701 7127
f 7127 7701 7126
f 7701 7702 7126
f 7126 7702 7125
f 7702 7124 7125
f 7124 7703 7123
f 7703 7704 7123
f 7123 7704 7130
f 7173 7663 7705
f 7705 7663 7706
f 7663 7660 7706
f 7660 7707 7706
f 7657 7655 7708
f 7169 7709 7168
f 7168 7709 7710
f 7710 7709 7711
f 7717 7711 7712
f 7713 7715 7714
f 7168 7710 7166
f 7166 7710 7716
f 7710 7717 7716
f 7720 7714 7699
f 7655 7657 7658
f 7657 7707 7700
f 7700 7707 7660
f 7660 7663 7662
f 7663 7173 7433
f 7433 7173 7174
f 7170 7173 7705
f 7706 7707 7721
f 7707 7657 7721
f 7721 7657 7722
f 7657 7708 7722
f 7170 7705 7723
f 7723 7705 7709
f 7705 7706 7709
f 7709 7706 7711
f 7706 7721 7711
f 7722 7708 7715
f 7715 7713 7722
f 7722 7713 7721
f 7713 7712 7721
f 7712 7711 7721
f 7709 7169 7723
f 7723 7169 7170
f 7714 7720 7713
f 7720 7719 7713
f 7713 7719 7712
f 7719 7718 7712
f 7718 7717 7712
f 7717 7710 7711
f 7716 7717 7724
f 7717 7718 7724
f 7724 7718 7725
f 7718 7719 7725
f 7725 7719 7726
f 7719 7720 7726
f 7720 7699 7727
f 7165 7166 7728
f 7166 7716 7728
f 7728 7716 7724
f 7726 7720 7727
f 7699 7704 7727
f 7704 7703 7727
f 7727 7703 7726
f 7703 7702 7726
f 7726 7702 7725
f 7725 7701 7724
f 7724 7701 7728
f 7703 7124 7702
f 7702 7701 7725
f 7701 7128 7728
f 7128 7164 7728
f 7728 7164 7165
f 7736 7732 7733
f 7737 7738 7736
f 7738 7737 7731
f 7730 7739 7731
f 7729 7730 7745
f 7730 7731 7745
f 7745 7731 7737
f 7737 7736 7733
f 7735 7734 7733
f 7733 7734 7654
f 7729 7745 7740
f 7740 7745 7746
f 7745 7747 7746
f 7748 7749 7754
f 7754 7749 7750
f 7749 7180 7750
f 7741 7740 7751
f 7740 7746 7751
f 7751 7746 7752
f 7746 7747 7752
f 7747 7753 7752
f 7754 7750 7755
f 7750 7180 7755
f 7755 7180 7761
f 7741 7751 7742
f 7751 7752 7756
f 7756 7752 7757
f 7757 7753 7758
f 7753 7759 7758
f 7759 7755 7760
f 7755 7761 7760
f 7760 7761 7762
f 7742 7756 7743
f 7743 7756 7763
f 7756 7757 7763
f 7763 7757 7764
f 7757 7758 7764
f 7758 7759 7764
f 7764 7759 7765
f 7759 7766 7765
f 7760 7767 7766
f 7767 7762 7773
f 7744 7743 7768
f 7743 7763 7768
f 7763 7764 7768
f 7768 7764 7769
f 7764 7770 7769
f 7770 7765 7771
f 7744 7768 7131
f 7131 7768 7132
f 7132 7768 7133
f 7768 7769 7133
f 7133 7769 7134
f 7769 7770 7134
f 7134 7770 7135
f 7135 7772 7136
f 7136 7772 7137
f 7772 7774 7137
f 7137 7774 7138
f 7180 7749 7654
f 7654 7749 7733
f 7749 7748 7733
f 7733 7748 7737
f 7748 7747 7737
f 7737 7747 7745
f 7754 7753 7748
f 7748 7753 7747
f 7755 7759 7754
f 7759 7753 7754
f 7753 7757 7752
f 7762 7767 7760
f 7760 7766 7759
f 7756 7742 7751
f 7773 7772 7767
f 7767 7772 7766
f 7772 7771 7766
f 7771 7765 7766
f 7765 7770 7764
f 7773 7774 7772
f 7772 7135 7771
f 7771 7135 7770
f 7733 7732 7735
f 7651 7649 7650
f 7776 7775 7652
f 7639 7638 7780
f 7780 7638 7734
f 7776 7652 7653
f 7653 7639 7777
f 7777 7639 7780
f 7649 7651 7778
f 7651 7775 7778
f 7778 7775 7776
f 7778 7776 7779
f 7780 7734 7735
f 7647 7649 7778
f 7779 7776 7653
f 7782 7778 7779
f 7779 7653 7781
f 7653 7777 7781
f 7781 7777 7780
f 7647 7778 7782
f 7648 7647 7782
f 7783 7779 7781
f 7732 7780 7735
f 7648 7782 7784
f 7784 7782 7785
f 7782 7779 7785
f 7785 7779 7783
f 7781 7780 7786
f 7786 7780 7732
f 7646 7648 7784
f 7783 7781 7786
f 7646 7784 7787
f 7784 7785 7787
f 7787 7785 7788
f 7785 7783 7788
f 7788 7783 7789
f 7783 7786 7789
f 7789 7786 7790
f 7786 7732 7790
f 7790 7732 7736
f 7645 7646 7787
f 7645 7787 7791
f 7791 7787 7788
f 7790 7736 7738
f 7794 7790 7738
f 7644 7645 7791
f 7791 7788 7792
f 7792 7788 7793
f 7788 7789 7793
f 7793 7789 7794
f 7789 7790 7794
f 7795 7791 7792
f 7643 7644 7795
f 7644 7791 7795
f 7792 7793 7796
f 7796 7793 7797
f 7797 7793 7794
f 7795 7792 7798
f 7798 7792 7796
f 7797 7794 7799
f 7643 7795 7800
f 7800 7795 7798
f 7799 7794 7738
f 7799 7738 7731
f 7642 7643 7800
f 7798 7796 7801
f 7796 7797 7801
f 7801 7797 7799
f 7801 7799 7802
f 7800 7798 7803
f 7802 7799 7731
f 7641 7642 7800
f 7641 7800 7804
f 7804 7800 7803
f 7803 7798 7801
f 7806 7801 7802
f 7802 7731 7739
f 7804 7803 7805
f 7803 7801 7806
f 7641 7804 7807
f 7807 7804 7805
f 7805 7803 7811
f 7811 7803 7806
f 7806 7802 7808
f 7640 7641 7807
f 7808 7802 7739
f 7811 7806 7809
f 7809 7806 7808
f 7640 7807 7810
f 7810 7807 7811
f 7807 7805 7811
f 7509 7640 7478
f 7640 7461 7478
f 7131 7130 7744
f 7130 7704 7744
f 7744 7704 7743
f 7704 7699 7743
f 7743 7699 7742
f 7699 7714 7742
f 7742 7714 7741
f 7714 7715 7741
f 7741 7715 7740
f 7715 7708 7740
f 7740 7708 7729
f 7708 7655 7729
f 7729 7655 7730
f 7730 7655 7656
f 7730 7656 7739
f 7656 7695 7739
f 7739 7695 7808
f 7695 7697 7808
f 7808 7697 7809
f 7697 7696 7809
f 7809 7696 7811
f 7696 7698 7811
f 7811 7698 7810
f 7698 7461 7810
f 7810 7461 7640
f 7812 7554 7553
f 7813 7554 7812
f 7556 7554 7813
f 7813 7979 7556
f 7980 7556 7979
f 7559 7556 7980
f 7980 7992 7559
f 7560 7559 7992
f 7995 7560 7992
f 7995 7814 7560
f 7560 7814 7563
f 7814 7815 7563
f 7999 7565 7815
f 7565 7563 7815
f 7574 7565 7816
f 7565 7999 7816
f 7816 7981 7574
f 7578 7574 7959
f 7959 7574 7981
f 7959 7982 7578
f 7817 7578 7982
f 7578 7817 7583
f 8007 7583 7817
f 8007 7818 7583
f 7583 7818 7588
f 7819 7588 8009
f 7588 7818 8009
f 7593 7588 7820
f 7588 7819 7820
f 7821 7593 7820
f 7821 7983 7593
f 7593 7983 7590
f 7983 8016 7590
f 7590 8016 7589
f 7822 7589 8016
f 7589 7822 7585
f 7822 8020 7585
f 7585 8020 7582
f 8020 7823 7582
f 8026 7582 7823
f 7582 8026 7579
f 7824 7579 8026
f 7576 7579 7825
f 7579 7824 7825
f 7825 7826 7576
f 7826 7827 7576
f 7576 7827 7571
f 7827 7828 7571
f 7828 7829 7571
f 7571 7829 7569
f 7830 7569 7829
f 7568 7569 7831
f 7569 7830 7831
f 7568 7831 7832
f 7965 7568 7832
f 7568 7965 7570
f 7833 7570 7965
f 7570 7833 7572
f 8039 7572 7833
f 8039 7834 7572
f 7572 7834 7573
f 7835 7573 7834
f 7836 7577 7835
f 7577 7573 7835
f 7976 7577 7836
f 7966 7577 7976
f 7577 7966 7580
f 7985 7580 7966
f 7985 7837 7580
f 7581 7580 7837
f 7837 7838 7581
f 7581 7838 7587
f 7838 7839 7587
f 7587 7839 7591
f 7591 7839 7840
f 7840 7841 7591
f 7968 7594 7841
f 7594 7591 7841
f 7987 7592 7968
f 7592 7594 7968
f 7987 8058 7592
f 7842 7592 8058
f 7592 7842 7586
f 8061 7586 7842
f 8061 7843 7586
f 7843 7844 7586
f 7586 7844 7584
f 7845 7584 7844
f 7575 7584 7846
f 7584 7845 7846
f 7575 7846 7847
f 7566 7575 7847
f 7847 7969 7566
f 7848 7566 7969
f 7566 7848 7567
f 7848 8071 7567
f 7567 8071 7564
f 8071 7849 7564
f 7850 7561 7849
f 7561 7564 7849
f 7851 7561 7850
f 7561 7851 7557
f 7972 7557 7851
f 7558 7557 7972
f 7972 7957 7558
f 7852 7558 7957
f 7558 7852 7555
f 8081 7555 7852
f 8081 7978 7555
f 7555 7978 7553
f 7978 7975 7553
f 7553 7975 7812
f 7924 7904 7905
f 7860 7858 7859
f 7861 7860 7859
f 7862 7861 7859
f 7864 7863 7862
f 7869 7868 7867
f 7871 7870 7869
f 7873 7872 7871
f 7878 7876 7877
f 7879 7878 7880
f 8195 7881 7882
f 7888 7886 7887
f 7889 7888 7887
f 7890 7889 7887
f 7892 7891 7890
f 7910 8224 7892
f 7897 7896 7895
f 7899 7898 7897
f 7900 7898 7899
f 7902 8082 7901
f 7907 7902 7901
f 7909 7910 7908
f 7915 8196 7874
f 7917 8197 7916
f 7855 7921 7853
f 7925 8079 7853
f 8080 7925 7926
f 7925 7853 7922
f 7853 7921 7922
f 7905 7903 7928
f 7928 7990 7929
f 7929 7990 7930
f 7931 7897 7932
f 7932 7934 7933
f 7937 7936 8013
f 7865 7866 7867
f 7947 8059 7948
f 7862 7859 7950
f 7950 7952 7951
f 7951 7953 7954
f 7905 7928 7958
f 7958 7928 7929
f 7929 7930 7980
f 7933 7934 7935
f 7908 7892 7960
f 7892 7936 7960
f 7960 7936 7961
f 7961 7936 7937
f 7886 7885 7887
f 7885 7938 8024
f 7938 7939 7962
f 7962 7939 7940
f 7880 7941 7963
f 7942 7943 7964
f 7915 7874 7914
f 7945 7946 7966
f 7947 7948 7967
f 7948 7949 7968
f 7977 7950 7951
f 7920 7854 7919
f 7854 7955 7970
f 7955 7956 7971
f 7956 7957 7971
f 7971 7957 7972
f 7926 7925 7973
f 7973 7925 7974
f 7925 7922 7974
f 7929 7980 7979
f 7931 7932 7933
f 7962 7940 7824
f 7881 7880 7882
f 7963 7941 7942
f 7964 7943 7965
f 7914 7874 7944
f 7945 7966 7976
f 7867 7866 7947
f 7862 7950 7977
f 7919 7854 7970
f 8081 7926 7978
f 7978 7926 7973
f 7958 7929 7979
f 7935 7959 7981
f 7960 7961 8012
f 7887 7885 8024
f 8024 7938 8025
f 8025 7938 7962
f 7824 7940 7825
f 7882 7880 7963
f 7963 7942 8037
f 7944 7945 8046
f 8047 7945 7976
f 7867 7947 8057
f 8057 7947 7967
f 7967 7948 7986
f 7948 7968 7986
f 7951 7954 8069
f 7954 7969 7847
f 7922 7923 7924
f 7813 7812 7989
f 7989 7975 7927
f 7992 7980 7991
f 7903 7990 7928
f 7990 7993 7930
f 7930 7993 7991
f 7903 7906 7990
f 7994 7995 7992
f 7990 7906 7993
f 7997 7814 7995
f 7996 7998 7993
f 7998 7997 7994
f 7997 7815 7814
f 7907 7901 7906
f 7997 8001 7815
f 8001 8002 7999
f 7900 7899 8000
f 8000 7899 8003
f 8003 7933 8002
f 7933 8004 8002
f 7897 7895 7932
f 7932 8005 7934
f 7895 8005 7932
f 8006 8007 7934
f 7934 8007 7817
f 8005 8008 8006
f 8008 8010 7818
f 8010 8009 7818
f 7893 7909 7894
f 8010 8012 7819
f 7909 7908 7894
f 8011 7960 8012
f 8012 7961 7820
f 7937 7821 7820
f 8016 7983 8013
f 7892 8014 7936
f 8015 8016 8013
f 7936 8014 8015
f 8015 8018 8016
f 8019 8020 7822
f 7890 8017 8014
f 8017 8022 8018
f 8018 8022 8019
f 8017 8021 8022
f 8021 7887 8024
f 8025 8026 7823
f 7826 7825 8027
f 7825 7940 8027
f 7884 7911 7885
f 7939 8028 8029
f 8029 8030 8027
f 8030 7827 7826
f 8028 8031 8029
f 8030 8032 7827
f 7911 7912 8028
f 8029 8033 8030
f 8032 7828 7827
f 7913 7883 7912
f 7883 8033 8031
f 8033 8036 8032
f 8036 8034 8032
f 8032 8034 7828
f 8034 7830 7829
f 7883 7882 8035
f 8035 7882 7963
f 7963 8037 8036
f 7965 7984 7833
f 7880 7877 7941
f 7877 8040 7941
f 7941 8040 7943
f 7943 8040 7984
f 7984 8041 8039
f 7877 8042 8040
f 8040 8042 8041
f 8041 8043 7834
f 8044 8047 7835
f 8047 7836 7835
f 7875 7914 8045
f 8047 7976 7836
f 7985 7966 7946
f 7946 8049 7985
f 7873 8048 7944
f 8048 8050 7946
f 7946 8050 8049
f 8049 7838 7837
f 8053 7839 7838
f 7869 8054 7871
f 7871 8054 8050
f 8050 8054 8051
f 8051 8053 8052
f 8051 8057 8053
f 7869 7867 8056
f 7986 7968 7841
f 7865 7917 7866
f 7949 8060 8058
f 7917 7916 7866
f 8059 8062 8060
f 8060 8063 7842
f 7916 8062 8059
f 8063 8061 7842
f 8062 8063 8060
f 8064 7843 8061
f 7916 7864 8062
f 7864 8065 8062
f 8062 8065 8063
f 8063 8065 8064
f 8064 7845 7843
f 7843 7845 7844
f 7864 8067 8065
f 8066 7846 7845
f 7864 7862 8067
f 8068 8069 7846
f 7969 7988 7848
f 7988 7969 7954
f 7950 7859 7952
f 7988 8070 7848
f 7858 7857 7859
f 7857 8072 7952
f 8072 8075 8070
f 8070 8075 8073
f 8073 7850 7849
f 7856 7918 7857
f 8078 7851 7850
f 8074 7970 8077
f 8078 7971 7851
f 7971 7972 7851
f 7854 7853 8079
f 8079 8080 7956
f 8080 7926 7852
f 7926 8081 7852
f 7975 7989 7812
f 7813 7989 7979
f 7989 7927 7958
f 7927 7974 7958
f 7958 7974 7905
f 7979 7989 7958
f 7904 7903 7905
f 7930 7991 7980
f 7993 7994 7991
f 7991 7994 7992
f 7997 7995 7994
f 7994 7993 7998
f 7996 7993 7906
f 7906 7903 7907
f 7906 7901 7996
f 7999 7815 8001
f 7997 7998 8001
f 7901 7900 7996
f 7996 8000 7998
f 7998 8000 8001
f 8002 7816 7999
f 7981 7816 8002
f 8002 8001 8003
f 8003 8001 8000
f 8000 7996 7900
f 8002 8004 7981
f 7981 8004 7935
f 7935 8004 7933
f 7933 8003 7931
f 8003 7899 7931
f 7931 7899 7897
f 7934 7982 7935
f 7935 7982 7959
f 7934 7817 7982
f 8006 7934 8005
f 7818 8007 8008
f 8008 8007 8006
f 7895 7894 8005
f 8008 8005 8011
f 7894 7895 7893
f 8005 7894 8011
f 8011 8010 8008
f 8010 7819 8009
f 7894 7908 8011
f 8011 8012 8010
f 8012 7820 7819
f 7937 7820 7961
f 7960 8011 7908
f 8013 7983 7937
f 7937 7983 7821
f 7910 7892 7908
f 7936 8015 8013
f 7822 8016 8019
f 8018 8015 8017
f 8017 8015 8014
f 7892 7890 8014
f 8018 8019 8016
f 8020 8019 8023
f 8023 8019 8022
f 7890 8021 8017
f 8023 7823 8020
f 8023 8022 8025
f 8024 8022 8021
f 8021 7890 7887
f 8024 8025 8022
f 8023 8025 7823
f 8026 8025 7962
f 7824 8026 7962
f 7885 7911 7938
f 7911 8028 7938
f 7938 8028 7939
f 7939 8029 7940
f 8029 8027 7940
f 8027 8030 7826
f 8032 8030 8033
f 8033 8029 8031
f 8031 8028 7912
f 7912 7883 8031
f 7828 8034 7829
f 7883 8035 8033
f 8033 8035 8036
f 8036 8037 8034
f 8037 7830 8034
f 7831 7830 8038
f 8038 7830 8037
f 8195 7882 7883
f 8035 7963 8036
f 8038 7964 7831
f 7831 7964 7832
f 7832 7964 7965
f 7964 8038 7942
f 8038 8037 7942
f 7943 7984 7965
f 7941 7943 7942
f 7984 8039 7833
f 8041 7984 8040
f 7877 7880 7878
f 8041 7834 8039
f 7835 7834 8044
f 8043 8041 8045
f 8045 8041 8042
f 8042 7877 7875
f 7876 7875 7877
f 8043 8044 7834
f 8044 8043 8046
f 8046 8043 8045
f 8045 8042 7875
f 8046 8047 8044
f 8046 8045 7914
f 8047 8046 7945
f 7944 8046 7914
f 7914 7875 7915
f 7874 7873 7944
f 7944 8048 7945
f 7945 8048 7946
f 7985 8049 7837
f 7838 8049 8052
f 7873 7871 8048
f 8048 7871 8050
f 8050 8051 8049
f 8051 8052 8049
f 8052 8053 7838
f 8054 8056 8051
f 8053 8055 7839
f 8055 7840 7839
f 7840 8055 7841
f 8055 8053 8057
f 8057 8051 8056
f 8056 8054 7869
f 7841 8055 7986
f 7986 8055 7967
f 8055 8057 7967
f 8057 8056 7867
f 7949 7987 7968
f 7947 7866 8059
f 8059 7949 7948
f 7949 8058 7987
f 7866 7916 8059
f 8059 8060 7949
f 8060 7842 8058
f 8061 8063 8064
f 7845 8064 8065
f 8197 7864 7916
f 8065 8066 7845
f 7846 8066 8068
f 8066 8065 8067
f 8067 7977 8066
f 8066 7977 8068
f 8069 7847 7846
f 7847 8069 7954
f 8069 8068 7951
f 7951 8068 7977
f 7977 8067 7862
f 7952 7953 7951
f 7953 7988 7954
f 8071 7848 8070
f 7988 7953 8070
f 7849 8071 8073
f 8070 7953 8072
f 8072 7953 7952
f 7952 7859 7857
f 8070 8073 8071
f 7850 8073 8076
f 7857 7918 8072
f 7918 8074 8072
f 8072 8074 8075
f 8075 8077 8073
f 8077 8076 8073
f 8076 8078 7850
f 8078 8076 8077
f 8077 8075 8074
f 8078 8077 7955
f 8074 7918 7919
f 7971 8078 7955
f 7955 8077 7970
f 7970 8074 7919
f 7854 8079 7955
f 7955 8079 7956
f 7956 8080 7957
f 8080 7852 7957
f 8080 8079 7925
f 7853 7854 7855
f 7905 7974 7922
f 7924 7905 7922
f 7974 7927 7973
f 7927 7975 7973
f 7973 7975 7978
f 7870 7871 7872
f 7873 7874 7872
f 7891 7892 8224
f 7900 7901 8082
f 8085 8086 8087
f 8091 8092 8093
f 8130 8090 8089
f 8103 8084 8083
f 8148 8147 8156
f 8092 8091 8138
f 8162 8089 8158
f 8121 8120 8157
f 8086 8085 8111
f 8166 8083 8159
f 8148 8156 8160
f 8138 8091 8139
f 8139 8091 8161
f 8130 8089 8162
f 8162 8158 8163
f 8121 8157 8164
f 8111 8085 8112
f 8112 8085 8165
f 8103 8083 8166
f 8166 8159 8167
f 8131 8130 8162
f 8104 8103 8166
f 8131 8162 8173
f 8162 8163 8173
f 8173 8163 8169
f 8104 8166 8175
f 8166 8167 8175
f 8175 8167 8171
f 8149 8148 8176
f 8148 8160 8176
f 8176 8160 8168
f 8140 8139 8177
f 8139 8161 8177
f 8177 8161 8172
f 8122 8121 8179
f 8121 8164 8179
f 8179 8164 8170
f 8113 8112 8180
f 8112 8165 8180
f 8180 8165 8174
f 8176 8168 8182
f 8132 8131 8184
f 8184 8131 8173
f 8169 8178 8185
f 8179 8170 8186
f 8105 8104 8188
f 8188 8104 8175
f 8171 8181 8189
f 8182 8168 8198
f 8198 8168 8183
f 8151 8140 8177
f 8177 8172 8216
f 8216 8172 8190
f 8172 7893 8190
f 8173 8169 8193
f 8193 8169 8185
f 8186 8170 8253
f 8253 8170 8187
f 8154 8113 8180
f 8180 8174 8191
f 8174 7865 8191
f 8175 8171 8194
f 8194 8171 8189
f 8149 8176 8192
f 8192 8176 8182
f 8151 8177 8217
f 8217 8177 8216
f 8184 8173 8193
f 8193 8185 8237
f 8122 8179 8254
f 8254 8179 8186
f 8154 8180 8273
f 8273 8180 8191
f 8188 8175 8194
f 8194 8189 8292
f 8095 8149 8192
f 8192 8182 8198
f 8198 8183 7924
f 7924 8183 7904
f 8094 8156 8147
f 8160 8199 8168
f 8168 7904 8183
f 8156 8202 8160
f 8202 8199 8160
f 8199 8200 8168
f 8200 7904 8168
f 8150 8201 8094
f 8094 8202 8156
f 8201 8202 8094
f 8202 8203 8199
f 8203 8200 8199
f 8201 8204 8202
f 8204 8203 8202
f 8200 7907 7904
f 7907 7903 7904
f 8204 8205 8203
f 8203 7907 8200
f 8205 7902 8203
f 8203 7902 7907
f 8205 8204 8206
f 8206 8204 8201
f 8201 8150 8146
f 8206 8201 8146
f 7902 8205 8207
f 8207 8205 8206
f 8082 7902 8207
f 8206 8146 8208
f 8208 8146 8144
f 8144 8146 8145
f 8207 8206 8208
f 7900 8082 7898
f 7898 8082 8209
f 8082 8207 8209
f 8209 8207 8210
f 8207 8208 8210
f 8210 8208 8211
f 8208 8144 8211
f 8210 8211 8143
f 8213 8209 8212
f 8209 8210 8212
f 8212 8210 8143
f 7898 8209 8213
f 8212 8143 8142
f 8214 8212 8142
f 7896 7898 8213
f 8213 8212 8214
f 7897 7898 7896
f 8214 8142 8215
f 8215 8142 8141
f 8213 8214 8216
f 8216 8214 8217
f 8217 8214 8215
f 7896 8213 8190
f 8190 8213 8216
f 8141 8151 8215
f 8215 8151 8217
f 8190 7893 7896
f 7893 7895 7896
f 8091 8220 8161
f 8161 8218 8172
f 8093 8219 8091
f 8219 8220 8091
f 8152 8219 8093
f 8220 8218 8161
f 8218 7909 8172
f 8172 7909 7893
f 8152 8221 8219
f 8219 8222 8220
f 8220 8222 8218
f 8221 8222 8219
f 8222 7909 8218
f 8221 8223 8222
f 8223 7910 8222
f 8222 7910 7909
f 7910 8223 8224
f 8223 8221 8225
f 8226 8221 8137
f 8221 8152 8137
f 8224 8223 8225
f 8225 8221 8226
f 8226 8137 8136
f 8227 8226 8136
f 7891 8224 8228
f 8224 8225 8228
f 8228 8225 8229
f 8225 8226 8229
f 8229 8226 8227
f 7891 8228 8230
f 8227 8136 8135
f 8230 8228 8231
f 8228 8229 8231
f 8229 8227 8231
f 8231 8227 8135
f 7890 7891 7889
f 7889 7891 8230
f 8230 8231 8232
f 8232 8231 8233
f 8231 8135 8233
f 8233 8135 8134
f 7888 7889 8236
f 7889 8230 8236
f 8236 8230 8232
f 8232 8233 8234
f 8234 8233 8134
f 8234 8134 8235
f 8236 8232 8237
f 8237 8232 8234
f 8237 8234 8193
f 8193 8234 8235
f 8133 8184 8235
f 8235 8184 8193
f 8236 7886 7888
f 8133 8132 8184
f 8237 8185 8236
f 8185 7886 8236
f 8129 8089 8090
f 8185 7884 7886
f 8163 8178 8169
f 8178 7884 8185
f 7884 7885 7886
f 8158 8178 8163
f 8129 8238 8089
f 8089 8238 8158
f 8128 8238 8129
f 8128 8239 8238
f 8238 8240 8158
f 8158 8240 8178
f 8240 7884 8178
f 8240 7913 7884
f 7913 7911 7884
f 8239 8240 8238
f 7913 7912 7911
f 8239 8241 8240
f 8241 8195 8240
f 8195 7913 8240
f 8243 8239 8242
f 8239 8128 8242
f 8195 7883 7913
f 8242 8128 8127
f 8241 8239 8243
f 7881 8195 8241
f 8243 8242 8244
f 7881 8241 8245
f 8241 8243 8245
f 8245 8243 8244
f 8244 8242 8246
f 8246 8242 8127
f 8246 8127 8126
f 8245 8244 8247
f 8244 8246 8247
f 8248 8245 8247
f 7879 7881 8248
f 7881 8245 8248
f 8247 8246 8125
f 8246 8126 8125
f 7880 7881 7879
f 8249 8247 8250
f 8247 8125 8250
f 8248 8247 8251
f 8251 8247 8249
f 8249 8250 8124
f 7879 8248 7878
f 7878 8248 8251
f 8251 8249 8252
f 8249 8124 8252
f 7878 8251 8252
f 8253 8252 8254
f 8252 8124 8254
f 8124 8123 8254
f 8252 8253 7878
f 8123 8122 8254
f 8254 8186 8253
f 8253 8187 7878
f 7878 8187 7876
f 8088 8157 8120
f 8164 8255 8170
f 8170 7876 8187
f 8157 8258 8164
f 8258 8255 8164
f 8255 8256 8170
f 8256 7876 8170
f 8153 8257 8088
f 8088 8258 8157
f 8119 8257 8153
f 8257 8258 8088
f 8258 8259 8255
f 8259 8256 8255
f 8257 8260 8258
f 8260 8259 8258
f 8256 7915 7876
f 7915 7875 7876
f 8257 8262 8260
f 8260 8261 8259
f 8259 7915 8256
f 8262 8261 8260
f 8261 8196 8259
f 8259 8196 7915
f 8262 8257 8119
f 8196 8261 8263
f 8263 8261 8262
f 7874 8196 7872
f 7872 8196 8263
f 8262 8119 8264
f 8264 8119 8117
f 8117 8119 8118
f 8263 8262 8264
f 7872 8263 8265
f 8265 8263 8266
f 8263 8264 8266
f 8266 8264 8267
f 8264 8117 8267
f 8266 8267 8116
f 7870 7872 8265
f 8269 8265 8268
f 8265 8266 8268
f 8268 8266 8116
f 7870 8265 8269
f 8268 8116 8115
f 8270 8268 8115
f 7870 8269 7868
f 8269 8268 8270
f 7869 7870 7868
f 7868 8269 8271
f 8271 8269 8270
f 8270 8115 8272
f 8272 8115 8114
f 8271 8270 8273
f 8273 8270 8272
f 8191 7868 8271
f 8273 8191 8271
f 8114 8154 8272
f 8272 8154 8273
f 8191 7865 7868
f 7865 7867 7868
f 8085 8276 8165
f 8165 8274 8174
f 8087 8275 8085
f 8275 8276 8085
f 8155 8275 8087
f 8276 8274 8165
f 8274 7917 8174
f 8174 7917 7865
f 8155 8277 8275
f 8275 8278 8276
f 8276 8278 8274
f 8277 8278 8275
f 8278 7917 8274
f 8277 8279 8278
f 8279 8197 8278
f 8278 8197 7917
f 8279 8277 8280
f 8281 8277 8110
f 8277 8155 8110
f 7863 8197 8280
f 8197 8279 8280
f 8280 8277 8281
f 7864 8197 7863
f 8281 8110 8109
f 8282 8281 8109
f 7863 8280 8283
f 8283 8280 8284
f 8280 8281 8284
f 8284 8281 8282
f 7863 8283 8285
f 8282 8109 8108
f 8285 8283 8286
f 8283 8284 8286
f 8284 8282 8286
f 8286 8282 8108
f 7862 7863 7861
f 7861 7863 8285
f 8285 8286 8287
f 8287 8286 8288
f 8286 8108 8288
f 8288 8108 8107
f 7860 7861 8291
f 7861 8285 8291
f 8291 8285 8287
f 8287 8288 8289
f 8289 8288 8107
f 8289 8107 8290
f 8291 8287 8292
f 8292 8287 8289
f 8292 8289 8194
f 8194 8289 8290
f 8106 8188 8290
f 8290 8188 8194
f 8291 7858 7860
f 8106 8105 8188
f 8292 8189 8291
f 8189 7858 8291
f 8102 8083 8084
f 8189 7856 7858
f 8167 8181 8171
f 8181 7856 8189
f 7856 7857 7858
f 8159 8181 8167
f 8102 8293 8083
f 8083 8293 8159
f 8101 8293 8102
f 8101 8294 8293
f 8293 8295 8159
f 8159 8295 8181
f 8295 7856 8181
f 8295 7920 7856
f 7920 7918 7856
f 8294 8295 8293
f 7920 7919 7918
f 7920 8295 7855
f 7855 8295 8296
f 8296 8295 8294
f 7855 7854 7920
f 8298 8294 8297
f 8294 8101 8297
f 8297 8101 8100
f 8296 8294 8298
f 8297 8100 8099
f 7921 7855 8296
f 8298 8297 8299
f 7921 8296 8300
f 8296 8298 8300
f 8300 8298 8299
f 8299 8297 8301
f 8301 8297 8099
f 8301 8099 8098
f 8300 8299 8302
f 8299 8301 8302
f 8303 8300 8302
f 7923 7921 8303
f 7921 8300 8303
f 8302 8301 8097
f 8301 8098 8097
f 7922 7921 7923
f 8304 8302 8305
f 8302 8097 8305
f 8303 8302 8306
f 8306 8302 8304
f 8304 8305 8096
f 7923 8303 7924
f 7924 8303 8306
f 8306 8304 8307
f 8304 8096 8307
f 7924 8306 8307
f 8198 8307 8192
f 8307 8096 8192
f 8096 8095 8192
f 8307 8198 7924
f 8385 8145 8380
f 8145 8146 8380
f 8146 8150 8380
f 8380 8150 8375
f 8150 8094 8375
f 8375 8094 8308
f 8094 8147 8308
f 8308 8147 8309
f 8147 8148 8309
f 8309 8148 8369
f 8148 8149 8369
f 8369 8149 8310
f 8149 8095 8310
f 8310 8095 8542
f 8095 8096 8542
f 8542 8096 8311
f 8096 8305 8311
f 8305 8097 8311
f 8097 8098 8311
f 8311 8098 8312
f 8098 8099 8312
f 8312 8099 8538
f 8538 8099 8313
f 8099 8100 8313
f 8313 8100 8336
f 8314 8315 8122
f 8122 8315 8121
f 8315 8316 8121
f 8121 8316 8120
f 8316 8317 8120
f 8120 8317 8088
f 8317 8467 8088
f 8088 8467 8153
f 8467 8318 8153
f 8153 8318 8119
f 8119 8318 8118
f 8318 8476 8118
f 8476 8319 8118
f 8118 8319 8117
f 8117 8319 8267
f 8319 8320 8267
f 8267 8320 8116
f 8116 8320 8115
f 8320 8321 8115
f 8115 8321 8114
f 8321 8484 8114
f 8484 8322 8114
f 8114 8322 8154
f 8322 8323 8154
f 8154 8323 8113
f 8323 8324 8113
f 8113 8324 8112
f 8112 8324 8111
f 8324 8325 8111
f 8111 8325 8086
f 8325 8326 8086
f 8086 8326 8087
f 8326 8327 8087
f 8087 8327 8155
f 8155 8327 8110
f 8327 8328 8110
f 8110 8328 8109
f 8328 8504 8109
f 8504 8329 8109
f 8109 8329 8108
f 8329 8330 8108
f 8330 8510 8108
f 8108 8510 8107
f 8510 8331 8107
f 8107 8331 8290
f 8331 8332 8290
f 8290 8332 8106
f 8332 8333 8106
f 8106 8333 8105
f 8105 8333 8104
f 8333 8334 8104
f 8104 8334 8103
f 8334 8335 8103
f 8103 8335 8084
f 8335 8530 8084
f 8084 8530 8102
f 8530 8336 8102
f 8102 8336 8101
f 8101 8336 8100
f 8122 8123 8314
f 8314 8123 8449
f 8123 8124 8449
f 8449 8124 8337
f 8124 8250 8337
f 8250 8125 8337
f 8125 8126 8337
f 8337 8126 8338
f 8126 8127 8338
f 8338 8127 8445
f 8445 8127 8339
f 8127 8128 8339
f 8339 8128 8340
f 8128 8129 8340
f 8340 8129 8437
f 8129 8090 8437
f 8437 8090 8341
f 8090 8130 8341
f 8341 8130 8342
f 8130 8131 8342
f 8342 8131 8343
f 8131 8132 8343
f 8132 8133 8343
f 8343 8133 8344
f 8133 8235 8344
f 8344 8235 8345
f 8235 8134 8345
f 8345 8134 8417
f 8134 8135 8417
f 8417 8135 8346
f 8346 8135 8347
f 8135 8136 8347
f 8347 8136 8348
f 8348 8136 8349
f 8136 8137 8349
f 8349 8137 8350
f 8137 8152 8350
f 8152 8093 8350
f 8350 8093 8351
f 8093 8092 8351
f 8351 8092 8352
f 8092 8138 8352
f 8352 8138 8353
f 8138 8139 8353
f 8139 8140 8353
f 8353 8140 8354
f 8140 8151 8354
f 8354 8151 8355
f 8151 8141 8355
f 8355 8141 8356
f 8356 8141 8357
f 8141 8142 8357
f 8357 8142 8358
f 8142 8143 8358
f 8143 8211 8358
f 8358 8211 8359
f 8211 8144 8359
f 8144 8145 8359
f 8359 8145 8385
f 8360 8366 8361
f 8364 8369 8310
f 8360 8365 8366
f 8361 8366 8367
f 8368 8309 8369
f 8365 8371 8366
f 8366 8371 8548
f 8371 8372 8548
f 8548 8372 8370
f 8547 8308 8309
f 8372 8373 8370
f 8373 8374 8370
f 8370 8374 8375
f 8377 8378 8373
f 8376 8381 8377
f 8383 8384 8385
f 8384 8359 8385
f 8389 8386 8553
f 8387 8357 8551
f 8388 8390 8389
f 8390 8554 8389
f 8390 8393 8394
f 8394 8396 8554
f 8554 8396 8395
f 8395 8354 8355
f 8396 8397 8354
f 8397 8353 8354
f 8556 8399 8400
f 8400 8404 8397
f 8397 8404 8352
f 8398 8409 8399
f 8409 8401 8399
f 8404 8350 8351
f 8408 8407 8349
f 8401 8558 8557
f 8410 8411 8348
f 8413 8414 8415
f 8415 8419 8420
f 8561 8423 8424
f 8560 8424 8343
f 8418 8429 8425
f 8422 8431 8426
f 8565 8453 8446
f 8448 8449 8566
f 8566 8449 8337
f 8453 8454 8450
f 8451 8567 8447
f 8447 8567 8452
f 8452 8314 8449
f 8453 8459 8454
f 8457 8315 8314
f 8453 8458 8459
f 8454 8459 8460
f 8461 8316 8315
f 8458 8463 8459
f 8459 8463 8569
f 8463 8464 8569
f 8569 8464 8462
f 8568 8317 8316
f 8464 8465 8462
f 8465 8466 8462
f 8462 8466 8467
f 8469 8470 8465
f 8468 8472 8469
f 8474 8475 8476
f 8475 8319 8476
f 8480 8477 8574
f 8478 8321 8572
f 8479 8481 8480
f 8481 8575 8480
f 8481 8485 8486
f 8486 8488 8575
f 8575 8488 8487
f 8487 8323 8322
f 8488 8489 8323
f 8489 8324 8323
f 8577 8491 8492
f 8492 8496 8489
f 8489 8496 8325
f 8490 8501 8491
f 8501 8493 8491
f 8496 8327 8326
f 8500 8499 8328
f 8493 8579 8578
f 8502 8503 8504
f 8506 8507 8508
f 8508 8512 8513
f 8582 8516 8517
f 8581 8517 8333
f 8511 8522 8518
f 8515 8524 8519
f 8586 8360 8539
f 8541 8542 8587
f 8587 8542 8311
f 8360 8361 8543
f 8544 8546 8540
f 8540 8546 8545
f 8545 8310 8542
f 8544 8362 8546
f 8362 8363 8546
f 8363 8364 8546
f 8369 8364 8368
f 8368 8364 8363
f 8368 8363 8367
f 8363 8362 8367
f 8367 8362 8361
f 8309 8368 8547
f 8547 8368 8548
f 8368 8367 8548
f 8366 8548 8367
f 8547 8548 8370
f 8308 8547 8375
f 8375 8547 8370
f 8373 8372 8371
f 8365 8377 8371
f 8371 8377 8373
f 8373 8379 8374
f 8374 8379 8375
f 8379 8380 8375
f 8379 8373 8378
f 8377 8365 8376
f 8380 8379 8385
f 8385 8379 8383
f 8379 8378 8383
f 8377 8382 8378
f 8382 8549 8378
f 8378 8549 8383
f 8384 8383 8549
f 8382 8377 8550
f 8550 8377 8381
f 8358 8359 8384
f 8384 8549 8552
f 8552 8549 8382
f 8358 8384 8551
f 8551 8384 8552
f 8552 8382 8553
f 8553 8382 8550
f 8551 8552 8387
f 8386 8552 8553
f 8550 8389 8553
f 8552 8386 8387
f 8551 8357 8358
f 8387 8386 8391
f 8550 8381 8388
f 8550 8388 8389
f 8389 8554 8386
f 8386 8554 8391
f 8391 8392 8387
f 8387 8392 8357
f 8392 8356 8357
f 8356 8392 8355
f 8392 8391 8554
f 8392 8395 8355
f 8388 8393 8390
f 8390 8394 8554
f 8554 8395 8392
f 8354 8395 8396
f 8393 8388 8398
f 8394 8555 8396
f 8397 8396 8555
f 8555 8394 8556
f 8556 8394 8393
f 8393 8399 8556
f 8556 8400 8555
f 8397 8352 8353
f 8397 8555 8400
f 8399 8393 8398
f 8351 8352 8404
f 8399 8402 8400
f 8402 8403 8400
f 8400 8403 8404
f 8350 8404 8408
f 8408 8404 8403
f 8405 8402 8399
f 8399 8401 8405
f 8405 8406 8402
f 8402 8406 8403
f 8349 8350 8408
f 8408 8403 8407
f 8407 8403 8406
f 8410 8407 8406
f 8557 8405 8401
f 8405 8557 8406
f 8557 8410 8406
f 8410 8348 8407
f 8407 8348 8349
f 8347 8348 8411
f 8558 8401 8409
f 8557 8559 8410
f 8410 8559 8411
f 8346 8347 8411
f 8346 8411 8559
f 8559 8557 8415
f 8415 8557 8413
f 8557 8558 8413
f 8413 8558 8412
f 8558 8409 8412
f 8416 8559 8415
f 8416 8345 8559
f 8559 8345 8346
f 8345 8417 8346
f 8412 8418 8413
f 8413 8418 8414
f 8414 8419 8415
f 8415 8420 8416
f 8416 8420 8345
f 8420 8344 8345
f 8344 8420 8560
f 8560 8420 8561
f 8420 8419 8561
f 8419 8414 8421
f 8421 8414 8418
f 8560 8343 8344
f 8421 8422 8419
f 8419 8422 8561
f 8422 8423 8561
f 8561 8424 8560
f 8426 8423 8422
f 8421 8418 8425
f 8425 8431 8421
f 8421 8431 8422
f 8426 8427 8423
f 8423 8427 8424
f 8427 8428 8424
f 8424 8428 8343
f 8428 8342 8343
f 8431 8425 8430
f 8425 8429 8430
f 8426 8432 8427
f 8428 8341 8342
f 8341 8428 8432
f 8428 8427 8432
f 8432 8426 8431
f 8432 8431 8435
f 8435 8431 8434
f 8434 8431 8430
f 8430 8429 8433
f 8433 8434 8430
f 8435 8436 8432
f 8436 8437 8432
f 8432 8437 8341
f 8340 8437 8436
f 8439 8436 8435
f 8441 8433 8429
f 8433 8438 8434
f 8434 8438 8435
f 8438 8439 8435
f 8340 8436 8339
f 8339 8436 8440
f 8440 8436 8439
f 8438 8433 8441
f 8445 8339 8440
f 8439 8438 8443
f 8443 8438 8442
f 8442 8438 8441
f 8443 8444 8439
f 8439 8444 8440
f 8444 8445 8440
f 8338 8445 8562
f 8445 8444 8562
f 8563 8444 8564
f 8444 8443 8564
f 8564 8443 8442
f 8442 8441 8565
f 8444 8563 8562
f 8442 8565 8446
f 8337 8338 8566
f 8338 8562 8566
f 8566 8562 8563
f 8564 8442 8446
f 8448 8563 8564
f 8447 8564 8446
f 8564 8447 8448
f 8563 8448 8566
f 8449 8448 8452
f 8447 8446 8450
f 8450 8446 8453
f 8450 8451 8447
f 8448 8447 8452
f 8314 8452 8457
f 8457 8452 8567
f 8450 8454 8451
f 8454 8455 8451
f 8451 8455 8567
f 8455 8456 8567
f 8456 8457 8567
f 8315 8457 8461
f 8461 8457 8456
f 8461 8456 8460
f 8456 8455 8460
f 8460 8455 8454
f 8316 8461 8568
f 8568 8461 8569
f 8461 8460 8569
f 8459 8569 8460
f 8568 8569 8462
f 8317 8568 8467
f 8467 8568 8462
f 8465 8464 8463
f 8458 8469 8463
f 8463 8469 8465
f 8465 8471 8466
f 8466 8471 8467
f 8471 8318 8467
f 8471 8465 8470
f 8469 8458 8468
f 8318 8471 8476
f 8476 8471 8474
f 8471 8470 8474
f 8469 8473 8470
f 8473 8570 8470
f 8470 8570 8474
f 8475 8474 8570
f 8473 8469 8571
f 8571 8469 8472
f 8320 8319 8475
f 8475 8570 8573
f 8573 8570 8473
f 8320 8475 8572
f 8572 8475 8573
f 8573 8473 8574
f 8574 8473 8571
f 8572 8573 8478
f 8477 8573 8574
f 8571 8480 8574
f 8573 8477 8478
f 8572 8321 8320
f 8478 8477 8482
f 8571 8472 8479
f 8571 8479 8480
f 8480 8575 8477
f 8477 8575 8482
f 8482 8483 8478
f 8478 8483 8321
f 8483 8484 8321
f 8484 8483 8322
f 8483 8482 8575
f 8483 8487 8322
f 8479 8485 8481
f 8481 8486 8575
f 8575 8487 8483
f 8323 8487 8488
f 8485 8479 8490
f 8486 8576 8488
f 8489 8488 8576
f 8576 8486 8577
f 8577 8486 8485
f 8485 8491 8577
f 8577 8492 8576
f 8489 8325 8324
f 8489 8576 8492
f 8491 8485 8490
f 8326 8325 8496
f 8491 8494 8492
f 8494 8495 8492
f 8492 8495 8496
f 8327 8496 8500
f 8500 8496 8495
f 8497 8494 8491
f 8491 8493 8497
f 8497 8498 8494
f 8494 8498 8495
f 8328 8327 8500
f 8500 8495 8499
f 8499 8495 8498
f 8502 8499 8498
f 8578 8497 8493
f 8497 8578 8498
f 8578 8502 8498
f 8502 8504 8499
f 8499 8504 8328
f 8329 8504 8503
f 8579 8493 8501
f 8578 8580 8502
f 8502 8580 8503
f 8330 8329 8503
f 8330 8503 8580
f 8580 8578 8508
f 8508 8578 8506
f 8578 8579 8506
f 8506 8579 8505
f 8579 8501 8505
f 8509 8580 8508
f 8509 8331 8580
f 8580 8331 8330
f 8331 8510 8330
f 8505 8511 8506
f 8506 8511 8507
f 8507 8512 8508
f 8508 8513 8509
f 8509 8513 8331
f 8513 8332 8331
f 8332 8513 8581
f 8581 8513 8582
f 8513 8512 8582
f 8512 8507 8514
f 8514 8507 8511
f 8581 8333 8332
f 8514 8515 8512
f 8512 8515 8582
f 8515 8516 8582
f 8582 8517 8581
f 8519 8516 8515
f 8514 8511 8518
f 8518 8524 8514
f 8514 8524 8515
f 8519 8520 8516
f 8516 8520 8517
f 8520 8521 8517
f 8517 8521 8333
f 8521 8334 8333
f 8524 8518 8523
f 8518 8522 8523
f 8519 8525 8520
f 8521 8335 8334
f 8335 8521 8525
f 8521 8520 8525
f 8525 8519 8524
f 8525 8524 8528
f 8528 8524 8527
f 8527 8524 8523
f 8523 8522 8526
f 8526 8527 8523
f 8528 8529 8525
f 8529 8530 8525
f 8525 8530 8335
f 8336 8530 8529
f 8532 8529 8528
f 8534 8526 8522
f 8526 8531 8527
f 8527 8531 8528
f 8531 8532 8528
f 8336 8529 8313
f 8313 8529 8533
f 8533 8529 8532
f 8531 8526 8534
f 8538 8313 8533
f 8532 8531 8536
f 8536 8531 8535
f 8535 8531 8534
f 8536 8537 8532
f 8532 8537 8533
f 8537 8538 8533
f 8312 8538 8583
f 8538 8537 8583
f 8584 8537 8585
f 8537 8536 8585
f 8585 8536 8535
f 8535 8534 8586
f 8537 8584 8583
f 8535 8586 8539
f 8311 8312 8587
f 8312 8583 8587
f 8587 8583 8584
f 8585 8535 8539
f 8541 8584 8585
f 8540 8585 8539
f 8585 8540 8541
f 8584 8541 8587
f 8542 8541 8545
f 8540 8539 8543
f 8543 8539 8360
f 8543 8544 8540
f 8541 8540 8545
f 8310 8545 8364
f 8364 8545 8546
f 8543 8361 8544
f 8361 8362 8544
f 8441 8589 8588
f 8360 8590 8365
f 8590 8591 8365
f 8376 8591 8592
f 8441 8429 8589
f 8441 8588 8565
f 8588 8593 8565
f 8596 8594 8412
f 8418 8412 8594
f 8409 8598 8596
f 8589 8429 8594
f 8429 8418 8594
f 8602 8590 8360
f 8376 8365 8591
f 8599 8600 8453
f 8453 8600 8458
f 8468 8595 8472
f 8601 8472 8595
f 8479 8472 8601
f 8592 8603 8376
f 8376 8603 8381
f 8412 8409 8596
f 8603 8388 8381
f 8398 8388 8597
f 8597 8388 8603
f 8599 8453 8593
f 8453 8565 8593
f 8604 8458 8600
f 8595 8468 8604
f 8604 8468 8458
f 8602 8586 8605
f 8605 8586 8534
f 8360 8586 8602
f 8606 8490 8601
f 8601 8490 8479
f 8501 8609 8608
f 8608 8610 8505
f 8598 8398 8597
f 8598 8409 8398
f 8609 8501 8606
f 8501 8490 8606
f 8610 8511 8505
f 8607 8511 8610
f 8534 8522 8605
f 8605 8522 8607
f 8505 8501 8608
f 8607 8522 8511
f 8590 8602 8611
f 8611 8602 8612
f 8602 8605 8612
f 8612 8605 8613
f 8605 8607 8613
f 8613 8607 8614
f 8607 8610 8614
f 8614 8610 8615
f 8610 8608 8615
f 8615 8608 8616
f 8608 8609 8616
f 8609 8606 8616
f 8616 8606 8617
f 8606 8601 8617
f 8617 8601 8618
f 8601 8595 8618
f 8618 8595 8619
f 8619 8595 8620
f 8595 8604 8620
f 8620 8604 8621
f 8604 8600 8621
f 8621 8600 8622
f 8600 8599 8622
f 8622 8599 8623
f 8599 8593 8623
f 8623 8593 8624
f 8593 8588 8624
f 8624 8588 8625
f 8588 8589 8625
f 8589 8594 8625
f 8625 8594 8626
f 8594 8596 8626
f 8626 8596 8627
f 8596 8598 8627
f 8627 8598 8628
f 8628 8598 8629
f 8598 8597 8629
f 8629 8597 8630
f 8597 8603 8630
f 8630 8603 8631
f 8603 8592 8631
f 8631 8592 8632
f 8592 8591 8632
f 8632 8591 8633
f 8591 8590 8633
f 8633 8590 8611
f 8633 8611 8624
f 8624 8632 8633
f 8624 8631 8632
f 8630 8631 8624
f 8624 8629 8630
f 8628 8629 8624
f 8624 8627 8628
f 8624 8626 8627
f 8625 8626 8624
f 8624 8622 8623
f 8621 8622 8624
f 8620 8621 8624
f 8624 8619 8620
f 8618 8619 8624
f 8624 8617 8618
f 8624 8616 8617
f 8615 8616 8624
f 8624 8614 8615
f 8613 8614 8624
f 8612 8613 8624
f 8611 8612 8624
f 226 227 285
f 304 303 8634
f 8634 8635 304
f 304 8635 246
f 284 1671 1679
f 7156 1671 7154
f 350 337 645
f 7146 7149 6354
f 647 645 338
f 284 1679 253
f 253 1679 1637
f 284 1563 1671
f 1671 1563 1606
f 7156 7159 1671
f 6354 7149 645
f 1606 7139 1671
f 1671 7139 7154
f 7141 7145 6354
f 6354 7145 7146
f 338 645 285
f 246 226 304
f 226 285 304
f 304 285 337
f 285 645 337
f 283 1637 1636
f 396 350 7140
f 350 645 7140
f 645 7149 7140
f 8635 8636 246
f 411 647 338
f 283 1636 1541
f 6354 8638 8639
f 338 369 411
f 8643 8640 1671
f 1671 8640 8637
f 1540 283 1541
f 6354 8639 8641
f 8636 8642 246
f 8650 8643 1671
f 6354 8641 8644
f 8645 8646 6354
f 6354 8646 8638
f 8642 8647 246
f 8637 8648 1671
f 1671 8648 8649
f 8647 254 253
f 283 246 1637
f 1637 246 253
f 246 8647 253
f 8651 8650 7162
f 8650 1671 7162
f 1671 7159 7162
f 6354 8644 7141
f 7141 8644 8652
f 6372 8653 6354
f 8653 8645 6354
f 8649 8654 1671
f 6587 6588 8653
f 8653 6588 8654
f 6586 6587 8653
f 6588 6589 8654
f 6589 6590 8654
f 8653 6585 6586
f 8654 6590 6591
f 6584 6585 8653
f 8653 6372 6584
f 8654 6591 1671
f 6591 6592 1671
f 6592 6948 1671
f 8655 8652 8656
f 8652 8644 8656
f 8650 8651 8657
f 8651 8658 8657
f 8653 8654 8665
f 8654 8737 8665
f 8656 8644 8659
f 8644 8641 8659
f 8659 8641 8660
f 8641 8639 8660
f 8660 8639 8661
f 8639 8638 8661
f 8661 8638 8662
f 8638 8646 8662
f 8662 8646 8663
f 8646 8645 8663
f 8663 8645 8664
f 8645 8653 8664
f 8664 8653 8665
f 8672 8666 8656
f 8666 8655 8656
f 8664 8665 8667
f 8668 8663 8667
f 8663 8664 8667
f 8669 8662 8668
f 8662 8663 8668
f 8670 8662 8669
f 8661 8662 8670
f 8671 8661 8670
f 8671 8660 8661
f 8672 8660 8671
f 8672 8659 8660
f 8672 8656 8659
f 8652 8655 7141
f 8655 8666 7141
f 7141 8666 7142
f 7163 8673 7162
f 8673 8658 7162
f 7162 8658 8651
f 8674 8676 7142
f 7142 8677 7163
f 7163 8677 8678
f 8690 8679 7163
f 7163 8679 8680
f 8681 8682 7163
f 8675 8683 8666
f 8666 8685 8684
f 8686 8687 7142
f 8687 8688 7142
f 8688 8674 7142
f 8676 8689 7142
f 7142 8689 8677
f 7163 8678 8690
f 7163 8680 8681
f 8692 8673 8693
f 8673 8694 8666
f 8694 8695 8666
f 8695 8696 8666
f 8666 8696 8675
f 8683 8685 8666
f 8697 8694 8673
f 8701 8702 7163
f 8691 8693 8673
f 8673 8692 8703
f 8704 8686 7142
f 8682 8705 7163
f 7163 8702 8706
f 8703 8707 8673
f 8707 8697 8673
f 8684 8708 8666
f 8666 8720 8709
f 8698 8710 8666
f 8710 8711 8666
f 8711 8712 8666
f 8705 8714 7163
f 7163 8714 8700
f 8700 8701 7163
f 8666 8709 8698
f 8713 7142 8723
f 8713 8699 7142
f 8699 8715 7142
f 8716 8691 8673
f 8708 8717 8666
f 7142 8715 8718
f 7163 8719 8716
f 7163 8716 8673
f 8666 8717 8720
f 8712 8721 8666
f 7142 8718 8704
f 7142 8722 8723
f 8706 8719 7163
f 7142 8724 8722
f 8666 8721 7142
f 8721 8724 7142
f 8657 8658 8725
f 8658 8673 8725
f 8665 8737 8667
f 8737 8735 8667
f 8657 8725 8726
f 8726 8725 8727
f 8725 8728 8727
f 8727 8728 8729
f 8728 8730 8729
f 8730 8731 8729
f 8729 8731 8732
f 8731 8733 8732
f 8732 8733 8734
f 8733 8735 8734
f 8734 8735 8736
f 8736 8735 8737
f 8657 8726 8650
f 8650 8726 8643
f 8726 8727 8643
f 8643 8727 8640
f 8727 8729 8640
f 8640 8729 8637
f 8729 8732 8637
f 8637 8732 8648
f 8732 8734 8648
f 8648 8734 8649
f 8734 8736 8649
f 8649 8736 8654
f 8736 8737 8654
f 8719 8706 8738
f 8738 8706 8739
f 8706 8702 8739
f 8739 8702 8740
f 8702 8701 8740
f 8740 8701 8741
f 8701 8700 8741
f 8700 8714 8741
f 8741 8714 8742
f 8714 8705 8742
f 8742 8705 8743
f 8743 8705 8744
f 8705 8682 8744
f 8744 8682 8745
f 8682 8681 8745
f 8745 8681 8746
f 8746 8681 8747
f 8681 8680 8747
f 8747 8680 8748
f 8680 8679 8748
f 8679 8690 8748
f 8748 8690 8749
f 8749 8690 8750
f 8690 8678 8750
f 8750 8678 8751
f 8678 8677 8751
f 8677 8689 8751
f 8751 8689 8752
f 8738 8753 8719
f 8719 8753 8716
f 8753 8754 8716
f 8716 8754 8691
f 8754 8755 8691
f 8691 8755 8693
f 8755 8756 8693
f 8693 8756 8692
f 8756 8757 8692
f 8692 8757 8703
f 8757 8758 8703
f 8703 8758 8707
f 8758 8759 8707
f 8707 8759 8697
f 8759 8760 8697
f 8697 8760 8694
f 8760 8761 8694
f 8694 8761 8695
f 8761 8762 8695
f 8695 8762 8696
f 8762 8763 8696
f 8696 8763 8675
f 8763 8764 8675
f 8675 8764 8683
f 8764 8765 8683
f 8765 8766 8683
f 8683 8766 8685
f 8766 8767 8685
f 8685 8767 8684
f 8767 8768 8684
f 8684 8768 8708
f 8768 8769 8708
f 8708 8769 8717
f 8769 8770 8717
f 8770 8771 8717
f 8717 8771 8720
f 8771 8772 8720
f 8720 8772 8709
f 8772 8773 8709
f 8709 8773 8698
f 8773 8774 8698
f 8698 8774 8710
f 8774 8775 8710
f 8710 8775 8711
f 8775 8776 8711
f 8711 8776 8712
f 8776 8777 8712
f 8712 8777 8721
f 8777 8778 8721
f 8721 8778 8724
f 8778 8779 8724
f 8779 8780 8724
f 8724 8780 8722
f 8722 8780 8723
f 8780 8781 8723
f 8723 8781 8713
f 8781 8782 8713
f 8713 8782 8699
f 8782 8783 8699
f 8783 8784 8699
f 8699 8784 8715
f 8784 8785 8715
f 8715 8785 8718
f 8785 8786 8718
f 8718 8786 8704
f 8704 8786 8686
f 8786 8787 8686
f 8686 8787 8687
f 8787 8788 8687
f 8687 8788 8688
f 8788 8789 8688
f 8688 8789 8674
f 8789 8790 8674
f 8674 8790 8676
f 8790 8791 8676
f 8676 8791 8689
f 8791 8752 8689
f 8795 8751 8792
f 8751 8752 8792
f 8792 8752 8793
f 8752 8791 8793
f 8821 8749 8794
f 8794 8749 8795
f 8749 8750 8795
f 8750 8751 8795
f 8796 8759 8797
f 8759 8758 8797
f 8797 8758 8798
f 8769 8768 8799
f 8799 8768 8800
f 8800 8768 8801
f 8802 8772 8803
f 8772 8771 8803
f 8803 8771 8804
f 8771 8770 8804
f 8804 8770 8799
f 8770 8769 8799
f 8814 8788 8805
f 8788 8787 8805
f 8805 8787 8806
f 8787 8786 8806
f 8807 8762 8808
f 8762 8761 8808
f 8761 8760 8808
f 8808 8760 8796
f 8796 8760 8759
f 8809 8774 8810
f 8774 8773 8810
f 8810 8773 8802
f 8773 8772 8802
f 8806 8786 8811
f 8786 8785 8811
f 8811 8785 8812
f 8785 8784 8812
f 8791 8790 8793
f 8793 8790 8813
f 8813 8790 8814
f 8790 8789 8814
f 8789 8788 8814
f 8741 8742 8815
f 8815 8742 8816
f 8816 8742 8817
f 8742 8743 8817
f 8784 8783 8812
f 8812 8783 8818
f 8783 8782 8818
f 8818 8782 8819
f 8782 8781 8819
f 8746 8747 8820
f 8820 8747 8821
f 8747 8748 8821
f 8821 8748 8749
f 8764 8763 8822
f 8822 8763 8823
f 8823 8763 8807
f 8763 8762 8807
f 8768 8767 8801
f 8767 8766 8801
f 8801 8766 8824
f 8766 8765 8824
f 8765 8764 8824
f 8824 8764 8822
f 8743 8744 8817
f 8817 8744 8825
f 8744 8745 8825
f 8825 8745 8820
f 8820 8745 8746
f 8835 8739 8826
f 8739 8740 8826
f 8826 8740 8815
f 8740 8741 8815
f 8777 8776 8827
f 8827 8776 8828
f 8776 8775 8828
f 8828 8775 8809
f 8809 8775 8774
f 8829 8778 8827
f 8778 8777 8827
f 8781 8780 8819
f 8819 8780 8830
f 8780 8779 8830
f 8830 8779 8829
f 8829 8779 8778
f 8758 8757 8798
f 8798 8757 8831
f 8757 8756 8831
f 8831 8756 8832
f 8756 8755 8832
f 8755 8754 8832
f 8832 8754 8833
f 8754 8753 8833
f 8833 8753 8834
f 8753 8738 8834
f 8834 8738 8835
f 8738 8739 8835
f 8879 8837 8801
f 8801 8837 8800
f 8837 8838 8800
f 8800 8838 8799
f 8838 8839 8799
f 8799 8839 8804
f 8804 8839 8803
f 8839 8840 8803
f 8840 8841 8803
f 8803 8841 8802
f 8802 8841 8810
f 8841 8842 8810
f 8810 8842 8809
f 8842 8843 8809
f 8809 8843 8828
f 8843 8844 8828
f 8828 8844 8827
f 8844 8845 8827
f 8827 8845 8829
f 8845 8846 8829
f 8829 8846 8830
f 8846 8847 8830
f 8830 8847 8819
f 8847 8848 8819
f 8819 8848 8818
f 8848 8849 8818
f 8818 8849 8812
f 8849 8850 8812
f 8812 8850 8811
f 8850 8851 8811
f 8811 8851 8806
f 8851 8852 8806
f 8852 8853 8806
f 8806 8853 8805
f 8805 8853 8814
f 8853 8854 8814
f 8814 8854 8813
f 8854 8855 8813
f 8813 8855 8793
f 8855 8856 8793
f 8793 8856 8792
f 8856 8836 8792
f 8792 8836 8795
f 8795 8836 8794
f 8836 8857 8794
f 8794 8857 8821
f 8857 8858 8821
f 8858 8859 8821
f 8821 8859 8820
f 8820 8859 8825
f 8859 8860 8825
f 8860 8861 8825
f 8825 8861 8817
f 8817 8861 8816
f 8861 8862 8816
f 8862 8863 8816
f 8816 8863 8815
f 8863 8864 8815
f 8815 8864 8826
f 8864 8865 8826
f 8826 8865 8835
f 8865 8866 8835
f 8835 8866 8834
f 8834 8866 8833
f 8866 8867 8833
f 8867 8868 8833
f 8833 8868 8832
f 8868 8869 8832
f 8832 8869 8831
f 8869 8870 8831
f 8870 8871 8831
f 8831 8871 8798
f 8871 8872 8798
f 8798 8872 8797
f 8872 8873 8797
f 8797 8873 8796
f 8873 8874 8796
f 8796 8874 8808
f 8874 8875 8808
f 8875 8876 8808
f 8808 8876 8807
f 8807 8876 8823
f 8876 8877 8823
f 8823 8877 8822
f 8877 8878 8822
f 8822 8878 8824
f 8878 8879 8824
f 8824 8879 8801
f 8880 8731 8730
f 8880 8725 8881
f 8725 8673 8881
f 8881 8673 8882
f 8673 8666 8882
f 8882 8666 8883
f 8666 8672 8883
f 8883 8667 8880
f 8667 8735 8880
f 8730 8728 8880
f 8728 8725 8880
f 8670 8669 8883
f 8883 8669 8668
f 8883 8668 8667
f 8671 8670 8883
f 8735 8733 8880
f 8733 8731 8880
f 8672 8671 8883
f 8882 8883 8884
f 8883 8885 8884
f 8886 8887 8885
f 8887 8884 8885
f 8883 8880 8885
f 8880 8886 8885
f 8880 8881 8886
f 8881 8887 8886
f 8881 8882 8887
f 8882 8884 8887
f 5814 8993 8889
f 5814 8889 8890
f 8897 8891 5781
f 8891 8892 5781
f 8888 8892 8893
f 8888 8893 8944
f 8894 8895 5879
f 5879 8895 8896
f 8896 8897 5879
f 5781 5879 8897
f 8906 8898 5780
f 8898 8899 5780
f 5879 5885 8894
f 5780 8899 5885
f 8899 8894 5885
f 8900 8902 8901
f 8902 8903 8901
f 8901 8903 8904
f 8904 8903 8905
f 8905 8906 8904
f 8906 5780 8904
f 8904 5780 5792
f 8892 8888 5781
f 8888 5782 5781
f 8908 8907 5783
f 8890 8908 5814
f 5814 8908 5783
f 5783 8907 8909
f 5783 8909 5813
f 8909 8910 5813
f 5813 8910 5812
f 8910 8911 5812
f 5812 8911 5784
f 5784 8911 5785
f 8911 8912 5785
f 5785 8912 5811
f 5811 8912 5810
f 8912 8913 5810
f 8913 8914 5810
f 8914 8915 5810
f 5810 8915 5809
f 8915 8916 5809
f 8916 8917 5809
f 5809 8918 5808
f 8918 5953 5808
f 5808 5953 5806
f 5806 5953 6038
f 8919 8917 8920
f 8917 8916 8920
f 8916 8915 8920
f 8920 8915 8921
f 8915 8914 8921
f 8913 8923 8914
f 8914 8923 8921
f 8922 8923 8913
f 8912 8924 8913
f 8913 8924 8922
f 8912 8925 8924
f 8912 8911 8925
f 8925 8911 8926
f 8926 8911 8927
f 8911 8910 8927
f 8927 8910 8928
f 8928 8910 8929
f 8909 8930 8910
f 8930 8929 8910
f 8930 8909 8931
f 8909 8907 8931
f 8931 8907 8932
f 8907 8908 8932
f 8908 8890 8932
f 8932 8890 8933
f 8890 8889 8933
f 8933 8889 8934
f 8889 8993 8934
f 8942 8943 8944
f 8945 8944 8943
f 8946 8949 8943
f 8943 8949 8945
f 8946 8948 8947
f 8947 8949 8946
f 8950 8952 8951
f 8951 8952 8948
f 8948 8952 8947
f 8941 8953 8951
f 8951 8953 8950
f 8955 8954 8941
f 8941 8954 8953
f 8939 8954 8955
f 8940 8939 8955
f 8937 8938 8940
f 8940 8938 8939
f 8937 8956 8938
f 8937 8935 8956
f 8936 8935 8937
f 8957 8935 8936
f 8958 8957 8936
f 8958 8959 8957
f 8960 8959 8958
f 8960 8961 8959
f 8963 8961 8962
f 8962 8961 8960
f 8962 8964 8963
f 8965 8900 8964
f 8964 8900 8963
f 8900 8965 8902
f 8966 8902 8965
f 8902 8966 8903
f 8967 8903 8966
f 8903 8967 8905
f 8968 8905 8967
f 8968 8906 8905
f 8968 8969 8906
f 8969 8898 8906
f 8969 8970 8898
f 8898 8970 8899
f 8970 8971 8899
f 8899 8971 8894
f 8894 8971 8895
f 8972 8895 8971
f 8896 8895 8972
f 8897 8896 8972
f 8972 8973 8897
f 8891 8897 8973
f 8973 8974 8891
f 8892 8891 8974
f 8974 8975 8892
f 8893 8892 8975
f 8942 8893 8975
f 8944 8893 8942
f 8942 8937 8940
f 8936 8937 8942
f 8942 8958 8936
f 8942 8960 8958
f 8964 8962 8942
f 8942 8962 8960
f 8965 8964 8942
f 8966 8965 8942
f 8942 8967 8966
f 8942 8968 8967
f 8942 8969 8968
f 8970 8969 8942
f 8971 8970 8942
f 8972 8971 8942
f 8973 8972 8942
f 8974 8973 8942
f 8975 8974 8942
f 8946 8943 8942
f 8951 8948 8942
f 8942 8948 8946
f 8941 8951 8942
f 8940 8955 8942
f 8942 8955 8941
f 8917 8919 8984
f 8917 8984 8985
f 8977 8978 8976
f 8976 8978 8979
f 8978 8980 8979
f 8979 8980 8981
f 8980 8982 8981
f 8981 8982 8983
f 8983 8982 8984
f 8982 8985 8984
f 8986 8987 5959
f 5959 8987 5960
f 5958 8986 5959
f 8977 8988 5956
f 5956 8988 5957
f 5957 8988 5958
f 8988 8986 5958
f 5955 8980 8978
f 8978 8977 5955
f 5955 8977 5956
f 8985 5954 8917
f 8985 8982 5954
f 5954 8982 8980
f 5955 5954 8980
f 8917 5954 5809
f 5809 5954 8918
f 8918 5954 5953
f 8987 8989 5961
f 5960 8987 5961
f 8989 8990 5961
f 8990 8991 5961
f 8991 5962 5961
f 8991 8992 5962
f 8992 8993 5962
f 8993 5814 5962
f 5782 5962 5814
f 5963 5962 5782
f 8888 5964 5782
f 5964 5963 5782
f 8888 8944 8945
f 8888 8945 5964
f 5964 8945 5965
f 8945 8949 5965
f 8949 8947 5965
f 5965 8947 8952
f 5965 8952 8950
f 8950 5966 5965
f 8950 8953 5966
f 8953 8954 5966
f 5966 8954 8939
f 8939 8938 5966
f 5966 8938 5967
f 8938 8956 5967
f 8956 8935 5967
f 8935 5950 5967
f 8994 5950 8935
f 8935 8957 8994
f 8957 8959 8994
f 8959 8961 8994
f 8961 8963 8901
f 8994 8961 8901
f 8901 8963 8900
f 8987 8986 8995
f 8995 8986 8996
f 8986 8988 8996
f 8996 8988 8997
f 8997 8988 8976
f 8988 8977 8976
f 8993 8998 8999
f 8999 8934 8993
f 8993 8992 8998
f 8998 8992 9000
f 8992 8991 9000
f 9000 8991 9001
f 8991 8990 9001
f 8990 8989 9001
f 9001 8989 9002
f 8989 8987 9002
f 9002 8987 8995
f 9016 9004 7115
f 9005 9006 7131
f 7115 9004 7114
f 9004 9003 7114
f 7131 9009 9005
f 7131 9006 7130
f 9006 9007 7130
f 9007 9008 7130
f 7130 9010 9011
f 7115 7130 9012
f 9012 7130 9011
f 9003 9013 7114
f 9013 9014 7114
f 7114 9017 7131
f 9017 9009 7131
f 9008 9010 7130
f 9012 9015 7115
f 7115 9015 9016
f 9014 9017 7114
f 9003 9004 9025
f 9004 9018 9025
f 9012 9011 9027
f 9011 9019 9027
f 9020 9029 9006
f 9029 9007 9006
f 9009 9017 9023
f 9017 9021 9023
f 9006 9005 9020
f 9020 9005 9022
f 9005 9009 9022
f 9022 9009 9023
f 9017 9014 9021
f 9021 9014 9024
f 9014 9013 9024
f 9024 9013 9025
f 9013 9003 9025
f 9004 9016 9018
f 9018 9016 9026
f 9016 9015 9026
f 9015 9012 9026
f 9026 9012 9027
f 9011 9010 9019
f 9019 9010 9028
f 9010 9008 9028
f 9008 9007 9028
f 9028 9007 9029
f 9018 9030 9025
f 9030 9031 9025
f 9032 9029 9033
f 9029 9020 9033
f 9025 9031 9034
f 9035 9033 9020
f 9036 9030 9018
f 9034 9037 9025
f 9020 9022 9035
f 9032 9038 9029
f 9038 9019 9028
f 9038 9028 9029
f 9037 9021 9024
f 9037 9024 9025
f 9022 9023 9035
f 9018 9026 9036
f 9026 9027 9036
f 9035 9023 9040
f 9036 9027 9041
f 9037 9039 9021
f 9038 9042 9019
f 9021 9039 9023
f 9039 9040 9023
f 9019 9042 9027
f 9042 9041 9027
f 9043 229 9044
f 229 256 9044
f 224 9046 223
f 9046 9045 223
f 9050 9046 224
f 9045 9047 223
f 9048 9044 256
f 9043 9049 229
f 9047 9051 223
f 229 9049 9052
f 9055 9048 256
f 224 9053 9050
f 9051 9054 223
f 9052 9053 229
f 229 9053 224
f 223 9054 256
f 9054 9055 256
f 9043 9044 9033
f 9044 9032 9033
f 9040 9039 9052
f 9039 9053 9052
f 9031 9030 9046
f 9030 9045 9046
f 9055 9054 9042
f 9054 9041 9042
f 9052 9049 9040
f 9040 9049 9035
f 9035 9049 9033
f 9049 9043 9033
f 9032 9044 9038
f 9044 9048 9038
f 9048 9055 9038
f 9038 9055 9042
f 9031 9046 9034
f 9046 9050 9034
f 9034 9050 9037
f 9050 9053 9037
f 9037 9053 9039
f 9054 9051 9041
f 9041 9051 9036
f 9051 9047 9036
f 9036 9047 9030
f 9047 9045 9030
f 3720 3722 9063
f 3718 3717 9064
f 3717 3720 9063
f 9065 3561 9064
f 3561 3718 9064
f 3563 3562 9065
f 3562 3561 9065
f 5790 5789 5792
f 5789 5796 5792
f 5792 5796 5788
f 5792 5788 5787
f 5792 5787 4220
f 5793 5794 5792
f 5795 5790 5792
f 5792 5791 5795
f 5794 5791 5792
f 5941 5948 5949
f 5946 5947 5949
f 5949 5947 5941
f 5949 4787 5942
f 4747 4787 5949
f 5949 5942 5943
f 5949 5945 5946
f 5949 5943 5944
f 5944 5945 5949
f 9181 4744 5443
f 4743 4744 9066
f 9066 4744 9181
f 5072 4741 9066
f 4741 4743 9066
f 5075 5072 9066
f 5075 5079 5077
f 5075 5082 5080
f 5075 9062 5084
f 5075 5084 5082
f 5080 5079 5075
f 9062 5087 5085
f 9062 5168 5087
f 9062 5172 4759
f 9062 5176 5173
f 5173 5172 9062
f 4756 5176 9062
f 9062 4759 5168
f 5182 4756 9062
f 5182 9071 9072
f 9070 9073 9058
f 9058 9067 9074
f 9069 9075 3854
f 9062 9076 9068
f 9077 3302 4752
f 9068 9079 9062
f 3298 3299 9080
f 9078 9069 3854
f 4752 4753 9077
f 9077 4753 9083
f 9080 3295 9077
f 9077 3295 3293
f 3293 3291 9077
f 3299 3295 9080
f 3859 3298 9080
f 4753 5182 9081
f 9081 5182 9072
f 9077 3291 3302
f 9058 9082 9067
f 9096 9071 5182
f 9085 9076 9062
f 9084 3859 9080
f 9086 9087 9058
f 9058 9074 9062
f 9074 9085 9062
f 9079 9088 9062
f 9081 9089 4753
f 3854 9075 9110
f 9073 9091 9058
f 9089 9092 4753
f 3855 3859 9084
f 4753 9092 9083
f 9083 9092 9093
f 9075 9090 9110
f 9058 9091 9086
f 3854 3855 9078
f 9078 3855 9084
f 9062 9088 9094
f 9058 9087 9082
f 9082 9087 9095
f 9092 9099 9093
f 9093 9099 9100
f 9099 9101 9100
f 9094 9096 9062
f 9062 9096 5182
f 9087 9097 9095
f 9100 9101 9098
f 9095 9097 9102
f 9097 9103 9102
f 9101 9104 9098
f 9098 9104 9105
f 9104 9106 9105
f 9102 9103 9108
f 9103 9109 9108
f 9108 9109 9107
f 9058 9110 9070
f 9058 3854 9110
f 9058 3841 3842
f 9058 3842 3844
f 3844 3854 9058
f 3575 3574 9058
f 3574 3573 9058
f 3573 3836 9058
f 3838 3841 9058
f 9058 3836 3838
f 9111 9112 9063
f 9113 9114 3722
f 9115 9113 3722
f 9063 9116 9111
f 9063 9112 9117
f 3723 9118 3722
f 9118 9115 3722
f 3738 9119 9120
f 9063 3722 9116
f 9114 9116 3722
f 3738 3740 9119
f 9120 3735 3738
f 9121 9119 3740
f 3740 3575 9121
f 9122 3735 9120
f 9058 9057 3575
f 3575 9057 9121
f 3733 3735 9122
f 9122 9118 3733
f 9118 3723 3733
f 9127 9123 4220
f 9124 3563 9060
f 3563 9061 9060
f 9126 9128 3563
f 4220 9129 9125
f 9125 9130 4220
f 4220 9130 9131
f 4220 9123 9132
f 9137 9126 3563
f 4220 9133 9127
f 9134 9129 4220
f 9124 9135 3563
f 9128 9136 3563
f 3563 9136 4220
f 9136 9133 4220
f 9138 9145 9134
f 3563 9139 9137
f 4220 9132 9134
f 9134 9132 9140
f 9145 9141 9134
f 9140 9142 9134
f 9142 9138 9134
f 9135 9143 3563
f 3563 9143 9139
f 9145 9144 9141
f 9146 9144 9145
f 9145 9147 9146
f 9147 9148 9146
f 9143 9149 9150
f 9143 9150 9139
f 9151 9148 9147
f 9143 9152 9149
f 9152 9153 9149
f 9152 9154 9153
f 9160 9155 5443
f 5443 9155 9156
f 9157 9158 4747
f 9158 9159 4747
f 9161 9157 4747
f 9162 9060 9061
f 4747 9131 9161
f 5443 9163 9160
f 9130 9164 9131
f 5443 4747 9165
f 4747 9159 9165
f 9164 9161 9131
f 9165 9166 5443
f 9166 9167 5443
f 9167 9163 5443
f 9168 9170 9169
f 9170 9172 9169
f 9173 9171 9065
f 9065 9174 9169
f 9169 9174 9168
f 9171 9175 9065
f 9172 9176 9169
f 9177 9178 9065
f 9065 9178 9173
f 9065 9175 9179
f 9200 9182 9059
f 9169 9176 9183
f 9184 9177 9065
f 9180 9185 9181
f 9169 9183 9181
f 9183 9180 9181
f 9181 9185 9186
f 9187 9174 9179
f 9174 9065 9179
f 9182 9188 9059
f 9190 9184 9065
f 9188 9189 9059
f 9065 9191 9190
f 9189 9192 9059
f 9059 9192 9193
f 9059 9193 9065
f 9193 9191 9065
f 9186 9194 9181
f 9181 9194 9195
f 9181 9195 9196
f 9197 9198 9066
f 9196 9199 9181
f 9203 9197 9066
f 9198 9200 9066
f 9199 9201 9181
f 9066 9204 9203
f 9202 9204 9201
f 9201 9204 9181
f 9181 9204 9066
f 9216 9205 5075
f 9206 9207 9063
f 9209 9210 9217
f 9212 9213 9064
f 9208 9209 9217
f 9215 9216 5075
f 9063 9207 9217
f 9224 9212 9064
f 9218 5075 9221
f 5075 9066 9221
f 5075 9219 9211
f 9220 9206 9063
f 9214 9222 9066
f 9205 9223 5075
f 9064 9210 9224
f 9225 9220 9063
f 9064 9226 9066
f 9066 9226 9214
f 5075 9223 9219
f 9066 9222 9227
f 9208 9230 9209
f 9209 9230 9231
f 9230 9232 9231
f 9066 9227 9221
f 5075 9218 9215
f 9218 9233 9215
f 9225 9229 9239
f 5075 9211 9063
f 9211 9229 9063
f 9063 9229 9225
f 9228 9229 9235
f 9229 9236 9234
f 9229 9234 9235
f 9236 9229 9237
f 9241 9231 9232
f 9213 9242 9064
f 9064 9242 9226
f 9226 9242 9248
f 9238 9215 9233
f 9241 9232 9240
f 9248 9243 9244
f 9228 9245 9229
f 9238 9233 9246
f 9242 9247 9248
f 9229 9245 9239
f 9247 9243 9248
f 9233 9250 9246
f 9246 9250 9251
f 9249 9248 9244
f 9249 9244 9252
f 9240 9255 9241
f 9241 9255 9256
f 9256 9255 9254
f 9255 9253 9254
f 9250 9257 9251
f 9251 9257 9258
f 9244 9259 9252
f 9257 9260 9258
f 9258 9260 9261
f 9262 9263 9131
f 9131 9263 4220
f 9263 9264 4220
f 9264 9265 4220
f 9265 9267 4220
f 9275 9270 9269
f 9269 9270 9268
f 9271 9272 9262
f 9268 9273 9269
f 9286 9271 9262
f 9274 9275 9269
f 9279 9277 9274
f 4220 9267 9276
f 9277 9275 9274
f 9269 9273 9278
f 4220 9276 9280
f 9281 9282 9274
f 9272 9285 9262
f 9285 9284 9262
f 9283 9281 9274
f 9131 9286 9262
f 9288 9278 9289
f 9282 9279 9274
f 9274 9290 9283
f 5792 9294 9287
f 9278 9288 9295
f 9285 9296 9284
f 9291 9292 9274
f 9274 9292 9290
f 9293 9291 9285
f 9291 9296 9285
f 9298 9297 9278
f 9297 9289 9278
f 9293 9299 9291
f 9278 9295 9301
f 9299 9292 9291
f 9287 9300 5792
f 9307 9302 5792
f 9302 9294 5792
f 9278 9301 9269
f 9303 9297 9298
f 9304 9305 5949
f 9300 9306 5792
f 4220 9280 9307
f 9308 9303 9298
f 4220 9307 5792
f 9311 9304 5949
f 5792 9306 9309
f 9298 9310 9308
f 9312 9311 5949
f 9309 9313 5792
f 9314 9312 5949
f 9313 9314 5792
f 5792 9314 5949
f 9131 4747 9266
f 9266 4747 9315
f 9316 9317 4747
f 9317 9318 4747
f 9318 9315 4747
f 9316 4747 9320
f 5949 9319 4747
f 4747 9319 9320
f 9322 9321 5949
f 9321 9323 5949
f 5949 9305 9322
f 9323 9319 5949
f 9324 5075 9325
f 9326 9327 5075
f 5075 9327 9062
f 9327 9328 9062
f 9329 9325 5075
f 9324 9330 5075
f 9336 9332 9062
f 9333 9058 9332
f 9058 9062 9332
f 9063 9334 5075
f 9334 9329 5075
f 9330 9335 5075
f 9062 9328 9336
f 9331 9337 9326
f 9337 9338 9326
f 9341 9339 9058
f 5075 9335 9326
f 9335 9331 9326
f 9058 9333 9341
f 9063 9342 9340
f 9326 9338 9343
f 9058 9339 9344
f 9340 9346 9063
f 9350 9343 9338
f 9347 9342 9063
f 9063 9346 9334
f 9348 9351 9349
f 9345 9347 9063
f 9352 9349 9351
f 9354 9353 9351
f 9351 9353 9352
f 9353 9354 9338
f 9354 9350 9338
f 9349 9355 9348
f 9355 9356 9348
f 9355 9357 9356
f 9063 9358 9345
f 9359 9358 9063
f 9360 9359 9063
f 9361 9360 9063
f 9117 9361 9063
f 9344 9057 9058
f 9363 9364 3563
f 3563 9364 9362
f 9362 9367 3563
f 9366 9369 9368
f 9370 3563 9366
f 3563 9367 9366
f 9367 9369 9366
f 9376 9371 9169
f 9368 9365 9366
f 9365 9374 9366
f 9366 9374 9372
f 3563 9370 9375
f 9364 9377 9362
f 9374 9380 9372
f 9372 9380 9373
f 3563 9375 9061
f 9381 9363 3563
f 9372 9373 9394
f 9379 3563 9403
f 9376 9169 9384
f 9169 9181 9384
f 9383 9382 9371
f 9377 9385 9362
f 9386 9388 9387
f 9387 9388 9392
f 9181 9378 9391
f 3563 9379 9381
f 9385 9392 9362
f 9362 9392 9398
f 9386 9387 9393
f 9373 9390 9389
f 9393 9387 9395
f 9387 9396 9395
f 9382 9383 9397
f 9388 9398 9392
f 9390 9399 9389
f 9389 9399 9400
f 9389 9394 9373
f 9181 9391 9384
f 9382 9401 9371
f 9396 9402 9395
f 9396 9404 9402
f 9400 9405 9406
f 9406 9407 9400
f 9400 9407 9408
f 9401 9411 9371
f 9412 9410 9404
f 9400 9399 9413
f 9413 9405 9400
f 9414 9409 9169
f 9427 9415 9169
f 9169 9415 9416
f 3563 9419 9403
f 9423 9412 9404
f 9420 9417 9410
f 9417 9421 9410
f 9404 9396 9423
f 9421 9404 9410
f 9383 9424 9397
f 9397 9424 9425
f 9425 9424 9422
f 9371 9411 9169
f 9411 9414 9169
f 9409 9426 9169
f 9416 9428 9169
f 9169 9428 9418
f 9429 9420 9410
f 9418 9430 9169
f 9426 9431 9169
f 3563 9432 9419
f 9169 9431 9427
f 9430 9432 9169
f 9169 9432 3563
f 9181 9433 9378
f 9434 9433 9181
f 9181 9436 9435
f 9181 9435 9434
f 9437 9436 9181
f 5443 9439 9181
f 9181 9439 9437
f 5443 9438 9439
f 9440 5443 9061
f 9061 5443 9162
f 5443 9156 9162
f 9440 9441 5443
f 9441 9442 5443
f 5443 9442 9443
f 5443 9443 9444
f 9056 9446 9065
f 9445 9059 9447
f 9059 9065 9447
f 9446 9448 9065
f 9448 9447 9065
f 9445 9452 9059
f 9059 9452 9453
f 9450 9454 9066
f 9455 9456 9066
f 9066 9456 9457
f 9066 9457 9064
f 9064 9457 9451
f 9449 9450 9059
f 9059 9450 9066
f 9454 9455 9066
f 9453 9458 9059
f 9059 9458 9449
f 9451 9459 9064
f 9459 9460 9064
f 9065 9463 9056
f 9462 9463 9065
f 9461 9464 9064
f 9064 9464 9065
f 9065 9464 9462
f 9465 9461 9064
f 9460 9465 9064
f 5443 9444 9438
f 9200 9059 9066
f 8904 5792 8901
f 5792 5949 8901
f 8901 5949 8994
f 5949 5950 8994
f 3717 9063 9064
f 9063 9217 9064
f 9217 9210 9064
f 9169 3563 9065
f 9466 9128 9467
f 9128 9126 9467
f 9126 9137 9467
f 9467 9137 9468
f 9137 9139 9468
f 9468 9139 9469
f 9139 9150 9469
f 9469 9150 9470
f 9150 9149 9470
f 9470 9149 9471
f 9149 9153 9471
f 9471 9153 9472
f 9472 9153 9473
f 9153 9154 9473
f 9473 9154 9474
f 9154 9152 9474
f 9152 9143 9474
f 9474 9143 9475
f 9143 9135 9475
f 9475 9135 9476
f 9135 9124 9476
f 9476 9124 9477
f 9477 9124 9478
f 9124 9060 9478
f 9478 9060 9479
f 9060 9162 9479
f 9479 9162 9480
f 9162 9156 9480
f 9480 9156 9481
f 9156 9155 9481
f 9481 9155 9482
f 9155 9160 9482
f 9482 9160 9483
f 9160 9163 9483
f 9163 9167 9483
f 9483 9167 9484
f 9484 9167 9485
f 9485 9167 9166
f 9485 9166 9486
f 9166 9165 9486
f 9486 9165 9487
f 9165 9159 9487
f 9487 9159 9488
f 9159 9158 9488
f 9488 9158 9489
f 9158 9157 9489
f 9489 9157 9490
f 9157 9161 9490
f 9490 9161 9491
f 9161 9164 9491
f 9164 9130 9491
f 9491 9130 9492
f 9130 9125 9492
f 9492 9125 9493
f 9125 9129 9493
f 9129 9134 9493
f 9493 9134 9494
f 9134 9141 9494
f 9494 9141 9495
f 9141 9144 9495
f 9495 9144 9496
f 9144 9146 9496
f 9146 9148 9496
f 9496 9148 9497
f 9148 9151 9497
f 9497 9151 9498
f 9151 9147 9498
f 9498 9147 9499
f 9147 9145 9499
f 9499 9145 9500
f 9145 9138 9500
f 9500 9138 9501
f 9138 9142 9501
f 9501 9142 9502
f 9142 9140 9502
f 9502 9140 9503
f 9140 9132 9503
f 9503 9132 9504
f 9132 9123 9504
f 9504 9123 9505
f 9123 9127 9505
f 9505 9127 9506
f 9127 9133 9506
f 9506 9133 9507
f 9133 9136 9507
f 9507 9136 9466
f 9136 9128 9466
f 9485 9473 9484
f 9473 9485 9472
f 9498 9472 9497
f 9473 9474 9484
f 9498 9499 9472
f 9486 9487 9472
f 9485 9486 9472
f 9499 9471 9472
f 9487 9488 9472
f 9500 9471 9499
f 9474 9475 9484
f 9495 9496 9488
f 9488 9496 9472
f 9496 9497 9472
f 9484 9475 9483
f 9475 9476 9483
f 9468 9469 9504
f 9504 9469 9503
f 9494 9495 9488
f 9479 9480 9483
f 9502 9471 9501
f 9500 9501 9471
f 9483 9480 9482
f 9469 9470 9503
f 9478 9479 9483
f 9471 9502 9470
f 9502 9503 9470
f 9506 9507 9505
f 9505 9507 9504
f 9507 9466 9504
f 9476 9477 9483
f 9467 9468 9504
f 9477 9478 9483
f 9490 9491 9493
f 9480 9481 9482
f 9489 9490 9493
f 9491 9492 9493
f 9466 9467 9504
f 9494 9488 9493
f 9488 9489 9493
f 9540 9178 9508
f 9178 9177 9508
f 9508 9177 9509
f 9177 9184 9509
f 9509 9184 9510
f 9184 9190 9510
f 9510 9190 9511
f 9511 9190 9512
f 9190 9191 9512
f 9512 9191 9513
f 9191 9193 9513
f 9193 9192 9513
f 9513 9192 9514
f 9514 9192 9515
f 9192 9189 9515
f 9515 9189 9516
f 9189 9188 9516
f 9188 9182 9516
f 9516 9182 9517
f 9182 9200 9517
f 9517 9200 9518
f 9200 9198 9518
f 9518 9198 9519
f 9198 9197 9519
f 9519 9197 9520
f 9197 9203 9520
f 9203 9204 9520
f 9520 9204 9521
f 9521 9204 9522
f 9204 9202 9522
f 9202 9201 9522
f 9522 9201 9523
f 9201 9199 9523
f 9523 9199 9524
f 9199 9196 9524
f 9524 9196 9525
f 9196 9195 9525
f 9195 9194 9525
f 9525 9194 9526
f 9194 9186 9526
f 9526 9186 9527
f 9527 9186 9528
f 9186 9185 9528
f 9528 9185 9529
f 9185 9180 9529
f 9180 9183 9529
f 9529 9183 9530
f 9530 9183 9531
f 9183 9176 9531
f 9531 9176 9532
f 9176 9172 9532
f 9172 9170 9532
f 9532 9170 9533
f 9533 9170 9534
f 9170 9168 9534
f 9168 9174 9534
f 9534 9174 9535
f 9174 9187 9535
f 9535 9187 9536
f 9536 9187 9537
f 9187 9179 9537
f 9537 9179 9538
f 9179 9175 9538
f 9538 9175 9539
f 9175 9171 9539
f 9539 9171 9540
f 9171 9173 9540
f 9173 9178 9540
f 9253 9255 9541
f 9541 9255 9542
f 9542 9255 9543
f 9255 9240 9543
f 9240 9232 9543
f 9543 9232 9544
f 9232 9230 9544
f 9544 9230 9545
f 9230 9208 9545
f 9208 9217 9545
f 9545 9217 9546
f 9546 9217 9547
f 9217 9207 9547
f 9547 9207 9548
f 9207 9206 9548
f 9548 9206 9549
f 9206 9220 9549
f 9549 9220 9550
f 9220 9225 9550
f 9225 9239 9550
f 9550 9239 9551
f 9239 9245 9551
f 9551 9245 9552
f 9552 9245 9553
f 9245 9228 9553
f 9553 9228 9554
f 9228 9235 9554
f 9554 9235 9555
f 9235 9234 9555
f 9555 9234 9556
f 9234 9236 9556
f 9556 9236 9557
f 9236 9237 9557
f 9557 9237 9558
f 9237 9229 9558
f 9558 9229 9559
f 9559 9229 9560
f 9229 9211 9560
f 9560 9211 9561
f 9211 9219 9561
f 9219 9223 9561
f 9561 9223 9562
f 9562 9223 9563
f 9223 9205 9563
f 9563 9205 9564
f 9205 9216 9564
f 9564 9216 9565
f 9216 9215 9565
f 9565 9215 9566
f 9215 9238 9566
f 9566 9238 9567
f 9238 9246 9567
f 9567 9246 9568
f 9246 9251 9568
f 9568 9251 9569
f 9251 9258 9569
f 9569 9258 9570
f 9258 9261 9570
f 9570 9261 9571
f 9261 9260 9571
f 9571 9260 9572
f 9260 9257 9572
f 9257 9250 9572
f 9572 9250 9573
f 9250 9233 9573
f 9573 9233 9574
f 9574 9233 9575
f 9233 9218 9575
f 9575 9218 9576
f 9218 9221 9576
f 9576 9221 9577
f 9221 9227 9577
f 9577 9227 9578
f 9227 9222 9578
f 9578 9222 9579
f 9222 9214 9579
f 9579 9214 9580
f 9214 9226 9580
f 9580 9226 9581
f 9226 9248 9581
f 9581 9248 9582
f 9248 9249 9582
f 9582 9249 9583
f 9249 9252 9583
f 9583 9252 9584
f 9584 9252 9585
f 9252 9259 9585
f 9585 9259 9586
f 9259 9244 9586
f 9586 9244 9587
f 9587 9244 9588
f 9244 9243 9588
f 9588 9243 9589
f 9243 9247 9589
f 9589 9247 9590
f 9247 9242 9590
f 9590 9242 9591
f 9242 9213 9591
f 9591 9213 9592
f 9213 9212 9592
f 9212 9224 9592
f 9592 9224 9593
f 9224 9210 9593
f 9593 9210 9594
f 9210 9209 9594
f 9594 9209 9595
f 9595 9209 9596
f 9209 9231 9596
f 9596 9231 9597
f 9231 9241 9597
f 9597 9241 9598
f 9598 9241 9599
f 9241 9256 9599
f 9599 9256 9600
f 9256 9254 9600
f 9600 9254 9541
f 9254 9253 9541
f 9543 9544 9571
f 9544 9548 9571
f 9571 9548 9570
f 9585 9586 9541
f 9541 9542 9571
f 9571 9572 9541
f 9556 9557 9570
f 9570 9557 9569
f 9557 9558 9569
f 9548 9554 9570
f 9570 9554 9555
f 9555 9556 9570
f 9547 9544 9546
f 9586 9587 9541
f 9541 9587 9600
f 9584 9585 9579
f 9579 9585 9541
f 9558 9568 9569
f 9567 9558 9559
f 9548 9544 9547
f 9541 9572 9579
f 9571 9542 9543
f 9548 9551 9552
f 9548 9552 9553
f 9587 9588 9600
f 9600 9588 9599
f 9588 9589 9599
f 9597 9598 9590
f 9567 9568 9558
f 9582 9583 9579
f 9559 9566 9567
f 9548 9553 9554
f 9590 9598 9589
f 9589 9598 9599
f 9572 9573 9579
f 9550 9551 9548
f 9545 9546 9544
f 9579 9581 9582
f 9579 9583 9584
f 9597 9590 9591
f 9573 9574 9579
f 9549 9550 9548
f 9566 9562 9565
f 9574 9575 9579
f 9559 9560 9566
f 9561 9562 9566
f 9591 9596 9597
f 9579 9580 9581
f 9566 9560 9561
f 9562 9563 9565
f 9595 9596 9591
f 9577 9578 9575
f 9593 9594 9591
f 9575 9576 9577
f 9575 9578 9579
f 9595 9591 9594
f 9563 9564 9565
f 9592 9593 9591
f 9269 9301 9601
f 9601 9301 9602
f 9301 9295 9602
f 9602 9295 9603
f 9295 9288 9603
f 9603 9288 9604
f 9288 9289 9604
f 9604 9289 9605
f 9289 9297 9605
f 9605 9297 9606
f 9606 9297 9607
f 9297 9303 9607
f 9607 9303 9608
f 9303 9308 9608
f 9608 9308 9609
f 9308 9310 9609
f 9609 9310 9610
f 9310 9298 9610
f 9610 9298 9611
f 9298 9278 9611
f 9611 9278 9612
f 9278 9273 9612
f 9612 9273 9613
f 9273 9268 9613
f 9268 9270 9613
f 9613 9270 9614
f 9270 9275 9614
f 9614 9275 9615
f 9275 9277 9615
f 9615 9277 9616
f 9616 9277 9617
f 9277 9279 9617
f 9617 9279 9618
f 9279 9282 9618
f 9618 9282 9619
f 9282 9281 9619
f 9281 9283 9619
f 9619 9283 9620
f 9283 9290 9620
f 9620 9290 9621
f 9621 9290 9622
f 9290 9292 9622
f 9622 9292 9623
f 9623 9292 9624
f 9292 9299 9624
f 9624 9299 9625
f 9299 9293 9625
f 9293 9285 9625
f 9625 9285 9626
f 9285 9272 9626
f 9272 9271 9626
f 9626 9271 9627
f 9271 9286 9627
f 9627 9286 9628
f 9286 9131 9628
f 9628 9131 9629
f 9629 9131 9630
f 9131 9266 9630
f 9630 9266 9631
f 9266 9315 9631
f 9631 9315 9632
f 9315 9318 9632
f 9632 9318 9633
f 9318 9317 9633
f 9317 9316 9633
f 9633 9316 9634
f 9316 9320 9634
f 9634 9320 9635
f 9320 9319 9635
f 9635 9319 9636
f 9319 9323 9636
f 9636 9323 9637
f 9323 9321 9637
f 9637 9321 9638
f 9321 9322 9638
f 9638 9322 9639
f 9639 9322 9640
f 9322 9305 9640
f 9640 9305 9641
f 9305 9304 9641
f 9641 9304 9642
f 9304 9311 9642
f 9642 9311 9643
f 9311 9312 9643
f 9643 9312 9644
f 9312 9314 9644
f 9644 9314 9645
f 9314 9313 9645
f 9645 9313 9646
f 9313 9309 9646
f 9646 9309 9647
f 9309 9306 9647
f 9647 9306 9648
f 9648 9306 9649
f 9306 9300 9649
f 9649 9300 9650
f 9300 9287 9650
f 9650 9287 9651
f 9287 9294 9651
f 9651 9294 9652
f 9294 9302 9652
f 9652 9302 9653
f 9302 9307 9653
f 9653 9307 9654
f 9307 9280 9654
f 9654 9280 9655
f 9280 9276 9655
f 9655 9276 9656
f 9276 9267 9656
f 9656 9267 9657
f 9267 9265 9657
f 9657 9265 9658
f 9265 9264 9658
f 9658 9264 9659
f 9264 9263 9659
f 9659 9263 9660
f 9263 9262 9660
f 9660 9262 9661
f 9262 9284 9661
f 9661 9284 9662
f 9662 9284 9663
f 9284 9296 9663
f 9663 9296 9664
f 9296 9291 9664
f 9664 9291 9665
f 9291 9274 9665
f 9274 9269 9665
f 9665 9269 9601
f 9601 9602 9658
f 9658 9602 9657
f 9603 9657 9602
f 9603 9656 9657
f 9601 9658 9659
f 9604 9655 9603
f 9655 9656 9603
f 9662 9663 9659
f 9663 9664 9659
f 9633 9634 9623
f 9623 9634 9622
f 9634 9635 9622
f 9622 9635 9621
f 9661 9662 9659
f 9619 9639 9618
f 9623 9624 9633
f 9633 9624 9632
f 9660 9661 9659
f 9664 9665 9659
f 9649 9650 9609
f 9648 9649 9610
f 9610 9649 9609
f 9627 9628 9626
f 9650 9651 9609
f 9609 9651 9608
f 9608 9651 9607
f 9639 9640 9618
f 9640 9641 9618
f 9618 9641 9617
f 9659 9665 9601
f 9619 9638 9639
f 9624 9631 9632
f 9611 9647 9610
f 9647 9648 9610
f 9630 9631 9624
f 9607 9652 9606
f 9652 9653 9606
f 9651 9652 9607
f 9636 9637 9620
f 9620 9637 9619
f 9619 9637 9638
f 9621 9635 9620
f 9635 9636 9620
f 9625 9628 9624
f 9625 9626 9628
f 9612 9646 9611
f 9646 9647 9611
f 9628 9629 9624
f 9629 9630 9624
f 9654 9655 9604
f 9606 9653 9605
f 9653 9654 9605
f 9605 9654 9604
f 9614 9644 9613
f 9644 9645 9613
f 9613 9645 9612
f 9645 9646 9612
f 9641 9642 9617
f 9617 9642 9616
f 9642 9643 9616
f 9616 9643 9615
f 9615 9643 9614
f 9643 9644 9614
f 9708 9107 9666
f 9107 9109 9666
f 9109 9103 9666
f 9666 9103 9667
f 9103 9097 9667
f 9667 9097 9668
f 9668 9097 9669
f 9097 9087 9669
f 9669 9087 9670
f 9087 9086 9670
f 9670 9086 9671
f 9086 9091 9671
f 9671 9091 9672
f 9091 9073 9672
f 9672 9073 9673
f 9073 9070 9673
f 9673 9070 9674
f 9070 9110 9674
f 9674 9110 9675
f 9110 9090 9675
f 9675 9090 9676
f 9090 9075 9676
f 9676 9075 9677
f 9075 9069 9677
f 9677 9069 9678
f 9678 9069 9679
f 9069 9078 9679
f 9078 9084 9679
f 9679 9084 9680
f 9084 9080 9680
f 9680 9080 9681
f 9080 9077 9681
f 9681 9077 9682
f 9077 9083 9682
f 9682 9083 9683
f 9083 9093 9683
f 9683 9093 9684
f 9093 9100 9684
f 9100 9098 9684
f 9684 9098 9685
f 9685 9098 9686
f 9098 9105 9686
f 9686 9105 9687
f 9105 9106 9687
f 9687 9106 9688
f 9106 9104 9688
f 9104 9101 9688
f 9688 9101 9689
f 9101 9099 9689
f 9689 9099 9690
f 9099 9092 9690
f 9690 9092 9691
f 9092 9089 9691
f 9691 9089 9692
f 9089 9081 9692
f 9692 9081 9693
f 9081 9072 9693
f 9693 9072 9694
f 9072 9071 9694
f 9694 9071 9695
f 9071 9096 9695
f 9695 9096 9696
f 9696 9096 9697
f 9096 9094 9697
f 9094 9088 9697
f 9697 9088 9698
f 9088 9079 9698
f 9698 9079 9699
f 9079 9068 9699
f 9699 9068 9700
f 9068 9076 9700
f 9700 9076 9701
f 9076 9085 9701
f 9701 9085 9702
f 9085 9074 9702
f 9702 9074 9703
f 9074 9067 9703
f 9703 9067 9704
f 9704 9067 9705
f 9067 9082 9705
f 9082 9095 9705
f 9705 9095 9706
f 9095 9102 9706
f 9102 9108 9706
f 9706 9108 9707
f 9707 9108 9708
f 9108 9107 9708
f 9697 9708 9696
f 9691 9692 9666
f 9666 9692 9708
f 9673 9674 9687
f 9707 9708 9697
f 9708 9695 9696
f 9708 9692 9693
f 9687 9675 9686
f 9686 9675 9685
f 9687 9674 9675
f 9687 9671 9672
f 9690 9691 9666
f 9670 9687 9669
f 9687 9688 9669
f 9693 9694 9708
f 9675 9676 9685
f 9672 9673 9687
f 9708 9694 9695
f 9670 9671 9687
f 9668 9669 9688
f 9697 9706 9707
f 9685 9676 9684
f 9705 9706 9698
f 9706 9697 9698
f 9683 9684 9676
f 9688 9689 9668
f 9698 9699 9705
f 9677 9680 9676
f 9668 9689 9667
f 9680 9677 9679
f 9682 9683 9676
f 9666 9667 9690
f 9690 9667 9689
f 9702 9699 9701
f 9702 9703 9699
f 9676 9680 9681
f 9677 9678 9679
f 9703 9704 9699
f 9681 9682 9676
f 9699 9700 9701
f 9699 9704 9705
f 9709 9347 9345
f 9709 9345 9710
f 9345 9358 9710
f 9710 9358 9711
f 9358 9359 9711
f 9711 9359 9712
f 9712 9359 9713
f 9359 9360 9713
f 9713 9360 9714
f 9360 9361 9714
f 9714 9361 9715
f 9361 9117 9715
f 9715 9117 9716
f 9117 9112 9716
f 9716 9112 9717
f 9112 9111 9717
f 9717 9111 9718
f 9111 9116 9718
f 9718 9116 9719
f 9719 9116 9720
f 9116 9114 9720
f 9720 9114 9721
f 9114 9113 9721
f 9721 9113 9722
f 9113 9115 9722
f 9722 9115 9723
f 9115 9118 9723
f 9723 9118 9724
f 9118 9122 9724
f 9724 9122 9725
f 9122 9120 9725
f 9725 9120 9726
f 9120 9119 9726
f 9726 9119 9727
f 9119 9121 9727
f 9727 9121 9728
f 9121 9057 9728
f 9057 9344 9728
f 9728 9344 9729
f 9344 9339 9729
f 9729 9339 9730
f 9339 9341 9730
f 9730 9341 9731
f 9341 9333 9731
f 9731 9333 9732
f 9333 9332 9732
f 9732 9332 9733
f 9332 9336 9733
f 9733 9336 9734
f 9336 9328 9734
f 9734 9328 9735
f 9735 9328 9736
f 9328 9327 9736
f 9736 9327 9737
f 9327 9326 9737
f 9737 9326 9738
f 9326 9343 9738
f 9738 9343 9739
f 9343 9350 9739
f 9739 9350 9740
f 9350 9354 9740
f 9740 9354 9741
f 9354 9351 9741
f 9741 9351 9742
f 9351 9348 9742
f 9742 9348 9743
f 9743 9348 9744
f 9348 9356 9744
f 9356 9357 9744
f 9744 9357 9745
f 9357 9355 9745
f 9745 9355 9746
f 9355 9349 9746
f 9746 9349 9747
f 9349 9352 9747
f 9747 9352 9748
f 9352 9353 9748
f 9353 9338 9748
f 9748 9338 9749
f 9338 9337 9749
f 9749 9337 9750
f 9337 9331 9750
f 9750 9331 9751
f 9331 9335 9751
f 9751 9335 9752
f 9752 9335 9753
f 9335 9330 9753
f 9753 9330 9754
f 9330 9324 9754
f 9754 9324 9755
f 9324 9325 9755
f 9755 9325 9756
f 9325 9329 9756
f 9756 9329 9757
f 9329 9334 9757
f 9757 9334 9758
f 9334 9346 9758
f 9758 9346 9759
f 9759 9346 9760
f 9346 9340 9760
f 9340 9342 9760
f 9760 9342 9761
f 9342 9347 9761
f 9761 9347 9709
f 9761 9745 9746
f 9730 9744 9729
f 9744 9745 9729
f 9745 9728 9729
f 9745 9709 9728
f 9761 9746 9760
f 9714 9715 9725
f 9745 9761 9709
f 9730 9743 9744
f 9714 9725 9726
f 9746 9747 9760
f 9725 9715 9724
f 9715 9716 9724
f 9724 9716 9723
f 9739 9740 9732
f 9732 9740 9731
f 9740 9741 9731
f 9731 9741 9730
f 9741 9742 9730
f 9728 9709 9710
f 9742 9743 9730
f 9726 9727 9714
f 9714 9727 9713
f 9713 9727 9712
f 9727 9728 9712
f 9719 9720 9716
f 9716 9717 9719
f 9719 9717 9718
f 9747 9748 9760
f 9760 9748 9759
f 9759 9748 9758
f 9758 9748 9757
f 9748 9749 9757
f 9749 9756 9757
f 9716 9722 9723
f 9711 9712 9728
f 9756 9749 9750
f 9720 9721 9716
f 9728 9710 9711
f 9751 9752 9756
f 9739 9732 9738
f 9738 9732 9733
f 9721 9722 9716
f 9738 9733 9734
f 9752 9753 9756
f 9750 9751 9756
f 9734 9735 9738
f 9738 9735 9737
f 9735 9736 9737
f 9753 9754 9756
f 9756 9754 9755
f 9419 9432 9762
f 9762 9432 9763
f 9763 9432 9764
f 9432 9430 9764
f 9764 9430 9765
f 9430 9418 9765
f 9765 9418 9766
f 9418 9428 9766
f 9428 9416 9766
f 9766 9416 9767
f 9767 9416 9768
f 9416 9415 9768
f 9415 9427 9768
f 9768 9427 9769
f 9427 9431 9769
f 9769 9431 9770
f 9770 9431 9771
f 9431 9426 9771
f 9426 9409 9771
f 9771 9409 9772
f 9409 9414 9772
f 9772 9414 9773
f 9414 9411 9773
f 9773 9411 9774
f 9411 9401 9774
f 9774 9401 9775
f 9401 9382 9775
f 9775 9382 9776
f 9382 9397 9776
f 9776 9397 9777
f 9397 9425 9777
f 9777 9425 9778
f 9425 9422 9778
f 9778 9422 9779
f 9422 9424 9779
f 9779 9424 9780
f 9424 9383 9780
f 9780 9383 9781
f 9781 9383 9782
f 9383 9371 9782
f 9371 9376 9782
f 9782 9376 9783
f 9783 9376 9784
f 9376 9384 9784
f 9384 9391 9784
f 9784 9391 9785
f 9391 9378 9785
f 9785 9378 9786
f 9378 9433 9786
f 9786 9433 9787
f 9433 9434 9787
f 9434 9435 9787
f 9787 9435 9788
f 9435 9436 9788
f 9788 9436 9789
f 9436 9437 9789
f 9789 9437 9790
f 9437 9439 9790
f 9790 9439 9791
f 9439 9438 9791
f 9791 9438 9792
f 9438 9444 9792
f 9792 9444 9793
f 9444 9443 9793
f 9793 9443 9794
f 9443 9442 9794
f 9794 9442 9795
f 9442 9441 9795
f 9795 9441 9796
f 9441 9440 9796
f 9796 9440 9797
f 9797 9440 9061
f 9842 9420 9429
f 9842 9429 9798
f 9429 9410 9798
f 9798 9410 9799
f 9410 9412 9799
f 9799 9412 9800
f 9412 9423 9800
f 9800 9423 9801
f 9423 9396 9801
f 9801 9396 9802
f 9802 9396 9803
f 9396 9387 9803
f 9387 9392 9803
f 9803 9392 9804
f 9392 9385 9804
f 9804 9385 9805
f 9385 9377 9805
f 9805 9377 9806
f 9806 9377 9807
f 9377 9364 9807
f 9807 9364 9808
f 9364 9363 9808
f 9808 9363 9809
f 9363 9381 9809
f 9809 9381 9810
f 9381 9379 9810
f 9379 9403 9810
f 9810 9403 9811
f 9403 9419 9811
f 9811 9419 9762
f 9797 9061 9812
f 9061 9375 9812
f 9812 9375 9813
f 9375 9370 9813
f 9813 9370 9814
f 9370 9366 9814
f 9814 9366 9815
f 9366 9372 9815
f 9815 9372 9816
f 9816 9372 9817
f 9372 9394 9817
f 9394 9389 9817
f 9817 9389 9818
f 9818 9389 9819
f 9389 9400 9819
f 9400 9408 9819
f 9819 9408 9820
f 9820 9408 9821
f 9408 9407 9821
f 9821 9407 9822
f 9822 9407 9823
f 9407 9406 9823
f 9406 9405 9823
f 9823 9405 9824
f 9824 9405 9825
f 9405 9413 9825
f 9413 9399 9825
f 9825 9399 9826
f 9826 9399 9827
f 9399 9390 9827
f 9827 9390 9828
f 9390 9373 9828
f 9828 9373 9829
f 9373 9380 9829
f 9829 9380 9830
f 9380 9374 9830
f 9830 9374 9831
f 9374 9365 9831
f 9831 9365 9832
f 9365 9368 9832
f 9368 9369 9832
f 9832 9369 9833
f 9369 9367 9833
f 9367 9362 9833
f 9833 9362 9834
f 9362 9398 9834
f 9834 9398 9835
f 9398 9388 9835
f 9835 9388 9836
f 9388 9386 9836
f 9836 9386 9837
f 9386 9393 9837
f 9837 9393 9838
f 9393 9395 9838
f 9395 9402 9838
f 9838 9402 9839
f 9402 9404 9839
f 9839 9404 9840
f 9404 9421 9840
f 9840 9421 9841
f 9421 9417 9841
f 9417 9420 9841
f 9841 9420 9842
f 9832 9833 9779
f 9836 9837 9779
f 9779 9837 9778
f 9831 9832 9779
f 9835 9836 9779
f 9779 9825 9826
f 9820 9821 9789
f 9802 9763 9801
f 9763 9764 9801
f 9801 9764 9800
f 9779 9834 9835
f 9789 9821 9788
f 9780 9824 9779
f 9779 9824 9825
f 9826 9827 9779
f 9821 9822 9788
f 9781 9782 9780
f 9802 9762 9763
f 9779 9833 9834
f 9788 9822 9787
f 9798 9767 9842
f 9811 9762 9803
f 9803 9762 9802
f 9787 9822 9786
f 9822 9823 9786
f 9764 9765 9800
f 9800 9765 9799
f 9827 9828 9779
f 9817 9818 9792
f 9785 9786 9823
f 9767 9768 9842
f 9828 9829 9779
f 9792 9818 9791
f 9824 9785 9823
f 9789 9790 9820
f 9820 9790 9819
f 9790 9791 9819
f 9819 9791 9818
f 9841 9771 9840
f 9771 9772 9840
f 9799 9766 9798
f 9766 9767 9798
f 9803 9804 9811
f 9792 9793 9817
f 9784 9785 9824
f 9765 9766 9799
f 9829 9830 9779
f 9772 9773 9840
f 9840 9773 9839
f 9773 9774 9839
f 9804 9810 9811
f 9779 9830 9831
f 9839 9774 9838
f 9824 9783 9784
f 9804 9805 9810
f 9810 9805 9809
f 9837 9838 9778
f 9775 9838 9774
f 9770 9771 9841
f 9768 9769 9842
f 9842 9769 9841
f 9769 9770 9841
f 9793 9794 9817
f 9817 9794 9816
f 9838 9777 9778
f 9780 9782 9824
f 9824 9782 9783
f 9777 9838 9776
f 9775 9776 9838
f 9805 9806 9809
f 9794 9795 9814
f 9814 9795 9813
f 9794 9815 9816
f 9797 9812 9795
f 9812 9813 9795
f 9814 9815 9794
f 9807 9808 9806
f 9806 9808 9809
f 9795 9796 9797
f 9843 9056 9844
f 9056 9463 9844
f 9844 9463 9845
f 9463 9462 9845
f 9462 9464 9845
f 9845 9464 9846
f 9464 9461 9846
f 9846 9461 9847
f 9461 9465 9847
f 9465 9460 9847
f 9847 9460 9848
f 9460 9459 9848
f 9848 9459 9849
f 9459 9451 9849
f 9849 9451 9850
f 9451 9457 9850
f 9850 9457 9851
f 9457 9456 9851
f 9851 9456 9852
f 9456 9455 9852
f 9852 9455 9853
f 9455 9454 9853
f 9853 9454 9854
f 9454 9450 9854
f 9854 9450 9855
f 9450 9449 9855
f 9855 9449 9856
f 9856 9449 9857
f 9449 9458 9857
f 9458 9453 9857
f 9857 9453 9858
f 9858 9453 9859
f 9453 9452 9859
f 9859 9452 9860
f 9452 9445 9860
f 9445 9447 9860
f 9860 9447 9861
f 9861 9447 9862
f 9447 9448 9862
f 9862 9448 9843
f 9448 9446 9843
f 9446 9056 9843
f 9860 9858 9859
f 9860 9857 9858
f 9860 9856 9857
f 9860 9855 9856
f 9854 9855 9860
f 9853 9854 9860
f 9852 9853 9860
f 9851 9852 9860
f 9850 9851 9860
f 9849 9850 9860
f 9848 9849 9860
f 9847 9848 9860
f 9860 9846 9847
f 9845 9846 9860
f 9844 9845 9860
f 9843 9844 9860
f 9860 9862 9843
f 9861 9862 9860
f 9526 9527 9863
f 9523 9524 9864
f 9527 9528 9863
f 9863 9528 9870
f 9528 9529 9870
f 9525 9526 9863
f 9864 9524 9863
f 9863 9524 9525
f 9534 9535 9865
f 9522 9523 9864
f 9865 9533 9534
f 9532 9533 9867
f 9867 9533 9865
f 9531 9532 9867
f 9535 9536 9865
f 9865 9536 9869
f 9536 9537 9869
f 9866 9868 9530
f 9530 9868 9529
f 9868 9870 9529
f 9530 9531 9866
f 9866 9531 9867
f 9874 9518 9871
f 9518 9519 9871
f 9864 9873 9522
f 9517 9518 9874
f 9872 9540 9875
f 9540 9508 9875
f 9519 9520 9871
f 9871 9520 9876
f 9876 9520 9877
f 9875 9508 9878
f 9508 9509 9878
f 9879 9539 9872
f 9872 9539 9540
f 9520 9521 9877
f 9877 9521 9873
f 9521 9522 9873
f 9537 9538 9880
f 9880 9538 9879
f 9538 9539 9879
f 9880 9881 9537
f 9537 9881 9869
f 9885 9516 9882
f 9882 9516 9874
f 9516 9517 9874
f 9509 9510 9878
f 9878 9510 9883
f 9884 9515 9885
f 9515 9516 9885
f 9884 9514 9515
f 9510 9511 9883
f 9511 9512 9883
f 9883 9512 9886
f 9886 9512 9887
f 9512 9513 9887
f 9887 9513 9884
f 9513 9514 9884
f 9888 9889 9874
f 9874 9889 9882
f 9889 9890 9882
f 9882 9890 9885
f 9885 9890 9884
f 9890 9891 9884
f 9884 9891 9887
f 9891 9892 9887
f 9887 9892 9886
f 9886 9892 9883
f 9892 9893 9883
f 9893 9894 9883
f 9883 9894 9878
f 9894 9895 9878
f 9878 9895 9875
f 9895 9896 9875
f 9875 9896 9872
f 9896 9897 9872
f 9872 9897 9879
f 9897 9898 9879
f 9879 9898 9880
f 9898 9899 9880
f 9880 9899 9881
f 9899 9900 9881
f 9881 9900 9869
f 9869 9900 9865
f 9900 9901 9865
f 9865 9901 9867
f 9901 9902 9867
f 9902 9903 9867
f 9867 9903 9866
f 9903 9904 9866
f 9866 9904 9868
f 9904 9905 9868
f 9868 9905 9870
f 9905 9906 9870
f 9870 9906 9863
f 9863 9906 9864
f 9906 9907 9864
f 9907 9908 9864
f 9864 9908 9873
f 9908 9909 9873
f 9873 9909 9877
f 9909 9910 9877
f 9877 9910 9876
f 9910 9911 9876
f 9876 9911 9871
f 9911 9888 9871
f 9871 9888 9874
f 9904 9899 9905
f 9905 9899 9908
f 9908 9899 9909
f 9899 9898 9909
f 9909 9898 9892
f 9898 9897 9892
f 9892 9891 9909
f 9904 9903 9899
f 9899 9903 9900
f 9908 9907 9905
f 9894 9893 9897
f 9897 9893 9892
f 9909 9891 9910
f 9910 9891 9890
f 9903 9902 9900
f 9900 9902 9901
f 9907 9906 9905
f 9910 9890 9889
f 9895 9894 9897
f 9889 9888 9910
f 9910 9888 9911
f 9897 9896 9895
f 10076 9912 9913
f 10062 9915 9916
f 8984 8919 9917
f 9922 9923 9921
f 9921 9923 9924
f 9925 9973 9926
f 9926 9927 9925
f 9927 9928 9925
f 9928 9929 9925
f 9925 9929 9930
f 9925 9930 9924
f 9924 9930 9921
f 9931 9932 9933
f 9933 9934 9931
f 9934 9935 9931
f 9936 9931 9935
f 9932 9931 9937
f 9932 9937 9944
f 9940 9912 9938
f 9940 9938 9939
f 9940 9941 9912
f 9941 9942 9912
f 9922 9921 9943
f 9944 9937 9945
f 9912 9942 9967
f 9922 9943 9944
f 9922 9944 9912
f 9912 9967 9922
f 9944 9945 9912
f 9912 9945 9913
f 9945 9964 9913
f 9964 9966 9913
f 9913 9966 9946
f 9946 9963 9913
f 9963 9947 9913
f 9913 9947 9948
f 9913 9948 9949
f 9913 9949 9951
f 9949 9950 9951
f 9951 9950 9952
f 9950 10013 9952
f 9953 9956 9955
f 9953 9955 9954
f 9955 9957 9954
f 9957 9958 9954
f 9958 9959 9954
f 9954 9959 9961
f 9961 9959 9960
f 9946 9961 9960
f 9960 9962 9946
f 9946 9962 9963
f 9964 10067 9965
f 10068 9965 10067
f 9965 9966 9964
f 9969 9967 9968
f 9968 9970 9969
f 9969 9971 9967
f 9971 9972 9967
f 9922 9967 9972
f 9973 9925 9920
f 9974 9973 9920
f 9980 9974 9920
f 9976 9975 9920
f 9920 9975 9977
f 9977 9980 9920
f 9979 9980 9978
f 9977 9978 9980
f 9982 9983 9984
f 9988 9983 9982
f 9981 9986 9985
f 9985 9987 9981
f 9987 9988 9981
f 9982 9989 9988
f 9988 9989 9981
f 9981 9989 9990
f 9992 9991 9993
f 9993 9994 9992
f 9996 9992 9995
f 9992 9994 9995
f 9996 9997 9992
f 10003 9999 9998
f 9999 10000 9998
f 9995 9998 9996
f 10000 9996 9998
f 9997 10001 9992
f 9976 9992 9975
f 9992 10001 9975
f 9998 10002 10003
f 10004 10005 10003
f 10003 10002 10004
f 10006 10005 10004
f 10004 10007 10006
f 9931 9936 10007
f 9936 10006 10007
f 9982 9984 10008
f 10008 10009 9982
f 10009 10010 9982
f 9919 9918 9986
f 9986 9918 10011
f 9986 10011 9985
f 10014 9952 10013
f 10014 10013 10015
f 10013 10016 10015
f 10015 10016 10012
f 9954 10017 10023
f 10023 10018 9954
f 9954 10018 10019
f 10019 10020 9954
f 9954 10020 10021
f 10021 9953 9954
f 10010 10022 10017
f 10022 10023 10017
f 10009 10024 10010
f 10024 10022 10010
f 8983 8984 8981
f 8979 8981 9917
f 9917 8981 8984
f 10056 10025 9917
f 9917 10025 10026
f 9917 10026 8979
f 10026 10027 8979
f 8976 8979 10028
f 10028 8979 10027
f 8976 10028 10029
f 10029 10034 8976
f 10031 10030 10032
f 10032 10030 10033
f 10034 10035 10036
f 10034 10036 10033
f 10033 10036 10032
f 10034 10033 10037
f 10037 10038 10034
f 10040 10041 10039
f 10038 10040 10039
f 10038 10039 10034
f 10034 10039 10042
f 10042 8997 10034
f 8997 8976 10034
f 10042 10043 8997
f 8997 10043 10044
f 8997 10044 8996
f 10044 10045 8996
f 9002 8995 10046
f 10046 8995 10045
f 10045 8995 8996
f 10046 10047 9002
f 8998 9000 10047
f 9000 9001 10047
f 9001 9002 10047
f 8998 10047 10049
f 10049 10050 8998
f 8998 10050 8999
f 10050 10048 8999
f 10048 10051 8999
f 10051 10052 8999
f 8999 10052 8934
f 9990 9991 9981
f 9991 9992 9981
f 9981 9992 10054
f 10054 9992 10055
f 9992 10056 10055
f 10055 10056 10057
f 10057 10056 9917
f 9969 9970 10058
f 9970 10059 10058
f 10059 10060 10058
f 10058 10060 9916
f 10060 10061 9916
f 10061 10062 9916
f 9938 10063 9939
f 10064 9939 10030
f 10030 9939 10063
f 10065 10064 10030
f 10031 10065 10030
f 10066 10068 10067
f 10069 10066 10067
f 10071 10070 10072
f 10071 9914 10070
f 9914 10066 10070
f 10070 10066 10069
f 10041 10040 10073
f 10040 10074 10073
f 10075 10076 9913
f 10026 10080 10027
f 10080 10077 10027
f 10028 10027 10077
f 10079 10077 10078
f 10080 10081 10077
f 10077 10081 10078
f 10078 10086 10079
f 10079 10086 10082
f 10085 10083 10084
f 10083 10085 10086
f 10085 10082 10086
f 10083 10087 10088
f 10088 10090 10083
f 10083 10090 10089
f 10090 10091 10089
f 10093 10094 10092
f 10094 10095 10096
f 10094 10096 10092
f 10089 10091 10097
f 10091 10093 10097
f 10097 10093 10092
f 10098 10101 10099
f 10101 10100 10099
f 10099 10100 10086
f 10100 10087 10086
f 10086 10087 10083
f 10098 10102 10101
f 10102 10104 10103
f 10103 10105 10102
f 10102 10105 10101
f 10056 10081 10025
f 10025 10081 10026
f 10081 10080 10026
f 10081 10056 10078
f 9992 10086 10056
f 10086 10078 10056
f 9992 9976 10086
f 9976 9920 10086
f 10086 9920 10099
f 9924 10098 9925
f 10099 9920 10098
f 9920 9925 10098
f 9924 9923 10098
f 10098 9923 10102
f 9923 9922 10102
f 10102 9922 10104
f 9969 10105 9971
f 10105 10103 9971
f 9971 10103 9972
f 9922 9972 10104
f 10104 9972 10103
f 10105 9969 10101
f 9916 9915 10100
f 9916 10100 10058
f 10100 10101 10058
f 10058 10101 9969
f 10100 9915 10087
f 9915 10062 10087
f 10087 10062 10088
f 10062 10061 10088
f 10091 10090 10059
f 10059 10090 10060
f 10088 10061 10090
f 10061 10060 10090
f 10059 9970 10091
f 9970 10093 10091
f 9970 9968 10093
f 10093 9968 10094
f 9968 9967 10094
f 10094 9967 10095
f 10096 10095 9941
f 9941 10095 9942
f 9967 9942 10095
f 10096 9941 10092
f 9941 9940 10092
f 9940 9939 10092
f 10092 9939 10097
f 10065 10089 10064
f 10064 10089 9939
f 10089 10097 9939
f 10036 10085 10032
f 10085 10084 10032
f 10083 10031 10084
f 10031 10032 10084
f 10031 10083 10065
f 10065 10083 10089
f 10085 10036 10082
f 10036 10035 10082
f 10035 10034 10082
f 10082 10034 10079
f 10034 10029 10079
f 10029 10028 10079
f 10079 10028 10077
f 10106 10107 10069
f 10070 10069 10108
f 10108 10069 10107
f 10108 10109 10070
f 10110 10112 10111
f 10113 10114 10111
f 10114 10110 10111
f 10111 10115 10113
f 10113 10115 10116
f 10115 10109 10116
f 10109 10117 10116
f 10108 10117 10109
f 10118 10117 10108
f 10107 10119 10108
f 10119 10118 10108
f 10123 10120 10121
f 10121 10122 10123
f 10123 10122 10124
f 10111 10112 10124
f 10112 10123 10124
f 10119 10107 10125
f 10107 10106 10125
f 10127 10129 10128
f 10129 10130 10128
f 10127 10128 10131
f 10127 10131 10126
f 10106 10127 10125
f 10125 10127 10126
f 10106 10069 10127
f 10069 10067 10127
f 10127 10067 10129
f 10067 9964 10129
f 10129 9964 10130
f 9964 9945 10130
f 10131 10128 9937
f 9937 10128 9945
f 10130 9945 10128
f 10131 9937 10126
f 9937 9931 10126
f 10126 9931 10125
f 9931 10007 10125
f 10118 10119 10002
f 10002 10119 10004
f 10119 10125 10004
f 10004 10125 10007
f 9991 10113 9993
f 10113 10116 9993
f 9993 10116 9994
f 10116 10117 9994
f 10002 9998 10118
f 10118 9998 10117
f 9998 9995 10117
f 9995 9994 10117
f 10113 9991 10114
f 9991 9990 10114
f 10110 10114 9989
f 9989 10114 9990
f 9989 9982 10110
f 10110 9982 10112
f 10010 10017 10112
f 10112 10017 10123
f 10017 9954 10123
f 9954 9961 10123
f 9982 10010 10112
f 10123 9961 10120
f 9961 9946 10120
f 10120 9946 10121
f 9946 9966 10121
f 9965 10122 9966
f 10122 10121 9966
f 10122 9965 10124
f 10124 9965 10068
f 10066 9914 10111
f 10068 10066 10124
f 10124 10066 10111
f 10111 9914 10115
f 9914 10071 10115
f 10071 10072 10115
f 10115 10072 10109
f 10109 10072 10070
f 10076 10075 10132
f 10132 10075 10133
f 10133 10135 10132
f 10135 10134 10132
f 10136 10135 10133
f 10137 10136 10133
f 10137 10138 10136
f 10141 10137 10139
f 10139 10140 10141
f 10137 10141 10138
f 10134 10142 10132
f 10132 10142 10143
f 10144 10145 10142
f 10142 10145 10143
f 10145 10146 10143
f 10143 10146 10147
f 10146 10148 10147
f 10147 10148 10149
f 10148 10150 10149
f 10150 10151 10149
f 10151 10152 10149
f 10142 10153 10144
f 10144 10153 10157
f 10155 10156 10154
f 10156 10157 10154
f 10153 10154 10157
f 10053 10137 10075
f 10137 10133 10075
f 10052 10139 10053
f 10139 10137 10053
f 10139 10052 10140
f 10052 10051 10140
f 10140 10051 10141
f 10051 10048 10141
f 10141 10048 10138
f 10048 10050 10138
f 10138 10050 10136
f 10136 10050 10135
f 10050 10049 10135
f 10135 10049 10134
f 10049 10047 10134
f 10044 10153 10045
f 10153 10142 10045
f 10045 10142 10046
f 10046 10142 10047
f 10142 10134 10047
f 10044 10043 10153
f 10043 10154 10153
f 10042 10155 10043
f 10043 10155 10154
f 10041 10157 10039
f 10157 10156 10039
f 10039 10156 10042
f 10156 10155 10042
f 10074 10145 10144
f 10074 10144 10073
f 10073 10144 10041
f 10144 10157 10041
f 10040 10148 10074
f 10145 10074 10146
f 10146 10074 10148
f 10150 10148 10038
f 10038 10148 10040
f 10152 10151 10037
f 10037 10151 10038
f 10151 10150 10038
f 10033 10030 10152
f 10037 10033 10152
f 10152 10030 10149
f 10149 10030 10147
f 10030 10063 10147
f 10147 10063 10143
f 10063 9938 10143
f 9938 9912 10143
f 10076 10132 9912
f 10132 10143 9912
f 10162 10158 10022
f 10022 10158 10023
f 9984 10159 10008
f 10159 10160 10008
f 10008 10160 10009
f 10160 10161 10009
f 10009 10161 10024
f 10161 10162 10024
f 10162 10022 10024
f 9988 10164 9983
f 9983 10164 10163
f 10163 10165 9983
f 9983 10165 9984
f 10165 10159 9984
f 9985 10166 9987
f 10166 10167 9987
f 9987 10167 9988
f 10167 10164 9988
f 10166 9985 10168
f 9985 10011 10168
f 10011 9918 10168
f 9918 9919 10170
f 9919 10016 10170
f 10170 10016 10169
f 10168 9918 10170
f 10013 10171 10172
f 10013 10172 10016
f 10172 10169 10016
f 10171 10013 10173
f 10013 9950 10173
f 9950 9949 10173
f 10173 9949 10174
f 9949 9948 10174
f 10174 9948 10175
f 10175 9948 10176
f 9948 9947 10176
f 10176 9947 10177
f 10177 9947 10178
f 9947 9963 10178
f 10178 9963 9962
f 9959 10179 9960
f 9960 10179 9962
f 10179 10178 9962
f 10181 10180 9958
f 9958 10180 9959
f 10179 9959 10180
f 9957 10181 9958
f 10181 9957 10182
f 9957 9955 10182
f 9953 10183 9956
f 10183 10184 9956
f 10182 9955 10185
f 10185 9955 10184
f 9955 9956 10184
f 10183 9953 10186
f 9953 10021 10186
f 10186 10021 10187
f 10021 10020 10187
f 10020 10019 10187
f 10023 10158 10018
f 10158 10188 10018
f 10188 10189 10018
f 10187 10019 10189
f 10019 10018 10189
f 10192 10006 10190
f 10006 9936 10190
f 10190 9936 10205
f 10192 10191 10193
f 10191 10194 10193
f 10196 10195 10194
f 10194 10195 10193
f 10198 10195 10196
f 10197 10198 10196
f 10196 10199 10197
f 10197 10199 10203
f 10199 10200 10203
f 10200 10202 10201
f 10201 10203 10200
f 10190 10205 10204
f 10192 10190 10191
f 10191 10190 10206
f 10190 10204 10206
f 10207 10209 10208
f 10208 10209 10210
f 10210 10211 10208
f 10208 10211 10212
f 10213 10214 10208
f 10208 10214 10207
f 10214 10213 10215
f 10213 10218 10215
f 10218 10216 10215
f 10218 10217 10216
f 10218 10204 10217
f 10217 10204 10205
f 10205 9936 10217
f 9936 9935 10217
f 10217 9935 10216
f 9935 9934 10216
f 10216 9934 10215
f 9934 9933 10215
f 10215 9933 10214
f 9933 9932 10214
f 9932 9944 10214
f 10214 9944 10207
f 9944 9943 10207
f 9943 9921 10207
f 10207 9921 10209
f 10209 9921 10210
f 9930 9929 10211
f 9921 9930 10210
f 10210 9930 10211
f 10211 9929 10212
f 10212 9929 10208
f 9929 9928 10208
f 10208 9928 10213
f 9928 9927 10213
f 10213 9927 10218
f 10204 10218 9973
f 9973 10218 9926
f 9926 10218 9927
f 10191 10206 9974
f 10204 9973 10206
f 9973 9974 10206
f 10191 9980 10194
f 9974 9980 10191
f 10199 9978 9977
f 9978 10199 9979
f 10199 10196 9979
f 10194 9980 10196
f 9980 9979 10196
f 10199 9977 10200
f 10200 9977 10202
f 9977 9975 10202
f 9975 10001 10201
f 10202 9975 10201
f 10201 10001 10203
f 10001 9997 10203
f 10203 9997 10197
f 9997 9996 10197
f 10006 10192 10005
f 10003 10005 10193
f 10193 10005 10192
f 9996 10000 10197
f 10197 10000 10198
f 10198 10000 10195
f 10000 9999 10195
f 10195 9999 10193
f 9999 10003 10193
f 10228 10219 10161
f 10161 10219 10162
f 10219 10220 10162
f 10220 10158 10162
f 10158 10220 10172
f 10220 10221 10172
f 10221 10222 10172
f 10172 10222 10169
f 10222 10223 10169
f 10169 10223 10170
f 10168 10170 10223
f 10223 10224 10168
f 10225 10166 10224
f 10224 10166 10168
f 10167 10166 10225
f 10225 10226 10167
f 10167 10226 10164
f 10226 10227 10164
f 10163 10164 10227
f 10228 10165 10227
f 10165 10163 10227
f 10228 10159 10165
f 10160 10159 10228
f 10161 10160 10228
f 10171 10186 10172
f 10186 10187 10172
f 10172 10187 10158
f 10158 10187 10189
f 10188 10158 10189
f 10180 10177 10178
f 10179 10180 10178
f 10180 10181 10177
f 10181 10182 10177
f 10177 10182 10176
f 10182 10185 10176
f 10185 10184 10176
f 10176 10184 10175
f 10183 10174 10184
f 10174 10175 10184
f 10173 10174 10183
f 10171 10173 10186
f 10186 10173 10183
f 10221 10229 10222
f 10229 10230 10222
f 10222 10230 10223
f 10233 10232 10231
f 10231 10234 10233
f 10234 10235 10233
f 10235 10236 10233
f 10237 10238 10229
f 10236 10230 10233
f 10238 10233 10229
f 10233 10230 10229
f 10221 10220 10229
f 10220 10237 10229
f 10228 10233 10219
f 10237 10220 10238
f 10220 10219 10238
f 10238 10219 10233
f 10233 10228 10232
f 10228 10227 10232
f 10232 10227 10231
f 10227 10226 10231
f 10224 10223 10236
f 10236 10223 10230
f 10236 10235 10224
f 10224 10235 10225
f 10235 10234 10225
f 10231 10226 10234
f 10226 10225 10234
f 10052 10053 8932
f 10241 10242 10246
f 10243 10244 10245
f 10242 10244 10243
f 10243 10246 10242
f 10244 10247 10245
f 10247 10250 10245
f 10250 10248 10245
f 10245 10248 10249
f 10251 10241 10246
f 10251 10252 10241
f 10241 10252 10257
f 10252 10253 10257
f 10257 10253 10254
f 10255 10254 10256
f 10255 10257 10254
f 10258 10259 10260
f 9951 10261 9913
f 10261 10262 9913
f 10262 10263 9913
f 10263 10264 9913
f 9913 10264 10265
s 0
f 10258 10260 10266
s 1
f 9913 10267 8929
f 10267 10241 8929
s 0
f 10268 10267 10269
s 1
f 10267 9913 10269
f 10269 9913 10260
f 9913 10265 10260
s 0
f 10260 10265 10266
s 1
f 10257 10270 8929
f 10257 8929 10241
s 0
f 10268 10271 10267
s 1
f 10271 10272 10267
f 10260 10259 10273
f 10267 10272 10274
f 10273 10259 10275
f 10270 10276 8929
f 8929 10276 8928
f 10276 10349 8928
f 10259 10277 10275
f 10277 10280 10275
f 10282 10275 10280
f 10279 10278 10280
f 10278 10281 10280
f 10280 10281 10282
f 10272 10283 10274
f 10274 10283 10284
f 10283 10240 10284
f 10286 10284 10240
f 10372 10285 10240
f 10285 10286 10240
f 10288 10287 10297
f 10287 10289 10297
f 10290 10287 10288
f 10249 10290 10288
f 10288 10291 10249
f 10249 10291 10245
f 10245 10291 10292
f 10293 10295 10294
f 10300 10294 10295
f 10295 10296 10300
f 10296 10297 10300
f 10289 10298 10297
f 10300 10297 10298
f 10300 10301 10299
f 10300 10299 10294
f 10299 10302 10294
f 10302 10304 10294
f 10304 10309 10303
f 10304 10303 10294
f 10294 10303 10305
f 10315 10307 10306
f 10307 10308 10306
f 10306 10308 10309
f 10304 10306 10309
f 10315 10306 10310
f 10310 10311 10312
f 10314 10315 10313
f 10313 10315 10312
f 10315 10310 10312
f 10312 10316 10313
f 10316 10317 10313
f 10334 10317 10318
f 10313 10317 10334
f 10319 8923 8922
f 8923 10319 10320
f 8923 10320 10321
f 8923 10321 10322
f 10321 10323 10322
f 10323 10324 10325
f 10325 10326 10323
f 10323 10326 10322
f 10322 10326 10327
f 10327 10328 10322
f 10318 10330 10334
f 10330 10331 10334
f 10331 10332 10334
f 10334 10332 10329
f 10329 10333 10334
f 10333 10322 10334
f 10322 10328 10334
f 10325 10324 10335
f 10324 10336 10335
f 10338 10337 10339
f 10340 10341 8925
f 8925 10341 8924
f 8924 10341 10342
f 10342 10337 8924
f 10319 8922 10338
f 8922 8924 10338
f 10338 8924 10337
f 10343 10344 10340
f 10343 10340 8926
f 10340 8925 8926
f 8926 10345 10346
f 8926 10346 10343
f 10343 10346 10347
f 10350 10348 10349
f 10348 8928 10349
f 8928 10348 10351
f 8928 10351 8927
f 8927 10351 10345
f 8927 10345 8926
f 10353 10256 10352
f 10352 10256 10254
f 10356 10357 10355
f 10355 10357 10354
f 10356 10355 10359
f 10359 10355 10358
f 10362 10361 10360
f 10363 10362 10360
f 10360 10364 10363
f 10364 10365 10363
f 8921 8923 10322
f 10322 10366 8921
f 8921 10366 10367
f 10365 8921 10363
f 10363 8921 10367
f 10359 8921 10365
f 10358 10368 10359
f 10359 10368 8921
f 10369 9917 10368
f 10369 10370 9917
f 10370 10371 9917
f 10371 10057 9917
f 10376 10372 10373
f 10374 10375 10373
f 10375 10376 10373
f 10373 10372 10240
f 10380 10375 10374
f 10377 10379 10378
f 10379 10380 10378
f 10378 10380 10374
f 10381 10377 10378
f 10378 10383 10239
f 10239 10381 10378
f 10383 10385 10382
f 10382 10239 10383
f 10361 10384 10360
f 10384 10385 10360
f 10360 10385 10383
f 10354 10386 10355
f 10387 10355 10386
f 10387 10386 10388
f 10387 10388 10279
f 10388 10389 10279
f 10389 10278 10279
f 10012 10392 10390
f 10012 10390 10015
f 9919 10391 10392
f 9919 10392 10016
f 10016 10392 10012
f 10393 9919 9986
f 9919 10393 10391
f 8919 8921 9917
f 9917 8921 10368
f 8921 8919 8920
f 8930 8931 10053
f 8933 8934 8932
f 10053 8931 8932
f 8932 8934 10052
f 8929 8930 9913
f 9913 8930 10075
f 10075 8930 10053
f 10399 10395 9981
f 10393 9986 10394
f 10394 9986 10395
f 9986 9981 10395
f 10396 10393 10394
f 10057 10398 10397
f 10397 10055 10057
f 10397 10399 10055
f 10055 10399 10054
f 10054 10399 9981
f 10371 10400 10057
f 10400 10398 10057
f 10369 10401 10370
f 10401 10402 10370
f 10400 10371 10402
f 10371 10370 10402
f 10401 10369 10404
f 10369 10368 10404
f 10358 10403 10368
f 10403 10404 10368
f 10358 10355 10405
f 10358 10405 10403
f 10355 10387 10406
f 10387 10279 10406
f 10406 10405 10355
f 10280 10407 10279
f 10406 10279 10407
f 10280 10277 10407
f 10407 10277 10259
f 10265 10408 10409
f 10407 10259 10409
f 10259 10258 10409
f 10258 10266 10409
f 10409 10266 10265
f 10265 10264 10408
f 10408 10264 10410
f 10264 10263 10410
f 10410 10263 10411
f 10263 10262 10411
f 10411 10262 10412
f 10262 10261 10412
f 10413 10414 10014
f 10415 9952 10414
f 10414 9952 10014
f 10412 10261 10415
f 10261 9951 10415
f 10415 9951 9952
f 10416 10417 10391
f 10391 10417 10392
f 10417 10418 10392
f 10392 10418 10390
f 10418 10419 10390
f 10014 10015 10413
f 10413 10015 10419
f 10419 10015 10390
f 10393 10396 10391
f 10396 10416 10391
f 10385 10384 10420
f 10420 10384 10421
f 10385 10420 10382
f 10420 10422 10382
f 10239 10382 10422
f 10424 10422 10425
f 10425 10422 10423
f 10425 10426 10424
f 10424 10426 10433
f 10433 10426 10427
f 10433 10427 10431
f 10436 10428 10429
f 10428 10430 10429
f 10441 10429 10430
f 10429 10432 10431
f 10432 10433 10431
f 10429 10431 10434
f 10436 10429 10434
f 10434 10435 10436
f 10437 10438 10430
f 10430 10438 10441
f 10438 10439 10441
f 10439 10440 10441
f 10442 10441 10440
f 10440 10443 10442
f 10442 10443 10444
f 10443 10445 10444
f 10444 10445 10446
f 10445 10447 10446
f 10447 10448 10446
f 10446 10448 10452
f 10452 10448 10449
f 10449 10450 10451
f 10451 10452 10449
f 10450 10449 10453
f 10449 10454 10453
f 10455 10456 10460
f 10457 10458 10459
f 10456 10457 10460
f 10457 10459 10460
f 10453 10454 10460
f 10454 10455 10460
f 10421 10461 10462
f 10421 10462 10420
f 10462 10463 10420
f 10423 10420 10463
f 10423 10422 10420
f 10465 10466 10464
f 10467 10468 10466
f 10468 10464 10466
f 10465 10464 10469
f 10464 10470 10469
f 10469 10470 10471
f 10470 10472 10471
f 10421 10473 10461
f 10473 10474 10461
f 10461 10474 10472
f 10474 10471 10472
f 10384 10361 10473
f 10362 10474 10361
f 10361 10474 10473
f 10473 10421 10384
f 10474 10362 10471
f 10362 10363 10471
f 10471 10363 10469
f 10469 10363 10465
f 10363 10367 10465
f 10322 10467 10366
f 10467 10466 10366
f 10465 10367 10466
f 10367 10366 10466
f 10464 10468 10333
f 10468 10467 10333
f 10333 10467 10322
f 10329 10464 10333
f 10464 10329 10470
f 10329 10332 10470
f 10470 10332 10472
f 10332 10331 10472
f 10472 10331 10461
f 10330 10318 10462
f 10462 10318 10463
f 10463 10318 10423
f 10318 10317 10423
f 10331 10330 10461
f 10461 10330 10462
f 10427 10312 10431
f 10423 10317 10425
f 10317 10316 10425
f 10425 10316 10426
f 10316 10312 10426
f 10426 10312 10427
f 10434 10431 10311
f 10311 10431 10312
f 10434 10311 10435
f 10311 10310 10435
f 10310 10306 10435
f 10435 10306 10436
f 10436 10306 10304
f 10436 10304 10428
f 10304 10302 10428
f 10428 10302 10430
f 10302 10299 10430
f 10437 10430 10299
f 10437 10299 10438
f 10299 10301 10438
f 10289 10287 10443
f 10443 10287 10445
f 10289 10443 10298
f 10443 10440 10298
f 10298 10440 10300
f 10440 10439 10300
f 10438 10301 10439
f 10301 10300 10439
f 10448 10447 10249
f 10249 10447 10290
f 10287 10290 10445
f 10445 10290 10447
f 10249 10248 10448
f 10448 10248 10449
f 10248 10250 10449
f 10449 10250 10454
f 10454 10250 10455
f 10250 10247 10455
f 10247 10456 10455
f 10247 10244 10456
f 10456 10244 10457
f 10244 10242 10457
f 10457 10242 10458
f 10458 10242 10459
f 10242 10241 10459
f 10459 10241 10460
f 10460 10241 10453
f 10241 10267 10453
f 10285 10451 10286
f 10451 10450 10286
f 10267 10274 10453
f 10274 10284 10453
f 10453 10284 10450
f 10284 10286 10450
f 10375 10444 10376
f 10444 10446 10376
f 10376 10446 10372
f 10446 10452 10372
f 10451 10285 10452
f 10285 10372 10452
f 10429 10441 10377
f 10377 10441 10379
f 10379 10441 10380
f 10441 10442 10380
f 10380 10442 10375
f 10442 10444 10375
f 10422 10424 10239
f 10239 10424 10381
f 10424 10433 10381
f 10429 10377 10432
f 10377 10381 10432
f 10432 10381 10433
f 10364 10360 10475
f 10476 10365 10475
f 10365 10364 10475
f 10477 10475 10360
f 10360 10383 10477
f 10383 10378 10477
f 10378 10374 10477
f 10374 10373 10477
f 10477 10373 10478
f 10373 10240 10478
f 10478 10240 10479
f 10240 10283 10479
f 10283 10272 10479
f 10479 10272 10480
f 10272 10271 10480
f 10271 10268 10480
f 10480 10268 10269
f 10269 10260 10480
f 10480 10260 10481
f 10260 10273 10481
f 10273 10275 10481
f 10481 10275 10482
f 10275 10282 10482
f 10482 10282 10483
f 10282 10281 10483
f 10389 10484 10278
f 10484 10485 10278
f 10485 10486 10278
f 10278 10486 10281
f 10483 10281 10486
f 10487 10484 10388
f 10388 10484 10389
f 10490 10487 10386
f 10386 10487 10388
f 10357 10356 10489
f 10357 10489 10354
f 10489 10488 10354
f 10386 10354 10490
f 10488 10490 10354
f 10359 10491 10356
f 10491 10492 10356
f 10492 10489 10356
f 10491 10359 10476
f 10359 10365 10476
f 10544 10254 10493
f 10254 10253 10493
f 10493 10253 10494
f 10253 10252 10494
f 10252 10251 10494
f 10243 10495 10246
f 10495 10496 10246
f 10494 10251 10496
f 10496 10251 10246
f 10243 10245 10495
f 10495 10245 10497
f 10245 10292 10497
f 10497 10292 10498
f 10292 10291 10498
f 10499 10498 10291
f 10297 10501 10288
f 10501 10499 10288
f 10288 10499 10291
f 10296 10295 10500
f 10296 10500 10297
f 10500 10501 10297
f 10295 10502 10500
f 10502 10295 10503
f 10295 10293 10503
f 10293 10294 10503
f 10503 10294 10504
f 10294 10305 10504
f 10305 10303 10504
f 10505 10303 10309
f 10504 10303 10505
f 10508 10506 10308
f 10308 10506 10309
f 10506 10505 10309
f 10307 10315 10507
f 10507 10315 10509
f 10507 10508 10307
f 10307 10508 10308
f 10509 10315 10510
f 10315 10314 10510
f 10510 10314 10511
f 10314 10313 10511
f 10511 10313 10334
f 10512 10328 10513
f 10328 10512 10334
f 10512 10511 10334
f 10326 10515 10327
f 10515 10513 10327
f 10327 10513 10328
f 10325 10514 10326
f 10514 10515 10326
f 10514 10325 10516
f 10325 10335 10516
f 10516 10335 10517
f 10335 10336 10517
f 10324 10518 10336
f 10518 10517 10336
f 10519 10518 10324
f 10519 10323 10520
f 10323 10519 10324
f 10323 10321 10520
f 10522 10520 10321
f 10319 10521 10320
f 10521 10522 10320
f 10320 10522 10321
f 10319 10338 10521
f 10521 10338 10523
f 10338 10339 10523
f 10523 10339 10524
f 10339 10337 10524
f 10337 10342 10524
f 10524 10342 10525
f 10525 10342 10526
f 10342 10341 10526
f 10526 10341 10527
f 10341 10340 10527
f 10528 10527 10340
f 10528 10340 10529
f 10340 10344 10529
f 10344 10343 10529
f 10529 10343 10530
f 10343 10347 10530
f 10530 10347 10531
f 10347 10346 10531
f 10351 10532 10345
f 10531 10346 10533
f 10346 10345 10533
f 10533 10345 10532
f 10532 10351 10534
f 10351 10348 10534
f 10534 10348 10535
f 10535 10348 10536
f 10348 10350 10536
f 10349 10537 10350
f 10350 10537 10536
f 10537 10349 10538
f 10349 10276 10538
f 10538 10276 10539
f 10276 10270 10539
f 10255 10540 10257
f 10540 10541 10257
f 10539 10270 10541
f 10270 10257 10541
f 10255 10256 10540
f 10540 10256 10542
f 10256 10353 10542
f 10542 10353 10543
f 10353 10352 10543
f 10254 10544 10352
f 10352 10544 10543
f 10498 10499 10501
f 10501 10500 10498
f 10498 10500 10502
f 10503 10497 10502
f 10497 10498 10502
f 10545 10542 10546
f 10542 10543 10546
f 10531 10533 10535
f 10533 10532 10534
f 10533 10534 10535
f 10536 10530 10535
f 10530 10531 10535
f 10524 10525 10528
f 10525 10526 10527
f 10525 10527 10528
f 10529 10523 10528
f 10523 10524 10528
f 10517 10547 10516
f 10547 10548 10516
f 10510 10504 10509
f 10504 10505 10509
f 10505 10506 10508
f 10508 10507 10505
f 10507 10509 10505
f 10493 10494 10544
f 10494 10496 10544
f 10496 10495 10544
f 10537 10538 10539
f 10539 10541 10537
f 10541 10540 10537
f 10518 10519 10520
f 10518 10520 10522
f 10522 10521 10518
f 10537 10540 10536
f 10540 10542 10536
f 10542 10545 10536
f 10536 10545 10530
f 10530 10545 10529
f 10545 10547 10529
f 10547 10517 10529
f 10529 10517 10523
f 10523 10517 10521
f 10517 10518 10521
f 10511 10512 10513
f 10511 10513 10515
f 10515 10514 10511
f 10544 10495 10543
f 10495 10497 10543
f 10497 10503 10543
f 10543 10503 10546
f 10546 10503 10548
f 10503 10504 10548
f 10504 10510 10548
f 10548 10510 10516
f 10516 10510 10514
f 10510 10511 10514
f 10548 10547 10549
f 10547 10550 10549
f 10551 10550 10545
f 10545 10550 10547
f 10545 10546 10551
f 10546 10552 10551
f 10552 10546 10549
f 10546 10548 10549
f 10552 10549 10551
f 10549 10550 10551
f 10554 10491 10553
f 10491 10476 10553
f 10553 10476 10475
f 10491 10554 10492
f 10490 10488 10555
f 10488 10489 10555
f 10555 10489 10554
f 10489 10492 10554
f 10482 10483 10560
f 10560 10483 10486
f 10556 10481 10560
f 10481 10482 10560
f 10557 10479 10480
f 10557 10480 10556
f 10556 10480 10481
f 10475 10477 10553
f 10553 10477 10558
f 10558 10477 10557
f 10477 10478 10557
f 10478 10479 10557
f 10486 10485 10559
f 10559 10560 10486
f 10485 10484 10559
f 10559 10484 10561
f 10487 10563 10484
f 10563 10561 10484
f 10555 10562 10490
f 10487 10490 10563
f 10563 10490 10562
f 10564 10565 10554
f 10554 10565 10555
f 10574 10562 10565
f 10562 10555 10565
f 10566 10568 10567
f 10573 10566 10569
f 10569 10566 10567
f 10573 10569 10571
f 10571 10572 10570
f 10571 10570 10573
f 10574 10565 10568
f 10565 10564 10568
f 10567 10568 10575
f 10568 10564 10575
f 10575 10564 10576
f 10554 10553 10564
f 10553 10576 10564
f 10567 10575 10558
f 10558 10575 10553
f 10575 10576 10553
f 10569 10558 10557
f 10569 10567 10558
f 10557 10556 10569
f 10556 10571 10569
f 10556 10560 10571
f 10571 10560 10572
f 10560 10559 10572
f 10572 10559 10570
f 10559 10561 10570
f 10570 10561 10573
f 10563 10566 10561
f 10566 10573 10561
f 10562 10574 10563
f 10574 10568 10563
f 10566 10563 10568
f 10414 10577 10415
f 10577 10578 10415
f 10578 10579 10415
f 10415 10579 10412
f 10412 10579 10411
f 10579 10580 10411
f 10411 10580 10410
f 10410 10580 10408
f 10580 10581 10408
f 10409 10408 10582
f 10582 10408 10581
f 10582 10407 10409
f 10584 10419 10583
f 10414 10413 10577
f 10577 10413 10584
f 10413 10419 10584
f 10585 10586 10417
f 10418 10417 10583
f 10583 10417 10586
f 10419 10418 10583
f 10585 10406 10587
f 10587 10406 10582
f 10406 10407 10582
f 10585 10417 10406
f 10417 10416 10406
f 10396 10394 10588
f 10416 10396 10588
f 10588 10589 10416
f 10416 10589 10406
f 10589 10590 10406
f 10394 10395 10591
f 10394 10591 10588
f 10598 10592 10398
f 10398 10592 10593
f 10593 10594 10398
f 10398 10594 10397
f 10397 10594 10399
f 10591 10395 10595
f 10395 10399 10595
f 10595 10399 10594
f 10596 10403 10405
f 10597 10401 10596
f 10401 10404 10596
f 10404 10403 10596
f 10597 10598 10401
f 10401 10598 10402
f 10598 10398 10400
f 10400 10402 10598
f 10405 10406 10596
f 10596 10406 10590
f 10590 10599 10596
f 10599 10600 10596
f 10600 10601 10596
f 10600 10608 10602
f 10602 10603 10600
f 10603 10604 10600
f 10600 10604 10605
f 10600 10605 10601
f 10599 10606 10600
f 10600 10606 10607
f 10607 10608 10600
f 10590 10589 10599
f 10589 10606 10599
f 10588 10591 10607
f 10607 10591 10608
f 10591 10595 10608
f 10606 10589 10607
f 10589 10588 10607
f 10595 10594 10602
f 10594 10593 10602
f 10602 10593 10603
f 10593 10592 10603
f 10603 10592 10604
f 10602 10608 10595
f 10598 10597 10605
f 10592 10598 10604
f 10604 10598 10605
f 10597 10596 10605
f 10596 10601 10605
f 10609 10610 10582
f 10610 10611 10582
f 10582 10611 10587
f 10612 10613 10610
f 10613 10614 10610
f 10614 10615 10610
f 10615 10611 10610
f 10609 10616 10610
f 10610 10616 10617
f 10610 10617 10618
f 10610 10618 10619
f 10619 10612 10610
f 10582 10581 10609
f 10609 10581 10616
f 10616 10581 10617
f 10581 10580 10617
f 10580 10579 10617
f 10617 10579 10618
f 10579 10578 10618
f 10618 10578 10619
f 10619 10577 10612
f 10577 10584 10612
f 10578 10577 10619
f 10583 10586 10613
f 10613 10586 10614
f 10612 10584 10613
f 10584 10583 10613
f 10586 10585 10614
f 10614 10585 10615
f 10585 10587 10615
f 10587 10611 10615
f 10621 10861 10622
f 10635 10626 8856
f 8873 8872 8642
f 257 10770 291
f 10770 10636 291
f 10637 10638 291
f 10639 10637 291
f 10636 10640 291
f 10640 10639 291
f 291 10638 8850
f 8849 8848 291
f 8848 8847 291
f 8845 8844 303
f 291 8847 8846
f 291 8846 303
f 303 8846 8845
f 254 8647 8868
f 8868 8867 254
f 254 8867 245
f 245 8867 8866
f 245 8866 8865
f 8636 8635 8879
f 8879 8635 8837
f 8838 8837 8635
f 8840 8839 8635
f 8635 8839 8838
f 8841 8840 8635
f 8842 8841 8634
f 8634 8841 8635
f 8843 8842 8634
f 8844 8843 303
f 303 8843 8634
f 8850 8849 291
f 10641 8852 8851
f 10641 8851 8850
f 8853 8852 10642
f 10642 8852 10641
f 10857 8854 8853
f 8855 8854 10857
f 8858 8857 10643
f 8859 8858 10644
f 10644 10645 8859
f 10646 8859 10645
f 8860 8859 10646
f 10647 8861 8860
f 8862 8861 10648
f 10752 8863 8862
f 10632 233 10649
f 233 245 10649
f 245 8865 8864
f 8869 8868 8647
f 8647 8870 8869
f 8647 8871 8870
f 8642 8872 8647
f 8872 8871 8647
f 8874 8873 8642
f 8636 8874 8642
f 8875 8636 8876
f 8875 8874 8636
f 8877 8876 8636
f 8878 8877 8636
f 8636 8879 8878
f 8850 10638 10651
f 10651 10638 10652
f 10653 10620 10650
f 10656 10655 10652
f 10652 10655 10653
f 10638 10656 10652
f 10620 10653 10654
f 10654 10653 10655
f 10660 10658 10659
f 10659 10658 10868
f 10657 10660 10659
f 10642 10662 10657
f 10661 10664 10641
f 10868 10658 10641
f 10658 10661 10641
f 10664 10663 10641
f 10641 10663 10642
f 10663 10662 10642
f 10665 10667 10666
f 10667 10668 10666
f 10668 10669 10666
f 10666 10669 10670
f 10673 10672 10624
f 10672 10665 10624
f 10675 10676 10674
f 10676 10671 10674
f 10674 10671 10673
f 10671 10672 10673
f 10670 10675 10674
f 10670 10669 10677
f 10635 10680 10626
f 10626 10680 10678
f 10845 10681 8855
f 10681 8856 8855
f 10682 10683 10684
f 10683 10634 10684
f 10681 10683 10682
f 10681 10682 8856
f 10682 10635 8856
f 10634 10692 10684
f 10692 10686 10684
f 10684 10686 10685
f 10688 10679 10687
f 10690 10689 10687
f 10687 10689 10688
f 10634 10689 10690
f 10634 10690 10692
f 10690 10691 10692
f 10679 10688 10798
f 10693 8836 8856
f 10695 10696 10694
f 10699 10693 10698
f 10697 10699 10698
f 10696 10700 10694
f 10694 10700 10698
f 10700 10697 10698
f 10701 10702 10693
f 8836 10693 10702
f 10701 10705 10702
f 10706 10703 10704
f 10708 10709 10707
f 8836 10707 10628
f 10628 10711 10710
f 10711 10709 10710
f 10710 10709 10708
f 10712 10643 8836
f 10643 8857 8836
f 10716 10715 10714
f 10714 10715 10713
f 10710 10718 10716
f 10716 10718 10715
f 10718 10717 10715
f 10720 10721 10722
f 10719 10720 10722
f 8836 10713 10712
f 10712 10713 10723
f 10723 10724 10712
f 10722 10725 10719
f 10726 10724 10723
f 10719 10725 10723
f 10725 10726 10723
f 10643 10728 10729
f 10727 10731 10721
f 10730 10728 10643
f 10721 10731 10643
f 10731 10730 10643
f 10732 10727 10720
f 10720 10727 10721
f 10733 10734 10729
f 10734 10733 10735
f 10732 10737 10727
f 10736 10737 10732
f 10735 10736 10734
f 10734 10736 10732
f 10739 10738 10646
f 10739 10747 10633
f 10633 10747 10743
f 10743 10740 10633
f 10745 10743 10744
f 10744 10743 10747
f 10742 10741 10744
f 10741 10745 10744
f 10647 8860 10742
f 10742 8860 10741
f 8860 10646 10741
f 10748 10749 10744
f 10747 10748 10744
f 10748 10750 10749
f 10749 10751 10744
f 10647 10751 10749
f 10760 10753 10755
f 10753 10754 10755
f 10758 10759 10754
f 10756 10760 10755
f 10757 10760 10756
f 10630 10757 10756
f 10754 10753 10758
f 10763 10761 245
f 245 10761 10649
f 10630 10762 10752
f 10762 10763 10752
f 8864 8863 245
f 8863 10752 245
f 245 10752 10763
f 10630 10769 10762
f 10769 10765 10762
f 10762 10765 10764
f 10630 10767 10769
f 10767 10768 10769
f 10631 233 10632
f 10771 10770 257
f 10771 10772 10770
f 10620 10654 10771
f 10654 10772 10771
f 10773 10777 10648
f 10648 10777 10774
f 10781 10776 10775
f 10648 10774 10778
f 10776 10779 10775
f 10775 10779 10648
f 10779 10773 10648
f 10777 10773 10783
f 10782 10783 10773
f 10756 10784 10781
f 10780 10785 10755
f 10648 10778 10755
f 10778 10780 10755
f 10785 10784 10755
f 10755 10784 10756
f 10766 10781 10786
f 10790 10794 10789
f 10790 10791 10788
f 10790 10789 10791
f 10791 10789 10792
f 10647 10749 10793
f 10793 10795 10647
f 10795 10794 10647
f 10786 10796 10750
f 10797 10749 10796
f 10749 10750 10796
f 10750 10798 10786
f 10750 10746 10798
f 10799 10802 10645
f 10802 10803 10645
f 10800 10804 10801
f 10804 10799 10801
f 10801 10799 10645
f 10802 10799 10808
f 10807 10808 10799
f 10809 10806 10739
f 10805 10810 10646
f 10645 10803 10646
f 10803 10805 10646
f 10810 10809 10646
f 10646 10809 10739
f 10806 10800 10739
f 10739 10800 10747
f 10734 10814 10644
f 10644 10814 10811
f 10814 10813 10811
f 10734 8858 10729
f 8858 10643 10729
f 10732 10629 10734
f 10643 10712 10815
f 10643 10815 10816
f 10721 10818 10722
f 10817 10818 10721
f 10816 10817 10643
f 10643 10817 10721
f 10713 8836 10714
f 8836 10627 10714
f 10714 10627 10820
f 10820 10821 10714
f 10714 10821 10716
f 10716 10821 10819
f 10823 10824 10716
f 10819 10822 10716
f 10822 10823 10716
f 10819 10825 10822
f 10822 10825 10826
f 10825 10827 10826
f 10628 10627 8836
f 10830 10828 10628
f 10829 10830 10710
f 10710 10830 10628
f 10831 10832 10828
f 10828 10832 10628
f 10832 10627 10628
f 10833 10834 10828
f 10834 10831 10828
f 10824 10829 10716
f 10716 10829 10710
f 10835 10836 10837
f 10836 10838 10839
f 10836 10839 10837
f 10693 8856 10698
f 10698 8856 10837
f 10626 10625 8856
f 10837 8856 10835
f 8856 10625 10835
f 10835 10625 10840
f 10625 10841 10840
f 10842 10843 10678
f 10678 10843 10626
f 10694 10842 10678
f 10673 10624 10844
f 10844 10845 10673
f 10624 10850 10844
f 10850 10847 10844
f 10844 10847 10846
f 10665 10688 10848
f 10848 10624 10665
f 10624 10849 10850
f 257 10798 10851
f 10798 10853 10851
f 10853 10623 10851
f 10666 10854 10853
f 10666 10670 10854
f 10674 10857 10855
f 10855 10856 10674
f 10674 10856 10670
f 10670 10856 10854
f 10852 10859 10858
f 10858 10859 10857
f 10864 10862 10863
f 10863 10862 10866
f 10862 8853 10866
f 8853 10642 10866
f 10864 10863 10865
f 10657 10867 10642
f 10867 10866 10642
f 10867 257 10861
f 10867 10861 10621
f 257 10659 10771
f 10869 10870 10641
f 10870 10868 10641
f 10876 10869 10650
f 10869 8850 10650
f 10650 8850 10651
f 10771 10872 10871
f 10871 10872 10873
f 10871 10875 10771
f 10771 10875 10620
f 10620 10874 10650
f 10875 10877 10620
f 10874 10878 10650
f 10878 10876 10650
f 8850 10869 10641
f 10659 257 10657
f 10657 257 10867
f 10862 10858 8853
f 8853 10858 10857
f 10879 10881 10858
f 10858 10881 10852
f 10862 10860 10880
f 10862 10880 10858
f 10880 10879 10858
f 10860 10882 10880
f 10852 10881 10860
f 10881 10882 10860
f 10860 10861 10852
f 10861 257 10852
f 10852 257 10851
f 10857 10674 8855
f 10674 10673 8855
f 8855 10673 10845
f 10853 10798 10666
f 10666 10798 10665
f 10665 10798 10688
f 10694 10678 10695
f 10884 10883 10702
f 10705 10706 10702
f 10706 10704 10702
f 10702 10704 10891
f 10891 10884 10702
f 10888 10886 10710
f 10886 10704 10710
f 10883 10885 10708
f 10885 10887 10708
f 10883 10708 10702
f 10702 10708 8836
f 10708 10707 8836
f 10889 10884 10890
f 10890 10884 10891
f 10708 10887 10710
f 10887 10888 10710
f 10703 10695 10704
f 10695 10678 10704
f 10704 10678 10710
f 10679 10798 10678
f 10678 10798 10710
f 10710 10798 10718
f 10644 10811 10892
f 10644 10892 10645
f 10892 10893 10645
f 10893 10894 10645
f 10645 10894 10801
f 10811 10895 10892
f 10801 10894 10811
f 10894 10895 10811
f 10811 10812 10801
f 10812 10747 10801
f 10801 10747 10800
f 8858 10734 10644
f 10646 10738 10741
f 10719 10718 10720
f 10718 10798 10720
f 10720 10798 10812
f 10812 10798 10747
f 10747 10798 10746
f 10648 10896 10775
f 10898 10899 10648
f 10896 10900 10904
f 10648 10899 10896
f 10896 10899 10900
f 10901 10898 10648
f 10788 10897 10902
f 10790 10901 10648
f 10903 10904 10900
f 10775 10897 10788
f 10788 10902 10790
f 10781 10775 10786
f 10775 10788 10786
f 10786 10788 10787
f 10647 10794 8861
f 10794 10790 8861
f 8861 10790 10648
f 10648 10755 8862
f 8862 10755 10752
f 10755 10754 10752
f 10781 10766 10756
f 10756 10766 10630
f 10630 10766 10767
f 10798 233 10786
f 10786 233 10766
f 10766 233 10631
f 257 233 10798
f 10905 10653 10650
f 10905 10650 10906
f 10907 10905 10906
f 10907 10908 10905
f 10907 10906 10651
f 10651 10906 10650
f 10907 10651 10652
f 10907 10652 10908
f 10652 10653 10908
f 10908 10653 10905
f 10662 10910 10657
f 10910 10909 10657
f 10662 10663 10910
f 10663 10664 10910
f 10910 10664 10911
f 10911 10664 10912
f 10912 10664 10661
f 10913 10912 10658
f 10658 10912 10661
f 10913 10658 10914
f 10658 10660 10914
f 10909 10914 10657
f 10914 10660 10657
f 10915 10916 10917
f 10916 10918 10917
f 10915 10881 10879
f 10915 10879 10916
f 10918 10916 10880
f 10916 10879 10880
f 10918 10880 10917
f 10880 10882 10917
f 10915 10917 10881
f 10917 10882 10881
f 10919 10926 10669
f 10669 10926 10677
f 10669 10668 10919
f 10668 10667 10919
f 10919 10667 10920
f 10921 10920 10665
f 10920 10667 10665
f 10672 10922 10665
f 10922 10921 10665
f 10672 10671 10922
f 10671 10676 10922
f 10922 10676 10923
f 10923 10676 10675
f 10923 10675 10924
f 10924 10675 10925
f 10925 10675 10670
f 10925 10670 10926
f 10670 10677 10926
f 10929 10679 10678
f 10929 10678 10927
f 10930 10931 10932
f 10931 10937 10932
f 10929 10928 10933
f 10928 10938 10933
f 10935 10934 10930
f 10934 10931 10930
f 10928 10929 10936
f 10929 10927 10936
f 10934 10935 10927
f 10935 10936 10927
f 10680 10934 10678
f 10934 10927 10678
f 10931 10934 10635
f 10635 10934 10680
f 10931 10635 10937
f 10635 10682 10937
f 10937 10682 10684
f 10937 10684 10932
f 10930 10932 10685
f 10932 10684 10685
f 10930 10685 10686
f 10930 10686 10935
f 10936 10935 10692
f 10692 10935 10686
f 10936 10692 10691
f 10936 10691 10928
f 10938 10928 10690
f 10928 10691 10690
f 10938 10690 10687
f 10938 10687 10933
f 10933 10687 10929
f 10687 10679 10929
f 10693 10939 10701
f 10939 10947 10701
f 10701 10947 10705
f 10939 10693 10940
f 10693 10699 10940
f 10940 10699 10941
f 10941 10699 10697
f 10942 10941 10700
f 10941 10697 10700
f 10700 10696 10942
f 10942 10696 10943
f 10944 10943 10695
f 10695 10943 10696
f 10944 10695 10945
f 10695 10703 10945
f 10945 10703 10946
f 10946 10703 10706
f 10947 10946 10705
f 10946 10706 10705
f 10948 10711 10628
f 10948 10628 10949
f 10950 10948 10949
f 10950 10951 10948
f 10950 10949 10707
f 10707 10949 10628
f 10950 10707 10709
f 10950 10709 10951
f 10709 10711 10951
f 10951 10711 10948
f 10713 10952 10723
f 10952 10954 10723
f 10952 10953 10954
f 10953 10952 10956
f 10954 10953 10955
f 10953 10957 10955
f 10952 10713 10956
f 10713 10715 10956
f 10953 10956 10717
f 10956 10715 10717
f 10957 10953 10718
f 10718 10953 10717
f 10957 10718 10955
f 10718 10719 10955
f 10723 10954 10719
f 10954 10955 10719
f 10958 10959 10729
f 10729 10959 10733
f 10959 10965 10733
f 10733 10965 10735
f 10729 10728 10958
f 10958 10728 10960
f 10960 10728 10730
f 10961 10960 10731
f 10960 10730 10731
f 10962 10961 10727
f 10727 10961 10731
f 10962 10727 10963
f 10727 10737 10963
f 10963 10737 10964
f 10964 10737 10736
f 10965 10964 10735
f 10964 10736 10735
f 10969 10967 10968
f 10967 10966 10968
f 10966 10894 10893
f 10966 10893 10968
f 10969 10968 10892
f 10968 10893 10892
f 10969 10892 10967
f 10892 10895 10967
f 10966 10967 10894
f 10967 10895 10894
f 10970 10972 10739
f 10972 10738 10739
f 10740 10972 10975
f 10974 10973 10740
f 10973 10971 10740
f 10972 10970 10975
f 10971 10972 10740
f 10633 10970 10739
f 10970 10633 10975
f 10975 10633 10740
f 10974 10740 10743
f 10745 10973 10974
f 10974 10743 10745
f 10971 10973 10741
f 10973 10745 10741
f 10972 10971 10741
f 10741 10738 10972
f 10976 10977 10978
f 10977 10979 10978
f 10976 10647 10977
f 10647 10742 10977
f 10979 10977 10744
f 10977 10742 10744
f 10979 10744 10978
f 10744 10751 10978
f 10976 10978 10647
f 10978 10751 10647
f 10988 10900 10899
f 10988 10899 10980
f 10899 10898 10980
f 10980 10898 10981
f 10898 10901 10981
f 10982 10981 10790
f 10981 10901 10790
f 10983 10982 10902
f 10982 10790 10902
f 10902 10897 10983
f 10983 10897 10984
f 10985 10984 10897
f 10985 10897 10775
f 10775 10896 10985
f 10985 10896 10986
f 10987 10986 10904
f 10986 10896 10904
f 10987 10904 10903
f 10988 10903 10900
f 10759 10990 10991
f 10990 10992 10991
f 10995 10759 10989
f 10993 10994 10989
f 10994 10995 10989
f 10759 10995 10990
f 10989 10758 10753
f 10989 10753 10993
f 10993 10753 10760
f 10993 10760 10994
f 10994 10760 10995
f 10760 10757 10995
f 10990 10995 10630
f 10995 10757 10630
f 10992 10990 10752
f 10990 10630 10752
f 10992 10752 10991
f 10752 10754 10991
f 10991 10754 10759
f 10989 10759 10758
f 10998 10631 10632
f 10998 10632 10996
f 10999 11000 11001
f 11000 11006 11001
f 10998 10997 11002
f 10997 11008 11002
f 11004 11003 10999
f 11003 11000 10999
f 10997 10998 11005
f 10998 10996 11005
f 11003 11004 10996
f 11004 11005 10996
f 11006 11007 11001
f 10649 11003 10632
f 11003 10996 10632
f 11000 11003 10761
f 10761 11003 10649
f 11000 10761 11006
f 10761 10763 11006
f 11006 10763 11007
f 11007 10763 10762
f 11007 10762 11001
f 10999 11001 10764
f 11001 10762 10764
f 10999 10764 10765
f 10999 10765 11004
f 11005 11004 10769
f 10769 11004 10765
f 11005 10769 10768
f 11005 10768 10997
f 11008 10997 10767
f 10997 10768 10767
f 11008 10767 10766
f 11008 10766 11002
f 11002 10766 10998
f 10766 10631 10998
f 10772 10654 11009
f 11009 10654 11010
f 11010 10654 10655
f 11010 10655 11011
f 10655 10656 11011
f 10638 11012 10656
f 11012 11011 10656
f 11012 10638 11013
f 10638 10637 11013
f 11013 10637 11014
f 11014 10637 10639
f 11014 10639 11015
f 10640 11015 10639
f 11015 10640 10636
f 11015 10636 11016
f 10770 11017 10636
f 11017 11016 10636
f 11017 10770 11018
f 10770 10772 11018
f 11018 10772 11009
f 10773 10779 11019
f 11019 10779 11020
f 10779 10776 11020
f 11020 10776 11021
f 11022 11021 10781
f 10781 11021 10776
f 10781 10784 11022
f 11022 10784 11023
f 11024 11023 10785
f 11023 10784 10785
f 10785 10780 11024
f 11024 10780 11025
f 11026 11025 10778
f 11025 10780 10778
f 11026 10778 10774
f 11026 10774 10777
f 11026 10777 11027
f 11028 11027 10783
f 11027 10777 10783
f 11028 10783 10782
f 11019 10782 10773
f 10786 11029 10796
f 10792 10787 11031
f 10787 11032 11031
f 11029 11030 10797
f 11034 11033 10792
f 11033 10795 10792
f 10792 10795 10787
f 11030 10787 10797
f 10787 10795 10797
f 10797 10795 11035
f 10795 11036 11035
f 11029 10786 11030
f 10787 11030 10786
f 11032 10787 10788
f 10788 10791 11032
f 11032 10791 11031
f 11031 10791 10792
f 11034 10792 10789
f 10794 11034 10789
f 11034 10794 11033
f 11033 10794 10795
f 11036 10795 10793
f 11036 10793 11035
f 11035 10793 10749
f 11035 10749 10797
f 10796 11029 10797
f 11038 10750 11037
f 11040 11038 11037
f 11039 11038 11040
f 10750 10748 11037
f 11037 10748 11040
f 10748 10747 11040
f 11040 10747 11039
f 10747 10746 11039
f 11039 10746 11038
f 11038 10746 10750
f 11041 10799 10804
f 11041 10804 11042
f 11043 11042 10800
f 10800 11042 10804
f 10800 10806 11043
f 11043 10806 11044
f 11044 10806 11045
f 11045 10806 10809
f 11046 11045 10810
f 11045 10809 10810
f 10810 10805 11046
f 11046 10805 11047
f 11048 11047 10803
f 11047 10805 10803
f 10803 10802 11048
f 11048 10802 11049
f 11050 11049 10808
f 11049 10802 10808
f 10808 10807 11050
f 11041 10807 10799
f 10813 11052 11056
f 11052 11053 11056
f 11051 11052 10629
f 11052 10813 10629
f 10629 10813 11054
f 10813 11055 11054
f 11051 10732 10720
f 11051 10720 11052
f 11053 11052 10812
f 11052 10720 10812
f 11053 10812 10811
f 11053 10811 11056
f 11056 10811 10813
f 10814 11055 10813
f 10734 11055 10814
f 11055 10734 11054
f 10629 11054 10734
f 11051 10629 10732
f 11057 11058 10712
f 10712 11058 10815
f 11058 11064 10815
f 10815 11064 10816
f 10712 10724 11057
f 11057 10724 11059
f 11059 10724 10726
f 11060 11059 10725
f 11059 10726 10725
f 11061 11060 10722
f 10722 11060 10725
f 11061 10722 11062
f 10722 10818 11062
f 11062 10818 11063
f 11063 10818 10817
f 11064 11063 10816
f 11063 10817 10816
f 10824 10823 11072
f 11072 10823 11065
f 11066 11068 11067
f 11066 11069 11068
f 11066 11067 11070
f 11071 11072 11073
f 11073 11072 11074
f 11070 11067 11075
f 11067 11076 11075
f 11075 11076 11077
f 11065 11078 11074
f 11072 11065 11074
f 11065 11079 11078
f 11071 11073 11080
f 11073 11081 11080
f 11078 11079 11069
f 11079 11068 11069
f 11065 10823 10822
f 11065 10822 11079
f 11079 10822 10826
f 11079 10826 11068
f 10826 10827 11068
f 11068 10827 11067
f 11067 10827 10825
f 11067 10825 11076
f 10825 10819 11076
f 11076 10819 10821
f 11076 10821 11077
f 10821 10820 11077
f 11077 10820 11075
f 10820 10627 11075
f 11075 10627 11070
f 10627 10832 11070
f 11070 10832 11066
f 11066 10832 11069
f 10832 10831 11069
f 10831 10834 11069
f 11069 10834 11078
f 11078 10834 11074
f 10834 10833 11074
f 11074 10833 11073
f 10833 10828 11073
f 11073 10828 11081
f 10828 10830 11081
f 11081 10830 11080
f 10830 10829 11080
f 11071 11080 10829
f 11071 10829 11072
f 10829 10824 11072
f 11082 11090 10887
f 11090 10888 10887
f 11082 11089 11084
f 11085 11086 11087
f 11086 11088 11087
f 11091 11083 11089
f 11083 11084 11089
f 11088 11090 11087
f 11087 11090 11084
f 11090 11082 11084
f 10887 10885 11082
f 11082 10885 11089
f 11091 11089 10883
f 11089 10885 10883
f 11091 10883 11083
f 10883 10884 11083
f 11084 11083 10889
f 11083 10884 10889
f 11087 11084 10890
f 11084 10889 10890
f 11085 11087 10891
f 11087 10890 10891
f 10891 10704 11085
f 11085 10704 11086
f 11088 11086 10886
f 11086 10704 10886
f 10886 10888 11088
f 11088 10888 11090
f 11092 10838 10836
f 11099 11094 11095
f 10839 11096 11097
f 11096 11098 11097
f 11092 11093 10838
f 11099 11096 11100
f 10839 10838 11096
f 11096 10838 11100
f 10838 11093 11100
f 11100 11094 11099
f 11095 11094 11101
f 11094 11102 11101
f 10835 11092 10836
f 11092 10835 11093
f 11100 11093 10840
f 11093 10835 10840
f 11100 10840 10841
f 11100 10841 11094
f 11102 11094 10625
f 11094 10841 10625
f 11102 10625 11101
f 10625 10626 11101
f 11095 11101 10843
f 11101 10626 10843
f 10843 10842 11095
f 11095 10842 11099
f 11096 11099 10694
f 11099 10842 10694
f 11098 11096 10698
f 11096 10694 10698
f 10837 11098 10698
f 11098 10837 11097
f 11097 10837 10839
f 11105 10689 11103
f 10689 10634 11103
f 11106 11107 11108
f 11107 11113 11108
f 11105 11104 11109
f 11104 11115 11109
f 11111 11110 11106
f 11110 11107 11106
f 11105 11103 11104
f 11104 11103 11112
f 11110 11111 11103
f 11111 11112 11103
f 11113 11114 11108
f 10683 11110 10634
f 11110 11103 10634
f 11107 11110 10681
f 10681 11110 10683
f 11107 10681 11113
f 10681 10845 11113
f 11113 10845 11114
f 11114 10845 10844
f 11114 10844 11108
f 11106 11108 10846
f 11108 10844 10846
f 11106 10846 10847
f 11106 10847 11111
f 11112 11111 10850
f 10850 11111 10847
f 11112 10850 11104
f 11104 10850 10849
f 11115 11104 10624
f 11104 10849 10624
f 11115 10624 10848
f 11115 10848 11109
f 11109 10848 11105
f 10848 10688 11105
f 10688 10689 11105
f 11117 11118 10856
f 10856 11118 11122
f 11118 11121 11122
f 11117 11120 11118
f 11120 10859 11118
f 11118 10859 11119
f 10859 11116 11119
f 11119 11116 10851
f 10851 11116 10852
f 11118 11119 10623
f 10623 11119 10851
f 10853 11121 10623
f 11121 11118 10623
f 10854 11122 11121
f 11121 10853 10854
f 10856 11122 10854
f 11117 10856 10855
f 10857 11117 10855
f 11117 10857 11120
f 11120 10857 10859
f 10852 11116 10859
f 10861 10860 11129
f 11129 10860 11123
f 11125 11124 11123
f 11124 11127 11123
f 11127 11129 11123
f 11129 11127 10622
f 11127 11128 10622
f 11131 11126 11130
f 11126 10622 11130
f 10622 11128 11130
f 10862 11125 10860
f 11125 11123 10860
f 10862 10864 11125
f 11125 10864 11124
f 11124 10864 11127
f 10864 10865 11127
f 10863 11128 10865
f 11128 11127 10865
f 10866 11128 10863
f 11128 10866 11130
f 11131 11130 10867
f 10867 11130 10866
f 10867 10621 11131
f 11131 10621 11126
f 10622 11126 10621
f 11129 10622 10861
f 11132 11140 10872
f 11140 11133 10872
f 10873 10877 11134
f 10877 11138 11134
f 10878 10870 11135
f 10870 11136 11135
f 10872 11133 10873
f 11133 10870 10873
f 10873 10870 10877
f 10870 10878 10877
f 10877 10878 11137
f 10878 11139 11137
f 10659 11132 10771
f 11132 10659 11140
f 10868 11133 10659
f 11133 11140 10659
f 11133 10868 10870
f 11136 10870 10869
f 11136 10869 11135
f 10869 10876 11135
f 11135 10876 10878
f 11139 10878 10874
f 11139 10874 10620
f 11139 10620 11137
f 11137 10620 10877
f 11138 10877 10875
f 11138 10875 11134
f 11134 10875 10871
f 11134 10871 10873
f 11132 10872 10771
f 11141 10782 11142
f 10782 11019 11142
f 11024 11025 11028
f 11144 11021 11143
f 11019 11020 11142
f 11142 11020 11144
f 11020 11021 11144
f 10782 11024 11028
f 11145 11023 11141
f 11145 11022 11023
f 11028 11025 11027
f 11025 11026 11027
f 10782 11141 11024
f 11024 11141 11023
f 11021 11022 11143
f 11143 11022 11145
f 11141 11146 11145
f 11146 11147 11145
f 11145 11147 11143
f 11146 11141 11142
f 11142 11148 11146
f 11146 11148 11147
f 11147 11148 11143
f 11143 11148 11144
f 11148 11142 11144
f 11149 10807 11150
f 10807 11041 11150
f 11046 11047 11050
f 11150 11041 11151
f 11041 11042 11151
f 10807 11046 11050
f 11153 11045 11152
f 11153 11044 11045
f 11050 11047 11049
f 11047 11048 11049
f 10807 11149 11046
f 11046 11149 11045
f 11149 11152 11045
f 11042 11043 11151
f 11151 11043 11153
f 11153 11043 11044
f 11152 11154 11153
f 11154 11155 11153
f 11154 11149 11150
f 11150 11156 11154
f 11154 11156 11155
f 11155 11156 11153
f 11153 11156 11151
f 11156 11150 11151
f 11149 11154 11152
f 10903 10982 10983
f 11157 10988 11160
f 11158 10982 11159
f 10985 10986 10984
f 10986 10987 10984
f 10984 10987 10983
f 10987 10903 10983
f 10982 10903 11159
f 11159 10903 11157
f 10903 10988 11157
f 10988 10980 11160
f 10982 11158 10981
f 11158 11161 10981
f 11161 11160 10981
f 11160 10980 10981
f 11161 11162 11163
f 11161 11163 11160
f 11158 11159 11162
f 11159 11164 11162
f 11164 11163 11162
f 11163 11164 11160
f 11160 11164 11157
f 11157 11164 11159
f 11161 11158 11162
f 11165 11166 10911
f 11166 10910 10911
f 10910 11166 10909
f 11166 11167 10909
f 10909 11167 10914
f 11167 11168 10914
f 10911 10912 11165
f 10914 11168 10913
f 11168 11169 10913
f 10913 11169 10912
f 11165 10912 11170
f 10912 11169 11170
f 11171 11172 11168
f 11168 11172 11169
f 11171 11167 11172
f 11172 11167 11174
f 11167 11166 11174
f 11166 11173 11174
f 11170 11169 11174
f 11169 11172 11174
f 11174 11173 11170
f 11170 11173 11165
f 11165 11173 11166
f 11168 11167 11171
f 11175 10939 11176
f 10939 10940 11176
f 11176 10940 11177
f 10940 10941 11177
f 11175 10947 10939
f 10945 10946 11178
f 11178 10946 11179
f 11180 10943 11181
f 10943 10944 11181
f 11181 10944 11178
f 10944 10945 11178
f 11177 10941 11180
f 10941 10942 11180
f 10942 10943 11180
f 11179 10946 11175
f 10946 10947 11175
f 11182 11183 11181
f 11181 11183 11180
f 11183 11184 11187
f 11184 11185 11187
f 11185 11186 11187
f 11184 11183 11182
f 11177 11180 11187
f 11180 11183 11187
f 11177 11187 11176
f 11187 11186 11176
f 11186 11185 11176
f 11176 11185 11175
f 11179 11175 11184
f 11175 11185 11184
f 11179 11184 11178
f 11184 11182 11178
f 11178 11182 11181
f 11188 10959 11189
f 10959 10958 11189
f 11189 10958 11190
f 10958 10960 11190
f 11188 10965 10959
f 10963 10964 11191
f 11191 10964 11192
f 10961 10962 11193
f 11193 10962 11194
f 11194 10962 11191
f 10962 10963 11191
f 11190 10960 11193
f 10960 10961 11193
f 11192 10964 11188
f 10964 10965 11188
f 11191 11195 11194
f 11195 11196 11194
f 11194 11196 11193
f 11196 11197 11199
f 11197 11198 11199
f 11198 11200 11201
f 11201 11199 11198
f 11197 11196 11195
f 11197 11195 11202
f 11190 11193 11199
f 11193 11196 11199
f 11199 11201 11190
f 11190 11201 11189
f 11201 11200 11189
f 11200 11198 11189
f 11189 11198 11188
f 11192 11188 11197
f 11188 11198 11197
f 11197 11202 11192
f 11192 11202 11191
f 11202 11195 11191
f 11016 11017 11204
f 11206 11011 11203
f 11011 11012 11203
f 11017 11018 11204
f 11204 11018 11205
f 11018 11009 11205
f 11010 11011 11206
f 11015 11016 11207
f 11207 11016 11204
f 11205 11009 11208
f 11009 11010 11208
f 11208 11010 11206
f 11012 11013 11203
f 11203 11013 11209
f 11013 11014 11209
f 11209 11014 11210
f 11014 11015 11210
f 11210 11015 11207
f 11211 11212 11207
f 11207 11212 11210
f 11211 11213 11212
f 11213 11214 11212
f 11215 11213 11211
f 11216 11212 11214
f 11211 11217 11215
f 11214 11218 11216
f 11212 11216 11210
f 11210 11216 11209
f 11216 11218 11209
f 11209 11218 11203
f 11218 11214 11203
f 11203 11214 11206
f 11214 11213 11206
f 11206 11213 11208
f 11213 11215 11208
f 11208 11215 11205
f 11215 11217 11205
f 11205 11217 11204
f 11217 11211 11204
f 11204 11211 11207
f 11219 11058 11220
f 11058 11057 11220
f 11220 11057 11221
f 11057 11059 11221
f 11219 11064 11058
f 11224 11062 11222
f 11062 11063 11222
f 11060 11061 11223
f 11223 11061 11224
f 11061 11062 11224
f 11221 11059 11223
f 11059 11060 11223
f 11222 11063 11219
f 11063 11064 11219
f 11225 11226 11224
f 11224 11226 11223
f 11226 11227 11229
f 11227 11228 11229
f 11228 11230 11231
f 11231 11229 11228
f 11227 11226 11225
f 11227 11225 11232
f 11221 11223 11229
f 11223 11226 11229
f 11229 11231 11221
f 11221 11231 11220
f 11231 11230 11220
f 11230 11228 11220
f 11220 11228 11219
f 11222 11219 11227
f 11219 11228 11227
f 11227 11232 11222
f 11222 11232 11224
f 11232 11225 11224
f 11233 10921 10922
f 11233 10922 11234
f 11235 11240 10924
f 11237 10921 11238
f 10921 11233 11238
f 11238 11233 11235
f 11233 11239 11235
f 11241 10923 11240
f 10923 10924 11240
f 10922 10923 11234
f 11234 10923 11241
f 10924 10925 10926
f 11235 11239 11240
f 10924 10926 11235
f 11235 10926 11242
f 10926 10919 11242
f 11242 10919 11236
f 10921 11237 10920
f 11237 11243 10920
f 11243 11236 10920
f 10920 11236 10919
f 11243 11237 11244
f 11237 11238 11244
f 11238 11235 11244
f 11235 11245 11244
f 11245 11246 11244
f 11244 11246 11243
f 11243 11246 11236
f 11246 11245 11236
f 11236 11245 11242
f 11245 11235 11242
f 11239 11233 11247
f 11233 11234 11247
f 11234 11248 11247
f 11248 11249 11247
f 11247 11249 11239
f 11239 11249 11240
f 11240 11249 11248
f 11240 11248 11241
f 11241 11248 11234
